B_id,Bprime_id,arm,draw,draw_seed,child_sum_B,child_sum_Bp,parent_B_sum,parent_Bp_sum,margin_on_B,margin_on_Bp,cum_spend
s4_it63,s4_it47,R_Bp,0,2267239824,1.0,1.0833,0.75,1.3333,0.25,-0.25,2.091
s4_it63,s4_it47,R_Bp,1,1549021394,1.0,1.1667,0.75,1.3333,0.25,-0.1667,2.1063
s4_it63,s4_it47,R_B,0,3520163468,1.0,0.8333,0.75,1.3333,0.25,-0.5,2.124
s4_it63,s4_it47,R_Bp,2,2230707379,0.75,1.9167,0.75,1.3333,0.0,0.5833,2.1366
s4_it63,s4_it47,R_B,1,1235097721,1.0,1.6667,0.75,1.3333,0.25,0.3333,2.1506
s4_it63,s4_it47,R_B,2,2694865480,0.25,1.9167,0.75,1.3333,-0.5,0.5833,2.1652
s1_it24,s1_it23,R_Bp,1,2298718077,1.5,1.0333,1.5,1.8167,0.0,-0.7833,2.1787
s1_it24,s1_it23,R_Bp,0,1788235093,1.5,1.6167,1.5,1.8167,0.0,-0.2,2.1886
s1_it24,s1_it23,R_B,2,3173063506,1.5,1.5667,1.5,1.8167,0.0,-0.25,2.1974
s1_it24,s1_it23,R_B,1,1690502805,1.5,1.8167,1.5,1.8167,0.0,0.0,2.2047
s1_it24,s1_it23,R_Bp,2,3164234625,1.75,1.6167,1.5,1.8167,0.25,-0.2,2.2174
s1_it24,s1_it23,R_B,0,691168158,1.5,1.6167,1.5,1.8167,0.0,-0.2,2.2243
s0_it26,s0_it20,R_B,2,1098775530,1.3333,1.6667,1.0833,1.3333,0.25,0.3333,2.2487
s0_it26,s0_it20,R_Bp,1,1086334117,1.0833,1.1667,1.0833,1.3333,0.0,-0.1667,2.2645
s0_it26,s0_it20,R_Bp,2,741708229,0.8333,0.75,1.0833,1.3333,-0.25,-0.5833,2.2782
s0_it26,s0_it20,R_B,1,1358427302,1.0833,1.0833,1.0833,1.3333,0.0,-0.25,2.3304
s0_it26,s0_it20,R_Bp,0,1916808581,0.8333,1.0833,1.0833,1.3333,-0.25,-0.25,2.3441
s0_it26,s0_it20,R_B,0,368700881,0.8333,1.0833,1.0833,1.3333,-0.25,-0.25,2.3603
s0_it11,s0_it3,R_B,2,2620395652,2.1667,1.3333,1.6667,1.3333,0.5,0.0,2.375
s0_it11,s0_it3,R_Bp,1,1494954379,2.1667,1.3333,1.6667,1.3333,0.5,0.0,2.3918
s0_it11,s0_it3,R_B,1,3429258719,1.6667,1.3333,1.6667,1.3333,0.0,0.0,2.4083
s0_it11,s0_it3,R_Bp,2,3370631405,1.6667,1.3333,1.6667,1.3333,0.0,0.0,2.4212
s0_it11,s0_it3,R_Bp,0,814238090,2.1667,1.3333,1.6667,1.3333,0.5,0.0,2.4362
s0_it11,s0_it3,R_B,0,445843618,2.1667,1.3333,1.6667,1.3333,0.5,0.0,2.4493
s3_it8,s3_it10,R_Bp,0,4071631433,1.4333,0.5,1.1,0.75,0.3333,-0.25,2.4641
s3_it8,s3_it10,R_B,2,4012161044,1.4333,1.0,1.1,0.75,0.3333,0.25,2.4756
s3_it8,s3_it10,R_B,1,1866734108,1.9667,0.75,1.1,0.75,0.8667,0.0,2.4882
s3_it8,s3_it10,R_Bp,2,2399606149,1.9667,0.75,1.1,0.75,0.8667,0.0,2.4978
s3_it8,s3_it10,R_Bp,1,2809379992,1.4333,0.75,1.1,0.75,0.3333,0.0,2.5106
s3_it8,s3_it10,R_B,0,331621969,1.4333,1.0,1.1,0.75,0.3333,0.25,2.5196
s3_it41,s3_it30,R_B,2,2338736758,0.4,1.5167,0.6,1.1333,-0.2,0.3833,2.54
s3_it41,s3_it30,R_Bp,0,1058773383,0.9333,1.5167,0.6,1.1333,0.3333,0.3833,2.5605
s3_it41,s3_it30,R_Bp,2,2878521536,0.9333,1.7167,0.6,1.1333,0.3333,0.5833,2.5745
s3_it41,s3_it30,R_Bp,1,2446496773,0.9333,1.0667,0.6,1.1333,0.3333,-0.0667,2.5899
s3_it41,s3_it30,R_B,1,1154326235,1.1333,1.5167,0.6,1.1333,0.5333,0.3833,2.6057
s3_it41,s3_it30,R_B,0,1492001401,1.9333,1.1833,0.6,1.1333,1.3333,0.05,2.6213
s4_it62,s4_it46,R_Bp,2,2392009029,1.8,0.5,1.8,0.5,0.0,0.0,2.6398
s4_it62,s4_it46,R_Bp,1,3430132155,1.6,0.25,1.8,0.5,-0.2,-0.25,2.6532
s4_it62,s4_it46,R_B,1,790112244,1.4,0.25,1.8,0.5,-0.4,-0.25,2.6684
s4_it62,s4_it46,R_B,0,1155094301,1.8,0.25,1.8,0.5,0.0,-0.25,2.6805
s4_it62,s4_it46,R_Bp,0,4136529772,1.6,0.75,1.8,0.5,-0.2,0.25,2.691
s4_it62,s4_it46,R_B,2,1558101871,1.4,0.25,1.8,0.5,-0.4,-0.25,2.7045
s7_it40,s7_it38,R_B,2,3101168374,2.3333,1.5,2.3333,1.25,0.0,0.25,2.7217
s7_it40,s7_it38,R_B,0,3422576147,2.1667,1.8333,2.3333,1.25,-0.1667,0.5833,2.7337
s7_it40,s7_it38,R_Bp,2,379188681,1.8333,0.75,2.3333,1.25,-0.5,-0.5,2.7595
s7_it40,s7_it38,R_B,1,413119881,2.6667,1.5833,2.3333,1.25,0.3333,0.3333,2.7754
s7_it40,s7_it38,R_Bp,0,91453551,1.8333,1.0833,2.3333,1.25,-0.5,-0.1667,2.7924
s7_it40,s7_it38,R_Bp,1,2639141391,1.8333,1.3333,2.3333,1.25,-0.5,0.0833,2.809
s5_it31,s5_it29,R_B,1,1958611930,2.0,0.5833,2.0,0.8333,0.0,-0.25,2.8238
s5_it31,s5_it29,R_Bp,2,862568031,2.0,0.25,2.0,0.8333,0.0,-0.5833,2.8402
s5_it31,s5_it29,R_Bp,1,4186789643,2.0,0.75,2.0,0.8333,0.0,-0.0833,2.8533
s5_it31,s5_it29,R_Bp,0,3180527146,2.0,0.25,2.0,0.8333,0.0,-0.5833,2.8658
s5_it31,s5_it29,R_B,0,847104702,2.0,0.75,2.0,0.8333,0.0,-0.0833,2.8776
s5_it31,s5_it29,R_B,2,3237252234,2.0,0.5,2.0,0.8333,0.0,-0.3333,2.8877
s6_it50,s6_it43,R_Bp,1,610802070,1.3,1.0,1.1,1.0,0.2,0.0,2.9156
s6_it50,s6_it43,R_B,0,886633394,2.1,1.25,1.1,1.0,1.0,0.25,2.9346
s6_it50,s6_it43,R_Bp,2,3743131460,1.3,1.0,1.1,1.0,0.2,0.0,2.9526
s6_it50,s6_it43,R_Bp,0,1159962887,1.3,1.0,1.1,1.0,0.2,0.0,2.9701
s6_it50,s6_it43,R_B,1,449240778,1.3,1.0,1.1,1.0,0.2,0.0,2.9872
s6_it50,s6_it43,R_B,2,3905790680,1.3,1.0,1.1,1.0,0.2,0.0,3.0058
s3_it16,s3_it26,R_B,2,2307166292,2.5,0.5333,2.5,1.0667,0.0,-0.5333,3.0161
s3_it16,s3_it26,R_B,1,1193830173,2.5,0.7333,2.5,1.0667,0.0,-0.3333,3.0241
s3_it16,s3_it26,R_Bp,2,1031560334,2.5,0.7333,2.5,1.0667,0.0,-0.3333,3.0381
s3_it16,s3_it26,R_Bp,0,3764285689,2.5,0.7333,2.5,1.0667,0.0,-0.3333,3.045
s3_it16,s3_it26,R_B,0,2086288884,2.5,0.7333,2.5,1.0667,0.0,-0.3333,3.0524
s3_it16,s3_it26,R_Bp,1,249104266,2.5,0.7333,2.5,1.0667,0.0,-0.3333,3.0622
s5_it36,s5_it29,R_B,1,832217556,2.5,0.5833,2.5,0.8333,0.0,-0.25,3.0873
s5_it36,s5_it29,R_B,0,4118780180,1.5,1.0833,2.5,0.8333,-1.0,0.25,3.1109
s5_it36,s5_it29,R_Bp,0,1699222201,2.5,0.25,2.5,0.8333,0.0,-0.5833,3.1339
s5_it36,s5_it29,R_Bp,1,2078785041,2.5,1.1667,2.5,0.8333,0.0,0.3333,3.152
s5_it36,s5_it29,R_B,2,3352310482,2.5,0.9167,2.5,0.8333,0.0,0.0833,3.1699
s5_it36,s5_it29,R_Bp,2,1385345242,2.5,1.0833,2.5,0.8333,0.0,0.25,3.1877
s3_it38,s3_it30,R_Bp,2,3805484155,0.8333,1.2667,2.1667,1.5167,-1.3333,-0.25,3.2145
s3_it38,s3_it30,R_B,0,3206543146,2.0,1.0667,2.1667,1.5167,-0.1667,-0.45,3.2353
s3_it38,s3_it30,R_B,2,3465705335,2.5,1.7167,2.1667,1.5167,0.3333,0.2,3.25
s3_it38,s3_it30,R_Bp,1,1892031573,2.0,1.9667,2.1667,1.5167,-0.1667,0.45,3.2654
s3_it38,s3_it30,R_B,1,732473458,2.0,1.7667,2.1667,1.5167,-0.1667,0.25,3.282
s3_it38,s3_it30,R_Bp,0,2602217477,1.8333,1.7167,2.1667,1.5167,-0.3333,0.2,3.3001
s2_it11,s2_it8,R_Bp,1,496980251,1.5833,0.6,1.9167,1.1333,-0.3333,-0.5333,3.3169
s2_it11,s2_it8,R_Bp,0,3966618353,2.1667,0.8,1.9167,1.1333,0.25,-0.3333,3.3294
s2_it11,s2_it8,R_B,0,2581007979,2.1667,0.9333,1.9167,1.1333,0.25,-0.2,3.3472
s2_it11,s2_it8,R_B,1,810778847,2.1667,0.9333,1.9167,1.1333,0.25,-0.2,3.3596
s2_it11,s2_it8,R_Bp,2,251467681,1.5833,0.9333,1.9167,1.1333,-0.3333,-0.2,3.3727
s2_it11,s2_it8,R_B,2,1077004818,2.1667,1.4667,1.9167,1.1333,0.25,0.3333,3.3856
s7_it31,s7_it38,R_Bp,0,123378578,2.0,0.75,2.0,1.5833,0.0,-0.8333,3.4035
s7_it31,s7_it38,R_B,2,2673131973,2.0,1.9167,2.0,1.5833,0.0,0.3333,3.4119
s7_it31,s7_it38,R_B,1,772065564,2.0,1.5833,2.0,1.5833,0.0,0.0,3.4201
s7_it31,s7_it38,R_Bp,1,1367099620,2.0,0.8333,2.0,1.5833,0.0,-0.75,3.4324
s7_it31,s7_it38,R_B,0,1664510648,2.0,1.5833,2.0,1.5833,0.0,0.0,3.4421
s7_it31,s7_it38,R_Bp,2,2935749924,2.0,1.3333,2.0,1.5833,0.0,-0.25,3.4575
s1_it8,s1_it5,R_B,0,1866702613,1.75,0.75,1.5,0.75,0.25,0.0,3.4767
s1_it8,s1_it5,R_Bp,0,3071800444,2.25,0.75,1.5,0.75,0.75,0.0,3.4989
s1_it8,s1_it5,R_B,2,2469626319,1.75,0.5,1.5,0.75,0.25,-0.25,3.5134
s1_it8,s1_it5,R_Bp,1,1435924335,1.75,1.0,1.5,0.75,0.25,0.25,3.5292
s1_it8,s1_it5,R_B,1,2573471632,2.25,0.75,1.5,0.75,0.75,0.0,3.543
s1_it8,s1_it5,R_Bp,2,216560052,2.25,1.0,1.5,0.75,0.75,0.25,3.5591
s5_it21,s5_it9,R_Bp,0,2246202666,2.5,1.0,2.5,1.0,0.0,0.0,3.5724
s5_it21,s5_it9,R_Bp,1,2702971708,2.0,1.5,2.5,1.0,-0.5,0.5,3.582
s5_it21,s5_it9,R_B,0,2857213079,2.5,1.0,2.5,1.0,0.0,0.0,3.5971
s5_it21,s5_it9,R_Bp,2,388125112,3.0,1.5,2.5,1.0,0.5,0.5,3.6106
s5_it21,s5_it9,R_B,1,2852127537,1.5,1.0,2.5,1.0,-1.0,0.0,3.6215
s5_it21,s5_it9,R_B,2,1186420738,2.5,1.5,2.5,1.0,0.0,0.5,3.6344
s2_it41,s2_it29,R_Bp,2,3744604739,2.0,1.5833,2.0,1.25,0.0,0.3333,3.6517
s2_it41,s2_it29,R_B,0,818291561,1.5,1.25,2.0,1.25,-0.5,0.0,3.6703
s2_it41,s2_it29,R_Bp,1,3561380518,1.0,1.25,2.0,1.25,-1.0,0.0,3.6835
s2_it41,s2_it29,R_B,2,3006635599,1.5,1.25,2.0,1.25,-0.5,0.0,3.6998
s2_it41,s2_it29,R_Bp,0,1266338771,1.0,1.25,2.0,1.25,-1.0,0.0,3.7133
s2_it41,s2_it29,R_B,1,3171797058,1.5,1.75,2.0,1.25,-0.5,0.5,3.7297
s7_it35,s7_it38,R_B,2,2598550780,2.0,1.5833,1.6667,1.3333,0.3333,0.25,3.7607
s7_it35,s7_it38,R_B,0,3261360277,2.0,1.6667,1.6667,1.3333,0.3333,0.3333,3.7752
s7_it35,s7_it38,R_Bp,0,2911038825,1.6667,1.5833,1.6667,1.3333,0.0,0.25,3.8005
s7_it35,s7_it38,R_Bp,2,1759427769,2.0,1.0833,1.6667,1.3333,0.3333,-0.25,3.8173
s7_it35,s7_it38,R_B,1,4249848167,2.0,1.3333,1.6667,1.3333,0.3333,0.0,3.8318
s7_it35,s7_it38,R_Bp,1,2686862130,1.6667,1.0,1.6667,1.3333,0.0,-0.3333,3.8471
s5_it50,s5_it47,R_B,1,1834835014,0.9333,0.4,1.4333,0.4,-0.5,0.0,3.8705
s5_it50,s5_it47,R_Bp,0,2803313844,1.7667,0.9,1.4333,0.4,0.3333,0.5,3.8963
s5_it50,s5_it47,R_B,0,4123829376,0.9333,0.9,1.4333,0.4,-0.5,0.5,3.9153
s5_it50,s5_it47,R_B,2,138366296,1.4333,2.1,1.4333,0.4,0.0,1.7,3.9332
s5_it50,s5_it47,R_Bp,2,2180949765,1.4333,1.1,1.4333,0.4,0.0,0.7,3.9534
s5_it50,s5_it47,R_Bp,1,1283553279,1.4333,1.4,1.4333,0.4,0.0,1.0,3.9761
s6_it30,s6_it21,R_Bp,1,3527725237,1.0,0.5833,1.0,0.9167,0.0,-0.3333,3.9975
s6_it30,s6_it21,R_Bp,0,1571982025,1.25,0.5833,1.0,0.9167,0.25,-0.3333,4.0125
s6_it30,s6_it21,R_B,1,3645211667,1.25,1.1667,1.0,0.9167,0.25,0.25,4.0318
s6_it30,s6_it21,R_B,0,1231466876,1.0,0.5833,1.0,0.9167,0.0,-0.3333,4.0479
s6_it30,s6_it21,R_B,2,845970835,1.0,0.25,1.0,0.9167,0.0,-0.6667,4.0627
s6_it30,s6_it21,R_Bp,2,3523805458,1.25,1.1667,1.0,0.9167,0.25,0.25,4.0786
s4_it44,s4_it46,R_Bp,1,482979360,1.0,0.5,1.0,0.5,0.0,0.0,4.0955
s4_it44,s4_it46,R_B,1,2462075356,1.0,1.0,1.0,0.5,0.0,0.5,4.1071
s4_it44,s4_it46,R_Bp,2,1689824651,1.5,0.75,1.0,0.5,0.5,0.25,4.1202
s4_it44,s4_it46,R_B,2,2083160185,1.0,0.5,1.0,0.5,0.0,0.0,4.133
s4_it44,s4_it46,R_B,0,1157357983,1.0,0.75,1.0,0.5,0.0,0.25,4.1455
s4_it44,s4_it46,R_Bp,0,3217482561,1.5,0.5,1.0,0.5,0.5,0.0,4.1564
s3_it33,s3_it30,R_Bp,1,1431966806,1.5,1.7667,1.5,1.2667,0.0,0.5,4.1787
s3_it33,s3_it30,R_Bp,0,1317774874,2.25,1.5167,1.5,1.2667,0.75,0.25,4.1948
s3_it33,s3_it30,R_Bp,2,3483416295,1.5,1.7167,1.5,1.2667,0.0,0.45,4.2169
s3_it33,s3_it30,R_B,2,1025633843,2.0,1.7167,1.5,1.2667,0.5,0.45,4.241
s3_it33,s3_it30,R_B,0,2967744104,2.0,1.7667,1.5,1.2667,0.5,0.5,4.2601
s3_it33,s3_it30,R_B,1,2512549451,2.0,1.9667,1.5,1.2667,0.5,0.7,4.2774
s3_it18,s3_it26,R_Bp,1,1911631540,2.3333,0.5333,1.6667,0.9333,0.6667,-0.4,4.2902
s3_it18,s3_it26,R_B,1,1111979452,2.3333,1.0667,1.6667,0.9333,0.6667,0.1333,4.3027
s3_it18,s3_it26,R_Bp,0,295626499,2.0,1.8667,1.6667,0.9333,0.3333,0.9333,4.3133
s3_it18,s3_it26,R_Bp,2,1237162589,2.0,0.8667,1.6667,0.9333,0.3333,-0.0667,4.3234
s3_it18,s3_it26,R_B,0,84828998,1.6667,0.8667,1.6667,0.9333,0.0,-0.0667,4.336
s3_it18,s3_it26,R_B,2,397739216,1.75,1.2,1.6667,0.9333,0.0833,0.2667,4.3481
s3_it17,s3_it26,R_Bp,1,3739203282,2.5,1.0667,1.5,0.2,1.0,0.8667,4.3642
s3_it17,s3_it26,R_B,2,3750457033,1.5,1.0667,1.5,0.2,0.0,0.8667,4.379
s3_it17,s3_it26,R_Bp,0,218926007,1.5,0.8667,1.5,0.2,0.0,0.6667,4.3889
s3_it17,s3_it26,R_B,0,2319102890,3.0,0.2,1.5,0.2,1.5,0.0,4.3994
s3_it17,s3_it26,R_B,1,3663045563,1.5,1.0667,1.5,0.2,0.0,0.8667,4.4111
s3_it17,s3_it26,R_Bp,2,403602372,1.5,0.7333,1.5,0.2,0.0,0.5333,4.4249
s5_it18,s5_it9,R_Bp,1,3371535801,1.75,1.5,2.0,1.0,-0.25,0.5,4.4374
s5_it18,s5_it9,R_B,1,404379980,1.5,1.0,2.0,1.0,-0.5,0.0,4.4509
s5_it18,s5_it9,R_Bp,2,3556559745,1.0,1.0,2.0,1.0,-1.0,0.0,4.4616
s5_it18,s5_it9,R_B,2,856327635,0.75,1.5,2.0,1.0,-1.25,0.5,4.4702
s5_it18,s5_it9,R_B,0,562075793,1.5,1.5,2.0,1.0,-0.5,0.5,4.4825
s5_it18,s5_it9,R_Bp,0,1688695262,1.0,1.5,2.0,1.0,-1.0,0.5,4.493
s3_it9,s3_it8,R_B,0,463469861,1.1667,1.6333,2.0,0.9,-0.8333,0.7333,4.5067
s3_it9,s3_it8,R_B,2,1941880208,1.5,0.9,2.0,0.9,-0.5,0.0,4.5192
s3_it9,s3_it8,R_Bp,2,683299419,1.5,1.6333,2.0,0.9,-0.5,0.7333,4.5337
s3_it9,s3_it8,R_Bp,1,3035126425,1.5,1.3,2.0,0.9,-0.5,0.4,4.5441
s3_it9,s3_it8,R_Bp,0,3310454561,1.5,1.6333,2.0,0.9,-0.5,0.7333,4.5574
s3_it9,s3_it8,R_B,1,1330082005,2.0,1.7667,2.0,0.9,0.0,0.8667,4.5682
s2_it18,s2_it22,R_Bp,0,3215844138,2.1667,1.8,2.1667,1.6,0.0,0.2,4.5826
s2_it18,s2_it22,R_Bp,2,543631772,2.1667,1.6,2.1667,1.6,0.0,0.0,4.5943
s2_it18,s2_it22,R_Bp,1,410248817,1.8333,1.8,2.1667,1.6,-0.3333,0.2,4.6069
s2_it18,s2_it22,R_B,0,3001364504,2.4167,1.4667,2.1667,1.6,0.25,-0.1333,4.6168
s2_it18,s2_it22,R_B,1,855830636,2.5,1.8,2.1667,1.6,0.3333,0.2,4.6245
s2_it18,s2_it22,R_B,2,1083943851,2.75,1.2667,2.1667,1.6,0.5833,-0.3333,4.6316
s5_it14,s5_it9,R_B,1,1838247689,1.6667,1.5,2.3333,1.25,-0.6667,0.25,4.6401
s5_it14,s5_it9,R_Bp,2,2564067276,1.6667,1.0,2.3333,1.25,-0.6667,-0.25,4.6491
s5_it14,s5_it9,R_B,2,2489339112,2.3333,1.5,2.3333,1.25,0.0,0.25,4.6561
s5_it14,s5_it9,R_Bp,1,2234302465,2.0,1.5,2.3333,1.25,-0.3333,0.25,4.6645
s5_it14,s5_it9,R_B,0,1063299839,2.0,1.5,2.3333,1.25,-0.3333,0.25,4.6708
s5_it14,s5_it9,R_Bp,0,2965315060,2.0,1.0,2.3333,1.25,-0.3333,-0.25,4.68
s0_it23,s0_it20,R_B,1,3751334902,2.25,1.0833,1.75,1.0833,0.5,0.0,4.6976
s0_it23,s0_it20,R_Bp,1,1013005233,2.25,1.4167,1.75,1.0833,0.5,0.3333,4.714
s0_it23,s0_it20,R_Bp,0,3663683474,2.25,0.8333,1.75,1.0833,0.5,-0.25,4.728
s0_it23,s0_it20,R_Bp,2,3407993094,2.25,1.3333,1.75,1.0833,0.5,0.25,4.7472
s0_it23,s0_it20,R_B,0,2328148798,2.25,0.8333,1.75,1.0833,0.5,-0.25,4.7623
s0_it23,s0_it20,R_B,2,3774857159,2.25,1.0833,1.75,1.0833,0.5,0.0,4.7763
s4_it28,s4_it24,R_B,0,1840842708,2.6667,1.1,2.6667,0.9,0.0,0.2,4.7973
s4_it28,s4_it24,R_Bp,1,501772886,2.6667,1.1,2.6667,0.9,0.0,0.2,4.8275
s4_it28,s4_it24,R_Bp,0,1532860410,2.6667,0.9,2.6667,0.9,0.0,0.0,4.8468
s4_it28,s4_it24,R_B,1,126766980,2.6667,0.9,2.6667,0.9,0.0,0.0,4.8661
s4_it28,s4_it24,R_Bp,2,2298569815,2.6667,0.9,2.6667,0.9,0.0,0.0,4.8861
s4_it28,s4_it24,R_B,2,2783385616,2.6667,0.9,2.6667,0.9,0.0,0.0,4.9029
s5_it46,s5_it29,R_Bp,2,1948126220,2.0,0.9167,1.6667,1.0833,0.3333,-0.1667,4.9216
s5_it46,s5_it29,R_B,2,966635171,1.6667,0.9167,1.6667,1.0833,0.0,-0.1667,4.9379
s5_it46,s5_it29,R_Bp,1,502041121,1.6667,0.5833,1.6667,1.0833,0.0,-0.5,4.9517
s5_it46,s5_it29,R_Bp,0,467514054,1.6667,1.1667,1.6667,1.0833,0.0,0.0833,4.9671
s5_it46,s5_it29,R_B,0,324065932,1.6667,0.9167,1.6667,1.0833,0.0,-0.1667,4.9788
s5_it46,s5_it29,R_B,1,412086358,2.0,0.9167,1.6667,1.0833,0.3333,-0.1667,4.9939
s0_it10,s0_it3,R_B,0,1985887243,0.7333,1.3333,0.9333,1.3333,-0.2,0.0,5.0211
s0_it10,s0_it3,R_Bp,2,4131611166,1.7333,1.3333,0.9333,1.3333,0.8,0.0,5.0378
s0_it10,s0_it3,R_B,2,3807047925,0.3333,1.0,0.9333,1.3333,-0.6,-0.3333,5.0565
s0_it10,s0_it3,R_Bp,0,3324720120,1.0667,1.3333,0.9333,1.3333,0.1333,0.0,5.0699
s0_it10,s0_it3,R_B,1,2377408112,1.3333,1.0,0.9333,1.3333,0.4,-0.3333,5.0899
s0_it10,s0_it3,R_Bp,1,1124499744,0.7333,1.3333,0.9333,1.3333,-0.2,0.0,5.1048
s5_it13,s5_it9,R_B,2,3592418554,1.8333,0.75,2.1667,1.5,-0.3333,-0.75,5.1306
s5_it13,s5_it9,R_Bp,0,2593087280,1.6667,1.5,2.1667,1.5,-0.5,0.0,5.1485
s5_it13,s5_it9,R_Bp,1,4175692782,2.1667,1.5,2.1667,1.5,0.0,0.0,5.1664
s5_it13,s5_it9,R_B,1,1360032115,2.6667,1.5,2.1667,1.5,0.5,0.0,5.1842
s5_it13,s5_it9,R_B,0,2926513762,2.1667,1.0,2.1667,1.5,0.0,-0.5,5.2036
s5_it13,s5_it9,R_Bp,2,2519758900,1.8333,1.0,2.1667,1.5,-0.3333,-0.5,5.2187
s4_it29,s4_it24,R_Bp,1,566584255,0.9167,0.9,0.9167,0.9,0.0,0.0,5.2509
s4_it29,s4_it24,R_Bp,0,267028664,0.6667,1.1,0.9167,0.9,-0.25,0.2,5.2766
s4_it29,s4_it24,R_B,0,941732532,1.25,1.2,0.9167,0.9,0.3333,0.3,5.3118
s4_it29,s4_it24,R_B,1,2449084353,1.25,1.1,0.9167,0.9,0.3333,0.2,5.337
s4_it29,s4_it24,R_Bp,2,2842060777,1.5,0.9,0.9167,0.9,0.5833,0.0,5.3594
s4_it29,s4_it24,R_B,2,3768124620,1.0,1.9,0.9167,0.9,0.0833,1.0,5.3814
s4_it6,s4_it1,R_Bp,0,601946275,1.6667,0.8667,1.6667,0.7333,0.0,0.1333,5.3993
s4_it6,s4_it1,R_B,0,2620506738,1.6667,0.7333,1.6667,0.7333,0.0,0.0,5.4111
s4_it6,s4_it1,R_Bp,1,3341680045,1.1667,1.0667,1.6667,0.7333,-0.5,0.3333,5.4244
s4_it6,s4_it1,R_B,1,850880852,1.6667,1.0667,1.6667,0.7333,0.0,0.3333,5.4347
s4_it6,s4_it1,R_Bp,2,3263054650,1.6667,0.5333,1.6667,0.7333,0.0,-0.2,5.4487
s4_it6,s4_it1,R_B,2,3607535220,1.6667,0.7333,1.6667,0.7333,0.0,0.0,5.4591
s6_it27,s6_it21,R_B,1,3276782221,2.0833,0.9167,2.3333,0.8333,-0.25,0.0833,5.475
s6_it27,s6_it21,R_B,2,2970114348,2.0833,1.0833,2.3333,0.8333,-0.25,0.25,5.4844
s6_it27,s6_it21,R_Bp,1,2513151020,2.3333,0.5833,2.3333,0.8333,0.0,-0.25,5.5002
s6_it27,s6_it21,R_Bp,2,2243068435,2.0,0.5833,2.3333,0.8333,-0.3333,-0.25,5.5105
s6_it27,s6_it21,R_B,0,380572183,2.3333,1.8333,2.3333,0.8333,0.0,1.0,5.5187
s6_it27,s6_it21,R_Bp,0,2358588873,2.3333,0.9167,2.3333,0.8333,0.0,0.0833,5.5289
s1_it35,s1_it31,R_B,2,1042671791,2.5,0.6667,2.1667,1.0,0.3333,-0.3333,5.5381
s1_it35,s1_it31,R_B,0,3639753765,2.5,1.3333,2.1667,1.0,0.3333,0.3333,5.5464
s1_it35,s1_it31,R_B,1,1417924085,2.5,1.0,2.1667,1.0,0.3333,0.0,5.5538
s1_it35,s1_it31,R_Bp,1,1024672313,2.5,1.0,2.1667,1.0,0.3333,0.0,5.5659
s1_it35,s1_it31,R_Bp,0,2842805387,2.5,1.0,2.1667,1.0,0.3333,0.0,5.5752
s1_it35,s1_it31,R_Bp,2,620713885,2.1667,1.0,2.1667,1.0,0.0,0.0,5.584
s6_it36,s6_it21,R_B,2,1133870570,1.3333,0.5,1.5,1.0833,-0.1667,-0.5833,5.6036
s6_it36,s6_it21,R_Bp,2,1030405876,1.8333,1.1667,1.5,1.0833,0.3333,0.0833,5.6229
s6_it36,s6_it21,R_Bp,0,1128653770,1.8333,0.25,1.5,1.0833,0.3333,-0.8333,5.6401
s6_it36,s6_it21,R_Bp,1,2067203609,1.3333,1.5833,1.5,1.0833,-0.1667,0.5,5.6566
s6_it36,s6_it21,R_B,0,1953176439,1.0,1.1667,1.5,1.0833,-0.5,0.0833,5.6716
s6_it36,s6_it21,R_B,1,4145464949,1.3333,0.25,1.5,1.0833,-0.1667,-0.8333,5.6881
s4_it14,s4_it1,R_Bp,2,3623132857,2.25,0.7333,2.0,0.5333,0.25,0.2,5.7056
s4_it14,s4_it1,R_Bp,0,2863565285,2.25,0.5333,2.0,0.5333,0.25,0.0,5.7207
s4_it14,s4_it1,R_Bp,1,157694257,2.0,0.8667,2.0,0.5333,0.0,0.3333,5.7384
s4_it14,s4_it1,R_B,2,738512409,2.5,1.0667,2.0,0.5333,0.5,0.5333,5.7504
s4_it14,s4_it1,R_B,0,2237178751,2.25,1.0667,2.0,0.5333,0.25,0.5333,5.7655
s4_it14,s4_it1,R_B,1,278177501,2.25,0.7333,2.0,0.5333,0.25,0.2,5.7782
s3_it19,s3_it26,R_B,2,1192220925,2.1,0.8667,2.1,0.7333,0.0,0.1333,5.7977
s3_it19,s3_it26,R_Bp,2,1540509627,2.35,0.7333,2.1,0.7333,0.25,0.0,5.8141
s3_it19,s3_it26,R_Bp,0,768794850,1.7667,0.7333,2.1,0.7333,-0.3333,0.0,5.8296
s3_it19,s3_it26,R_Bp,1,2061266081,1.85,0.8667,2.1,0.7333,-0.25,0.1333,5.8448
s3_it19,s3_it26,R_B,1,1274162745,2.1,0.7333,2.1,0.7333,0.0,0.0,5.8581
s3_it19,s3_it26,R_B,0,3138574266,2.35,1.0667,2.1,0.7333,0.25,0.3333,5.8724
s7_it25,s7_it14,R_Bp,1,1594801910,2.0667,1.9667,1.0667,1.9333,1.0,0.0333,5.8971
s7_it25,s7_it14,R_B,0,1513802827,1.0667,1.7333,1.0667,1.9333,0.0,-0.2,5.9174
s7_it25,s7_it14,R_B,1,3928370663,1.0667,1.9333,1.0667,1.9333,0.0,0.0,5.9322
s7_it25,s7_it14,R_Bp,0,3068045422,2.0667,1.6333,1.0667,1.9333,1.0,-0.3,5.9522
s7_it25,s7_it14,R_Bp,2,3953690591,1.0667,0.9333,1.0667,1.9333,0.0,-1.0,5.972
s7_it25,s7_it14,R_B,2,2828192218,0.8667,1.7333,1.0667,1.9333,-0.2,-0.2,5.9885
s7_it14,s7_it15,R_B,2,261625895,1.2333,0.5833,1.4333,0.5,-0.2,0.0833,6.0141
s7_it14,s7_it15,R_Bp,0,346947048,1.4333,1.1667,1.4333,0.5,0.0,0.6667,6.0331
s7_it14,s7_it15,R_B,0,2120294613,1.4333,1.1667,1.4333,0.5,0.0,0.6667,6.0489
s7_it14,s7_it15,R_Bp,2,1355627468,1.9333,1.1667,1.4333,0.5,0.5,0.6667,6.064
s7_it14,s7_it15,R_B,1,3339236870,1.1,0.8333,1.4333,0.5,-0.3333,0.3333,6.0815
s7_it14,s7_it15,R_Bp,1,3268367348,1.7667,0.5833,1.4333,0.5,0.3333,0.0833,6.097
s5_it69,s5_it47,R_Bp,2,3401639454,1.3333,0.2,1.0,1.4,0.3333,-1.2,6.1247
s5_it69,s5_it47,R_Bp,0,2809187522,1.0833,0.2,1.0,1.4,0.0833,-1.2,6.1416
s5_it69,s5_it47,R_Bp,1,167468286,1.0833,0.6,1.0,1.4,0.0833,-0.8,6.1609
s5_it69,s5_it47,R_B,2,600543402,2.1667,0.2,1.0,1.4,1.1667,-1.2,6.1764
s5_it69,s5_it47,R_B,1,1234018889,1.25,0.9,1.0,1.4,0.25,-0.5,6.1892
s5_it69,s5_it47,R_B,0,1195758967,1.5833,0.4,1.0,1.4,0.5833,-1.0,6.2047
s7_it21,s7_it14,R_Bp,0,1233377394,2.0,1.4333,2.0,0.7333,0.0,0.7,6.2275
s7_it21,s7_it14,R_B,2,2018130678,2.0,1.4333,2.0,0.7333,0.0,0.7,6.2448
s7_it21,s7_it14,R_Bp,1,3970068189,1.75,1.4333,2.0,0.7333,-0.25,0.7,6.2585
s7_it21,s7_it14,R_Bp,2,3352870396,2.0,1.4333,2.0,0.7333,0.0,0.7,6.2763
s7_it21,s7_it14,R_B,0,1231928067,2.0,1.9333,2.0,0.7333,0.0,1.2,6.2894
s7_it21,s7_it14,R_B,1,716438462,2.0,1.9333,2.0,0.7333,0.0,1.2,6.3018
s5_it10,s5_it9,R_B,1,2150556411,1.5,1.0,2.5,1.5,-1.0,-0.5,6.3154
s5_it10,s5_it9,R_B,2,901491492,1.5,1.0,2.5,1.5,-1.0,-0.5,6.3248
s5_it10,s5_it9,R_Bp,1,2260462900,2.5,1.5,2.5,1.5,0.0,0.0,6.333
s5_it10,s5_it9,R_Bp,2,1268021611,2.5,1.5,2.5,1.5,0.0,0.0,6.3399
s5_it10,s5_it9,R_Bp,0,1256035767,2.5,1.5,2.5,1.5,0.0,0.0,6.3499
s5_it10,s5_it9,R_B,0,3001014443,1.5,0.75,2.5,1.5,-1.0,-0.75,6.3594
s1_it4,s1_it5,R_B,0,4095751762,2.0,0.5,2.5,0.5,-0.5,0.0,6.3878
s1_it4,s1_it5,R_B,2,230931242,2.25,0.75,2.5,0.5,-0.25,0.25,6.407
s1_it4,s1_it5,R_B,1,2454993945,1.75,1.0,2.5,0.5,-0.75,0.5,6.4215
s1_it4,s1_it5,R_Bp,0,279593873,2.25,0.75,2.5,0.5,-0.25,0.25,6.4433
s1_it4,s1_it5,R_Bp,2,2058053317,2.25,1.0,2.5,0.5,-0.25,0.5,6.4616
s1_it4,s1_it5,R_Bp,1,2788657102,2.0,0.75,2.5,0.5,-0.5,0.25,6.4779
s7_it5,s7_it2,R_B,1,1613907250,1.6667,0.8333,1.6667,1.1667,0.0,-0.3333,6.4867
s7_it5,s7_it2,R_Bp,2,4017486430,2.1667,0.9167,1.6667,1.1667,0.5,-0.25,6.5033
s7_it5,s7_it2,R_B,0,1561765028,1.6667,1.1667,1.6667,1.1667,0.0,0.0,6.5102
s7_it5,s7_it2,R_Bp,1,1739157460,2.1667,0.9167,1.6667,1.1667,0.5,-0.25,6.5207
s7_it5,s7_it2,R_B,2,2943759506,2.1667,0.9167,1.6667,1.1667,0.5,-0.25,6.5276
s7_it5,s7_it2,R_Bp,0,2405403917,1.6667,0.25,1.6667,1.1667,0.0,-0.9167,6.5452
s2_it12,s2_it8,R_B,0,1327396898,1.5333,0.7333,1.7333,1.2667,-0.2,-0.5333,6.5637
s2_it12,s2_it8,R_Bp,1,816899610,1.8667,1.2667,1.7333,1.2667,0.1333,0.0,6.5803
s2_it12,s2_it8,R_B,2,218733348,1.5333,0.9333,1.7333,1.2667,-0.2,-0.3333,6.5956
s2_it12,s2_it8,R_Bp,0,1133784605,1.7333,1.2667,1.7333,1.2667,0.0,0.0,6.6076
s2_it12,s2_it8,R_Bp,2,1663832717,1.9333,0.9333,1.7333,1.2667,0.2,-0.3333,6.6206
s2_it12,s2_it8,R_B,1,1580037497,1.7333,1.2667,1.7333,1.2667,0.0,0.0,6.6348
s5_it6,s5_it9,R_B,1,742908192,0.0,1.5,0.0,1.5,0.0,0.0,6.6519
s5_it6,s5_it9,R_Bp,1,3070518808,0.3333,1.5,0.0,1.5,0.3333,0.0,6.6637
s5_it6,s5_it9,R_B,2,661639683,0.6667,1.5,0.0,1.5,0.6667,0.0,6.6749
s5_it6,s5_it9,R_Bp,2,1531160243,0.0,1.5,0.0,1.5,0.0,0.0,6.6845
s5_it6,s5_it9,R_Bp,0,555937321,0.3333,1.5,0.0,1.5,0.3333,0.0,6.6939
s5_it6,s5_it9,R_B,0,381074734,0.0,1.0,0.0,1.5,0.0,-0.5,6.7104
s7_it30,s7_it38,R_Bp,1,3470755561,1.4,0.8333,2.6,1.5833,-1.2,-0.75,6.7401
s7_it30,s7_it38,R_Bp,0,2542106600,1.6,1.3333,2.6,1.5833,-1.0,-0.25,6.7575
s7_it30,s7_it38,R_Bp,2,2721557728,1.4,1.3333,2.6,1.5833,-1.2,-0.25,6.7758
s7_it30,s7_it38,R_B,0,84320523,1.6,1.5833,2.6,1.5833,-1.0,0.0,6.7965
s7_it30,s7_it38,R_B,1,654922966,1.6,1.25,2.6,1.5833,-1.0,-0.3333,6.8127
s7_it30,s7_it38,R_B,2,1774106951,1.6,1.3333,2.6,1.5833,-1.0,-0.25,6.8292
s4_it51,s4_it46,R_Bp,1,1809956909,0.75,0.5,1.3333,0.25,-0.5833,0.25,6.8485
s4_it51,s4_it46,R_B,0,748973812,1.3333,1.0,1.3333,0.25,0.0,0.75,6.8714
s4_it51,s4_it46,R_B,1,731826045,1.0833,0.75,1.3333,0.25,-0.25,0.5,6.8877
s4_it51,s4_it46,R_Bp,2,1212707328,1.3333,0.75,1.3333,0.25,0.0,0.5,6.9013
s4_it51,s4_it46,R_B,2,239093654,1.0833,0.5833,1.3333,0.25,-0.25,0.3333,6.9181
s4_it51,s4_it46,R_Bp,0,1435069345,1.0833,0.25,1.3333,0.25,-0.25,0.0,6.9332
s1_it1,s1_it5,R_Bp,1,1009594041,2.1667,1.0,1.8333,0.75,0.3333,0.25,6.9512
s1_it1,s1_it5,R_B,0,891105016,2.1667,0.5,1.8333,0.75,0.3333,-0.25,6.9639
s1_it1,s1_it5,R_B,2,2115291952,1.8333,0.25,1.8333,0.75,0.0,-0.5,6.9738
s1_it1,s1_it5,R_Bp,2,4054616530,1.8333,1.0,1.8333,0.75,0.0,0.25,6.9857
s1_it1,s1_it5,R_Bp,0,2978424668,2.1667,0.5,1.8333,0.75,0.3333,-0.25,6.9959
s1_it1,s1_it5,R_B,1,2028023829,2.1667,1.0,1.8333,0.75,0.3333,0.25,7.0028
s5_it45,s5_it29,R_B,2,3868788573,1.0,0.8333,1.0,0.8333,0.0,0.0,7.0249
s5_it45,s5_it29,R_B,0,4131396603,1.5,0.8333,1.0,0.8333,0.5,0.0,7.0406
s5_it45,s5_it29,R_Bp,2,2074732302,1.0,0.5833,1.0,0.8333,0.0,-0.25,7.0599
s5_it45,s5_it29,R_Bp,1,3101258586,2.0,0.8333,1.0,0.8333,1.0,0.0,7.0804
s5_it45,s5_it29,R_B,1,3909619612,1.0,0.9167,1.0,0.8333,0.0,0.0833,7.0949
s5_it45,s5_it29,R_Bp,0,2249050211,1.75,0.25,1.0,0.8333,0.75,-0.5833,7.1122
s5_it33,s5_it29,R_B,0,2453354816,2.4167,0.5833,1.5833,1.5833,0.8333,-1.0,7.1273
s5_it33,s5_it29,R_Bp,2,3751652797,2.4167,1.8333,1.5833,1.5833,0.8333,0.25,7.1456
s5_it33,s5_it29,R_B,1,2924547668,2.4167,0.5833,1.5833,1.5833,0.8333,-1.0,7.1579
s5_it33,s5_it29,R_Bp,1,3473113616,2.0833,0.5833,1.5833,1.5833,0.5,-1.0,7.172
s5_it33,s5_it29,R_Bp,0,3947472572,1.75,0.5833,1.5833,1.5833,0.1667,-1.0,7.1842
s5_it33,s5_it29,R_B,2,3899036374,2.1667,1.0833,1.5833,1.5833,0.5833,-0.5,7.1952
s2_it7,s2_it8,R_B,2,2648917247,1.4,1.2667,1.4,1.0667,0.0,0.2,7.2155
s2_it7,s2_it8,R_Bp,1,144937649,1.4,1.2667,1.4,1.0667,0.0,0.2,7.2343
s2_it7,s2_it8,R_Bp,0,10549522,1.2,0.7333,1.4,1.0667,-0.2,-0.3333,7.2491
s2_it7,s2_it8,R_Bp,2,547412914,1.2,1.2667,1.4,1.0667,-0.2,0.2,7.2661
s2_it7,s2_it8,R_B,1,1267350365,1.6,0.7333,1.4,1.0667,0.2,-0.3333,7.2822
s2_it7,s2_it8,R_B,0,675979982,1.6,0.9333,1.4,1.0667,0.2,-0.1333,7.3023
s4_it27,s4_it24,R_Bp,0,2250115168,2.5,0.9,2.5,0.9,0.0,0.0,7.3306
s4_it27,s4_it24,R_Bp,1,477388544,2.25,1.1,2.5,0.9,-0.25,0.2,7.3586
s4_it27,s4_it24,R_B,1,1786751696,1.75,0.9,2.5,0.9,-0.75,0.0,7.3851
s4_it27,s4_it24,R_B,0,3443556865,2.25,1.9,2.5,0.9,-0.25,1.0,7.4004
s4_it27,s4_it24,R_Bp,2,65519246,2.25,0.9,2.5,0.9,-0.25,0.0,7.4195
s4_it27,s4_it24,R_B,2,1055553872,2.25,0.9,2.5,0.9,-0.25,0.0,7.4365
s4_it5,s4_it1,R_B,1,3136568605,1.9167,0.7333,1.0833,0.7333,0.8333,0.0,7.4506
s4_it5,s4_it1,R_Bp,0,3417047910,1.9167,0.5333,1.0833,0.7333,0.8333,-0.2,7.4653
s4_it5,s4_it1,R_Bp,1,384223784,1.6667,0.7333,1.0833,0.7333,0.5833,0.0,7.4779
s4_it5,s4_it1,R_B,0,1080681897,1.9167,0.7333,1.0833,0.7333,0.8333,0.0,7.4882
s4_it5,s4_it1,R_Bp,2,2692472706,1.9167,0.5333,1.0833,0.7333,0.8333,-0.2,7.5009
s4_it5,s4_it1,R_B,2,646506563,1.6667,1.0667,1.0833,0.7333,0.5833,0.3333,7.5108
s5_it41,s5_it29,R_Bp,2,438787185,1.25,0.5833,1.0,0.5833,0.25,0.0,7.5313
s5_it41,s5_it29,R_B,2,2701654358,1.5,0.8333,1.0,0.5833,0.5,0.25,7.5558
s5_it41,s5_it29,R_B,1,1815218957,2.0,0.9167,1.0,0.5833,1.0,0.3333,7.5712
s5_it41,s5_it29,R_Bp,1,323970637,1.75,0.5833,1.0,0.5833,0.75,0.0,7.5898
s5_it41,s5_it29,R_Bp,0,2072094551,1.75,0.25,1.0,0.5833,0.75,-0.3333,7.6126
s5_it41,s5_it29,R_B,0,3588715644,1.5,0.5833,1.0,0.5833,0.5,0.0,7.63
s2_it27,s2_it22,R_B,1,2352913407,1.6667,1.4667,0.3333,1.1333,1.3333,0.3333,7.6462
s2_it27,s2_it22,R_Bp,2,1964855412,1.6667,1.2667,0.3333,1.1333,1.3333,0.1333,7.665
s2_it27,s2_it22,R_B,0,3311918617,1.6667,1.8,0.3333,1.1333,1.3333,0.6667,7.6805
s2_it27,s2_it22,R_Bp,1,1987567265,1.3333,1.6,0.3333,1.1333,1.0,0.4667,7.6953
s2_it27,s2_it22,R_Bp,0,1457454997,0.3333,1.4,0.3333,1.1333,0.0,0.2667,7.7098
s2_it27,s2_it22,R_B,2,4139700496,1.6667,1.8,0.3333,1.1333,1.3333,0.6667,7.723
s5_it27,s5_it29,R_B,1,2486557402,1.4167,1.4167,1.75,0.5833,-0.3333,0.8333,7.7378
s5_it27,s5_it29,R_B,2,411459140,1.1667,0.9167,1.75,0.5833,-0.5833,0.3333,7.7486
s5_it27,s5_it29,R_B,0,3080883524,1.6667,0.9167,1.75,0.5833,-0.0833,0.3333,7.7586
s5_it27,s5_it29,R_Bp,1,3191185746,1.5,0.5833,1.75,0.5833,-0.25,0.0,7.7776
s5_it27,s5_it29,R_Bp,0,3208866803,2.25,1.1667,1.75,0.5833,0.5,0.5833,7.7918
s5_it27,s5_it29,R_Bp,2,2605130391,1.4167,0.25,1.75,0.5833,-0.3333,-0.3333,7.806
s6_it56,s6_it43,R_B,2,1416173764,0.6667,1.0,1.1667,1.25,-0.5,-0.25,7.8303
s6_it56,s6_it43,R_Bp,2,2955070732,0.6667,1.0,1.1667,1.25,-0.5,-0.25,7.859
s6_it56,s6_it43,R_Bp,1,1428675454,1.1667,1.0,1.1667,1.25,0.0,-0.25,7.8789
s6_it56,s6_it43,R_Bp,0,1562794582,0.6667,1.25,1.1667,1.25,-0.5,0.0,7.8985
s6_it56,s6_it43,R_B,0,1717206644,0.6667,1.0,1.1667,1.25,-0.5,-0.25,7.9195
s6_it56,s6_it43,R_B,1,986701221,1.1667,1.0,1.1667,1.25,0.0,-0.25,7.936
s5_it40,s5_it29,R_B,0,2417540820,1.6667,1.4167,1.6667,0.5833,0.0,0.8333,7.9564
s5_it40,s5_it29,R_Bp,0,610658071,1.6667,0.9167,1.6667,0.5833,0.0,0.3333,7.9775
s5_it40,s5_it29,R_Bp,2,2998140763,1.6667,0.5833,1.6667,0.5833,0.0,0.0,7.9928
s5_it40,s5_it29,R_Bp,1,4246740686,1.1667,0.25,1.6667,0.5833,-0.5,-0.3333,8.0086
s5_it40,s5_it29,R_B,2,1206916383,0.8333,0.9167,1.6667,0.5833,-0.8333,0.3333,8.0249
s5_it40,s5_it29,R_B,1,495906659,1.6667,0.8333,1.6667,0.5833,0.0,0.25,8.0433
s5_it47,s5_it50,R_B,1,1392637855,0.4,1.4333,0.7,0.9333,-0.3,0.5,8.074
s5_it47,s5_it50,R_Bp,2,1799107874,0.2,1.4333,0.7,0.9333,-0.5,0.5,8.0972
s5_it47,s5_it50,R_B,2,1194819502,0.6,1.7667,0.7,0.9333,-0.1,0.8333,8.1147
s5_it47,s5_it50,R_Bp,1,1295234635,0.7,1.4333,0.7,0.9333,0.0,0.5,8.1388
s5_it47,s5_it50,R_B,0,2683275627,0.9,1.7667,0.7,0.9333,0.2,0.8333,8.1609
s5_it47,s5_it50,R_Bp,0,1308977452,0.6,1.4333,0.7,0.9333,-0.1,0.5,8.1783
s6_it12,s6_it6,R_B,1,1793062433,2.5,0.8,2.5,1.2,0.0,-0.4,8.1918
s6_it12,s6_it6,R_Bp,1,3289382086,2.5,0.6,2.5,1.2,0.0,-0.6,8.2052
s6_it12,s6_it6,R_Bp,0,3113283012,2.5,0.8,2.5,1.2,0.0,-0.4,8.2161
s6_it12,s6_it6,R_B,0,3134791299,2.5,0.8,2.5,1.2,0.0,-0.4,8.2264
s6_it12,s6_it6,R_Bp,2,2786044494,2.5,1.2,2.5,1.2,0.0,0.0,8.2386
s6_it12,s6_it6,R_B,2,470951702,2.0,0.6,2.5,1.2,-0.5,-0.6,8.2516
s5_it51,s5_it47,R_B,2,425965105,1.0,1.4,1.5,0.4,-0.5,1.0,8.2818
s5_it51,s5_it47,R_Bp,0,1066341365,1.75,1.4,1.5,0.4,0.25,1.0,8.3133
s5_it51,s5_it47,R_B,1,401353755,0.5,0.6,1.5,0.4,-1.0,0.2,8.325
s5_it51,s5_it47,R_Bp,2,164266741,1.5,0.4,1.5,0.4,0.0,0.0,8.3432
s5_it51,s5_it47,R_Bp,1,853684129,1.25,0.6,1.5,0.4,-0.25,0.2,8.3619
s5_it51,s5_it47,R_B,0,2012457112,1.0,0.6,1.5,0.4,-0.5,0.2,8.3759
s6_it9,s6_it6,R_Bp,2,3595170807,1.9167,1.3,1.9167,1.0,0.0,0.3,8.3954
s6_it9,s6_it6,R_Bp,1,2870468327,2.1667,1.7,1.9167,1.0,0.25,0.7,8.411
s6_it9,s6_it6,R_Bp,0,3556587579,2.1667,1.0,1.9167,1.0,0.25,0.0,8.4254
s6_it9,s6_it6,R_B,1,1201603164,1.6667,0.8,1.9167,1.0,-0.25,-0.2,8.4455
s6_it9,s6_it6,R_B,0,1072841475,1.9167,1.2,1.9167,1.0,0.0,0.2,8.4606
s6_it9,s6_it6,R_B,2,1128543515,2.1667,1.7,1.9167,1.0,0.25,0.7,8.4756
s3_it22,s3_it26,R_Bp,1,2059175656,1.0,0.7333,2.3333,1.0667,-1.3333,-0.3333,8.498
s3_it22,s3_it26,R_B,1,3248251881,1.3333,0.5333,2.3333,1.0667,-1.0,-0.5333,8.5198
s3_it22,s3_it26,R_B,0,567574145,1.3333,1.0667,2.3333,1.0667,-1.0,0.0,8.5341
s3_it22,s3_it26,R_Bp,2,3321805656,2.3333,0.7333,2.3333,1.0667,0.0,-0.3333,8.549
s3_it22,s3_it26,R_B,2,2404275851,1.3333,1.0667,2.3333,1.0667,-1.0,0.0,8.5657
s3_it22,s3_it26,R_Bp,0,1940486980,1.0,0.5333,2.3333,1.0667,-1.3333,-0.5333,8.5797
s4_it3,s4_it1,R_B,0,106158539,0.8667,0.7333,1.4,0.5333,-0.5333,0.2,8.5966
s4_it3,s4_it1,R_B,1,2422226315,1.4,0.5333,1.4,0.5333,0.0,0.0,8.6061
s4_it3,s4_it1,R_Bp,0,4282847298,1.4,0.5333,1.4,0.5333,0.0,0.0,8.6215
s4_it3,s4_it1,R_Bp,2,4288515353,1.4,1.0667,1.4,0.5333,0.0,0.5333,8.6317
s4_it3,s4_it1,R_B,2,3441220187,1.6,1.0667,1.4,0.5333,0.2,0.5333,8.6479
s4_it3,s4_it1,R_Bp,1,696554754,1.4,0.7333,1.4,0.5333,0.0,0.2,8.6592
s1_it32,s1_it31,R_Bp,1,679673219,2.0,1.0,3.0,1.0,-1.0,0.0,8.6777
s1_it32,s1_it31,R_B,0,1725506433,2.6667,1.0,3.0,1.0,-0.3333,0.0,8.7039
s1_it32,s1_it31,R_B,1,900823768,3.0,1.0,3.0,1.0,0.0,0.0,8.7227
s1_it32,s1_it31,R_Bp,2,1989838052,3.0,1.3333,3.0,1.0,0.0,0.3333,8.7378
s1_it32,s1_it31,R_Bp,0,539670442,2.6667,1.3333,3.0,1.0,-0.3333,0.3333,8.7538
s1_it32,s1_it31,R_B,2,132399097,2.6667,1.0,3.0,1.0,-0.3333,0.0,8.773
s2_it3,s2_it8,R_B,1,3087030516,2.0,0.7333,2.0,1.2667,0.0,-0.5333,8.7899
s2_it3,s2_it8,R_B,0,1717980433,2.0,1.2667,2.0,1.2667,0.0,0.0,8.8028
s2_it3,s2_it8,R_Bp,0,2485739250,2.0,0.7333,2.0,1.2667,0.0,-0.5333,8.8175
s2_it3,s2_it8,R_Bp,2,3419214357,2.25,0.7333,2.0,1.2667,0.25,-0.5333,8.829
s2_it3,s2_it8,R_Bp,1,2631119738,2.0,0.7333,2.0,1.2667,0.0,-0.5333,8.8422
s2_it3,s2_it8,R_B,2,3258365872,2.25,0.9333,2.0,1.2667,0.25,-0.3333,8.8545
s5_it66,s5_it47,R_B,0,2122449809,1.8333,1.4,1.8333,0.9,0.0,0.5,8.8756
s5_it66,s5_it47,R_Bp,1,1331571382,1.5,0.4,1.8333,0.9,-0.3333,-0.5,8.9038
s5_it66,s5_it47,R_Bp,2,37687647,1.5,1.9,1.8333,0.9,-0.3333,1.0,8.9215
s5_it66,s5_it47,R_B,1,938688760,1.5,0.7,1.8333,0.9,-0.3333,-0.2,8.9372
s5_it66,s5_it47,R_Bp,0,2105595119,1.5,0.6,1.8333,0.9,-0.3333,-0.3,8.9631
s5_it66,s5_it47,R_B,2,1989751206,1.5,1.0,1.8333,0.9,-0.3333,0.1,8.9817
s0_it20,s0_it22,R_B,1,3455027010,0.8333,1.5,0.8333,1.1667,0.0,0.3333,8.9972
s0_it20,s0_it22,R_Bp,0,1876161507,1.1667,1.1667,0.8333,1.1667,0.3333,0.0,9.0115
s0_it20,s0_it22,R_Bp,1,1313991390,0.8333,1.5,0.8333,1.1667,0.0,0.3333,9.0201
s0_it20,s0_it22,R_Bp,2,87995789,1.0833,1.1667,0.8333,1.1667,0.25,0.0,9.0293
s0_it20,s0_it22,R_B,2,352670801,1.6667,1.5,0.8333,1.1667,0.8333,0.3333,9.0429
s0_it20,s0_it22,R_B,0,4241037053,1.4167,1.5,0.8333,1.1667,0.5833,0.3333,9.0567
s4_it22,s4_it1,R_Bp,1,2632976276,1.1667,0.7333,1.1667,0.5333,0.0,0.2,9.0753
s4_it22,s4_it1,R_Bp,2,2278859010,1.6667,0.7333,1.1667,0.5333,0.5,0.2,9.0875
s4_it22,s4_it1,R_B,1,4131465623,1.6667,0.5333,1.1667,0.5333,0.5,0.0,9.1032
s4_it22,s4_it1,R_Bp,0,1379600031,1.1667,0.7333,1.1667,0.5333,0.0,0.2,9.1173
s4_it22,s4_it1,R_B,2,1703119252,1.6667,1.0667,1.1667,0.5333,0.5,0.5333,9.1308
s4_it22,s4_it1,R_B,0,3273684323,1.1667,0.5333,1.1667,0.5333,0.0,0.0,9.1416
s5_it55,s5_it47,R_Bp,1,1973832103,1.75,1.2,1.75,0.2,0.0,1.0,9.1723
s5_it55,s5_it47,R_B,1,33776334,1.75,0.9,1.75,0.2,0.0,0.7,9.1921
s5_it55,s5_it47,R_B,2,3138544968,1.5,1.9,1.75,0.2,-0.25,1.7,9.2042
s5_it55,s5_it47,R_Bp,0,3478123025,1.75,0.6,1.75,0.2,0.0,0.4,9.22
s5_it55,s5_it47,R_Bp,2,782946499,2.25,0.4,1.75,0.2,0.5,0.2,9.2388
s5_it55,s5_it47,R_B,0,1292364094,1.75,0.4,1.75,0.2,0.0,0.2,9.2536
s4_it12,s4_it1,R_Bp,2,3618156231,1.5,0.5333,1.75,0.5333,-0.25,0.0,9.2686
s4_it12,s4_it1,R_B,0,2015461688,1.75,0.7333,1.75,0.5333,0.0,0.2,9.2819
s4_it12,s4_it1,R_Bp,1,1202495616,2.0,0.5333,1.75,0.5333,0.25,0.0,9.295
s4_it12,s4_it1,R_B,2,3143795293,1.25,0.5333,1.75,0.5333,-0.5,0.0,9.3058
s4_it12,s4_it1,R_B,1,3108488247,1.75,0.8667,1.75,0.5333,0.0,0.3333,9.3164
s4_it12,s4_it1,R_Bp,0,2211627801,1.25,0.4,1.75,0.5333,-0.5,-0.1333,9.3281
s3_it2,s3_it8,R_B,1,183700105,2.1667,1.3,2.1667,1.4333,0.0,-0.1333,9.3388
s3_it2,s3_it8,R_B,2,3664198294,2.5,1.6333,2.1667,1.4333,0.3333,0.2,9.3449
s3_it2,s3_it8,R_Bp,1,3958541381,2.1667,1.9667,2.1667,1.4333,0.0,0.5333,9.354
s3_it2,s3_it8,R_Bp,2,637568394,1.5,1.4333,2.1667,1.4333,-0.6667,0.0,9.3623
s3_it2,s3_it8,R_B,0,3163274148,2.1667,1.3,2.1667,1.4333,0.0,-0.1333,9.369
s3_it2,s3_it8,R_Bp,0,190968113,1.5,1.7667,2.1667,1.4333,-0.6667,0.3333,9.3771
s4_it47,s4_it46,R_B,0,3407345551,1.0833,0.5833,1.3333,0.5,-0.25,0.0833,9.3942
s4_it47,s4_it46,R_Bp,2,942647196,1.0833,0.25,1.3333,0.5,-0.25,-0.25,9.4122
s4_it47,s4_it46,R_B,1,1191743441,1.9167,0.5,1.3333,0.5,0.5833,0.0,9.4258
s4_it47,s4_it46,R_Bp,0,3888888114,1.0833,0.25,1.3333,0.5,-0.25,-0.25,9.4426
s4_it47,s4_it46,R_Bp,1,3437576182,1.0833,0.75,1.3333,0.5,-0.25,0.25,9.4556
s4_it47,s4_it46,R_B,2,2991179734,0.8333,0.5,1.3333,0.5,-0.5,0.0,9.4682
s7_it1,s7_it2,R_B,2,3452819769,1.75,0.9167,0.75,0.9167,1.0,0.0,9.5007
s7_it1,s7_it2,R_B,0,1306740346,2.0,0.8333,0.75,0.9167,1.25,-0.0833,9.5198
s7_it1,s7_it2,R_Bp,0,2218510185,1.25,1.1667,0.75,0.9167,0.5,0.25,9.5357
s7_it1,s7_it2,R_B,1,4265583231,1.75,0.9167,0.75,0.9167,1.0,0.0,9.5585
s7_it1,s7_it2,R_Bp,1,2860287182,1.0,0.5833,0.75,0.9167,0.25,-0.3333,9.5709
s7_it1,s7_it2,R_Bp,2,1831196495,1.75,0.5833,0.75,0.9167,1.0,-0.3333,9.5869
s7_it41,s7_it38,R_B,1,1201297397,1.0,1.8333,1.0,1.3333,0.0,0.5,9.6111
s7_it41,s7_it38,R_Bp,0,3771096812,1.5,1.3333,1.0,1.3333,0.5,0.0,9.6404
s7_it41,s7_it38,R_B,0,1925964227,1.0,1.5833,1.0,1.3333,0.0,0.25,9.6589
s7_it41,s7_it38,R_Bp,2,3602004835,1.5,1.6667,1.0,1.3333,0.5,0.3333,9.6766
s7_it41,s7_it38,R_B,2,2817393423,1.0,1.9167,1.0,1.3333,0.0,0.5833,9.6951
s7_it41,s7_it38,R_Bp,1,390552535,1.0,1.3333,1.0,1.3333,0.0,0.0,9.7165
s1_it19,s1_it23,R_Bp,0,101021587,1.6667,1.3667,1.3333,1.5667,0.3333,-0.2,9.736
s1_it19,s1_it23,R_B,2,1601509993,1.6667,1.8167,1.3333,1.5667,0.3333,0.25,9.7517
s1_it19,s1_it23,R_Bp,2,3987208196,2.3333,1.3167,1.3333,1.5667,1.0,-0.25,9.7638
s1_it19,s1_it23,R_B,0,4099024457,2.3333,1.5667,1.3333,1.5667,1.0,0.0,9.7771
s1_it19,s1_it23,R_Bp,1,3225293299,1.3333,1.1167,1.3333,1.5667,0.0,-0.45,9.7921
s1_it19,s1_it23,R_B,1,3709027530,2.0,1.6167,1.3333,1.5667,0.6667,0.05,9.8052
s1_it18,s1_it23,R_B,0,4052768642,1.25,1.8167,1.25,1.5667,0.0,0.25,9.828
s1_it18,s1_it23,R_B,1,426025268,1.75,1.8167,1.25,1.5667,0.5,0.25,9.8465
s1_it18,s1_it23,R_Bp,2,395292446,1.5,1.3167,1.25,1.5667,0.25,-0.25,9.8723
s1_it18,s1_it23,R_B,2,2585976327,0.75,1.2833,1.25,1.5667,-0.5,-0.2833,9.8883
s1_it18,s1_it23,R_Bp,1,277747395,1.0,1.2333,1.25,1.5667,-0.25,-0.3333,9.9051
s1_it18,s1_it23,R_Bp,0,4087299719,0.75,1.0667,1.25,1.5667,-0.5,-0.5,9.9216
s6_it18,s6_it6,R_B,2,1598659867,1.3333,1.0,1.5833,0.8,-0.25,0.2,9.9464
s6_it18,s6_it6,R_Bp,2,1658707956,1.5833,1.0,1.5833,0.8,0.0,0.2,9.9675
s6_it18,s6_it6,R_B,0,2026037183,1.0833,1.2,1.5833,0.8,-0.5,0.4,9.9851
s6_it18,s6_it6,R_Bp,1,1634573116,2.0833,0.6,1.5833,0.8,0.5,-0.2,10.0021
s6_it18,s6_it6,R_B,1,2788453059,1.5833,1.0,1.5833,0.8,0.0,0.2,10.0196
s6_it18,s6_it6,R_Bp,0,1468274818,1.8333,0.8,1.5833,0.8,0.25,0.0,10.0373
s6_it25,s6_it21,R_Bp,2,1893123317,2.4167,1.1667,2.1667,0.8333,0.25,0.3333,10.0576
s6_it25,s6_it21,R_B,0,3681718840,2.4167,2.1667,2.1667,0.8333,0.25,1.3333,10.0748
s6_it25,s6_it21,R_Bp,1,4207672960,2.4167,0.8333,2.1667,0.8333,0.25,0.0,10.0902
s6_it25,s6_it21,R_Bp,0,3835719804,2.4167,0.8333,2.1667,0.8333,0.25,0.0,10.1056
s6_it25,s6_it21,R_B,2,4246805930,2.4167,0.5833,2.1667,0.8333,0.25,-0.25,10.1235
s6_it25,s6_it21,R_B,1,1471298712,1.9167,0.9167,2.1667,0.8333,-0.25,0.0833,10.1367
s3_it40,s3_it30,R_Bp,1,1324006293,0.75,1.7167,1.75,1.7167,-1.0,0.0,10.1568
s3_it40,s3_it30,R_B,0,681141649,1.75,1.5167,1.75,1.7167,0.0,-0.2,10.177
s3_it40,s3_it30,R_Bp,2,3488951004,0.75,1.4667,1.75,1.7167,-1.0,-0.25,10.1937
s3_it40,s3_it30,R_B,1,2121928110,1.75,2.2167,1.75,1.7167,0.0,0.5,10.2096
s3_it40,s3_it30,R_B,2,2186920174,1.75,1.4667,1.75,1.7167,0.0,-0.25,10.2363
s3_it40,s3_it30,R_Bp,0,1266628045,1.75,2.2167,1.75,1.7167,0.0,0.5,10.2544
s4_it15,s4_it1,R_Bp,2,3766711460,1.25,0.5333,1.0,0.7333,0.25,-0.2,10.2711
s4_it15,s4_it1,R_B,1,1815669685,1.25,0.5333,1.0,0.7333,0.25,-0.2,10.2844
s4_it15,s4_it1,R_Bp,1,3941085919,1.0,0.7333,1.0,0.7333,0.0,0.0,10.2941
s4_it15,s4_it1,R_B,0,175639254,1.5,0.7333,1.0,0.7333,0.5,0.0,10.3069
s4_it15,s4_it1,R_B,2,698550078,1.25,0.7333,1.0,0.7333,0.25,0.0,10.3173
s4_it15,s4_it1,R_Bp,0,1192905087,1.25,1.0667,1.0,0.7333,0.25,0.3333,10.331
s0_it15,s0_it20,R_Bp,0,202396792,2.0,1.6667,1.6667,1.4167,0.3333,0.25,10.3479
s0_it15,s0_it20,R_B,2,3311013625,2.0,1.0833,1.6667,1.4167,0.3333,-0.3333,10.3593
s0_it15,s0_it20,R_B,0,471638151,2.0,1.0833,1.6667,1.4167,0.3333,-0.3333,10.3684
s0_it15,s0_it20,R_B,1,1742904586,2.6667,1.3333,1.6667,1.4167,1.0,-0.0833,10.3788
s0_it15,s0_it20,R_Bp,2,2489345662,2.0,1.1667,1.6667,1.4167,0.3333,-0.25,10.3928
s0_it15,s0_it20,R_Bp,1,3920136319,2.0,1.3333,1.6667,1.4167,0.3333,-0.0833,10.4074
s4_it11,s4_it1,R_Bp,2,1057355084,1.6667,0.5333,1.6667,0.7333,0.0,-0.2,10.425
s4_it11,s4_it1,R_B,0,1237799930,2.0,0.7333,1.6667,0.7333,0.3333,0.0,10.4418
s4_it11,s4_it1,R_B,2,1174390735,1.0,0.5333,1.6667,0.7333,-0.6667,-0.2,10.4579
s4_it11,s4_it1,R_B,1,2353926461,1.0,0.8667,1.6667,0.7333,-0.6667,0.1333,10.4707
s4_it11,s4_it1,R_Bp,1,869377162,2.0,0.7333,1.6667,0.7333,0.3333,0.0,10.486
s4_it11,s4_it1,R_Bp,0,357573616,2.0,0.7333,1.6667,0.7333,0.3333,0.0,10.5002
s6_it44,s6_it43,R_Bp,1,1851034787,1.75,1.0,1.6667,1.25,0.0833,-0.25,10.527
s6_it44,s6_it43,R_B,0,1279925275,2.0,1.0,1.6667,1.25,0.3333,-0.25,10.5463
s6_it44,s6_it43,R_B,1,1981584211,1.4167,1.0,1.6667,1.25,-0.25,-0.25,10.5632
s6_it44,s6_it43,R_B,2,827163661,1.6667,1.25,1.6667,1.25,0.0,0.0,10.5778
s6_it44,s6_it43,R_Bp,0,3205097764,2.0,1.0,1.6667,1.25,0.3333,-0.25,10.5953
s6_it44,s6_it43,R_Bp,2,1996502623,1.6667,1.25,1.6667,1.25,0.0,0.0,10.613
s6_it43,s6_it52,R_Bp,0,2441357631,1.25,1.2333,1.0,1.3667,0.25,-0.1333,10.633
s6_it43,s6_it52,R_B,2,2565017529,1.0,1.3667,1.0,1.3667,0.0,0.0,10.6612
s6_it43,s6_it52,R_Bp,2,979890994,1.0,1.3667,1.0,1.3667,0.0,0.0,10.6776
s6_it43,s6_it52,R_Bp,1,1329745548,1.0,1.2333,1.0,1.3667,0.0,-0.1333,10.6933
s6_it43,s6_it52,R_B,1,4086780966,1.0,1.2333,1.0,1.3667,0.0,-0.1333,10.7114
s6_it43,s6_it52,R_B,0,1685199239,1.0,1.5667,1.0,1.3667,0.0,0.2,10.7386
s0_it3,s0_it6,R_B,2,3709644614,1.3333,1.05,1.3333,1.45,0.0,-0.4,10.7551
s0_it3,s0_it6,R_B,0,1121054074,1.3333,1.25,1.3333,1.45,0.0,-0.2,10.7675
s0_it3,s0_it6,R_Bp,1,2854908423,1.3333,1.5,1.3333,1.45,0.0,0.05,10.7891
s0_it3,s0_it6,R_Bp,0,3125014813,1.3333,1.25,1.3333,1.45,0.0,-0.2,10.8016
s0_it3,s0_it6,R_Bp,2,3010225677,1.3333,1.2,1.3333,1.45,0.0,-0.25,10.8166
s0_it3,s0_it6,R_B,1,1745507055,1.3333,0.85,1.3333,1.45,0.0,-0.6,10.8278
s4_it16,s4_it1,R_B,1,2540173176,1.6667,0.7333,1.6667,0.7333,0.0,0.0,10.8435
s4_it16,s4_it1,R_B,0,476687831,1.6667,0.7333,1.6667,0.7333,0.0,0.0,10.8554
s4_it16,s4_it1,R_Bp,0,3703753637,1.6667,0.8667,1.6667,0.7333,0.0,0.1333,10.8701
s4_it16,s4_it1,R_Bp,2,2481691020,1.6667,0.8667,1.6667,0.7333,0.0,0.1333,10.885
s4_it16,s4_it1,R_Bp,1,3123465526,0.6667,1.0667,1.6667,0.7333,-1.0,0.3333,10.8965
s4_it16,s4_it1,R_B,2,2058571607,1.3333,0.4,1.6667,0.7333,-0.3333,-0.3333,10.9124
s6_it59,s6_it43,R_Bp,0,1012130626,2.0,1.0,0.5,1.0,1.5,0.0,10.9385
s6_it59,s6_it43,R_B,2,3330502088,1.5,1.0,0.5,1.0,1.0,0.0,10.9612
s6_it59,s6_it43,R_B,1,3197377906,1.5,1.3333,0.5,1.0,1.0,0.3333,10.979
s6_it59,s6_it43,R_B,0,1902213066,2.0,1.25,0.5,1.0,1.5,0.25,10.9975
s6_it59,s6_it43,R_Bp,2,2627748737,2.0,1.0,0.5,1.0,1.5,0.0,11.0136
s6_it59,s6_it43,R_Bp,1,3000069968,1.25,1.0,0.5,1.0,0.75,0.0,11.0393
s5_it49,s5_it47,R_Bp,0,2121547416,2.15,0.4,1.95,0.4,0.2,0.0,11.0674
s5_it49,s5_it47,R_Bp,1,50336439,2.15,0.6,1.95,0.4,0.2,0.2,11.0851
s5_it49,s5_it47,R_B,2,1758585274,2.15,0.4,1.95,0.4,0.2,0.0,11.1059
s5_it49,s5_it47,R_Bp,2,3104602145,2.15,0.4,1.95,0.4,0.2,0.0,11.1243
s5_it49,s5_it47,R_B,0,4163001598,2.15,0.9,1.95,0.4,0.2,0.5,11.14
s5_it49,s5_it47,R_B,1,2313550587,2.15,0.2,1.95,0.4,0.2,-0.2,11.1565
s1_it13,s1_it5,R_B,0,3897011071,2.4167,1.0,2.1667,1.25,0.25,-0.25,11.1714
s1_it13,s1_it5,R_Bp,0,921894340,2.4167,1.0,2.1667,1.25,0.25,-0.25,11.1921
s1_it13,s1_it5,R_B,1,2326191175,2.4167,1.0,2.1667,1.25,0.25,-0.25,11.2047
s1_it13,s1_it5,R_Bp,2,2426378663,2.4167,1.0,2.1667,1.25,0.25,-0.25,11.2194
s1_it13,s1_it5,R_B,2,1506698429,2.1667,1.25,2.1667,1.25,0.0,0.0,11.231
s1_it13,s1_it5,R_Bp,1,178795205,2.1667,1.0,2.1667,1.25,0.0,-0.25,11.2435
s5_it24,s5_it9,R_Bp,2,2005406556,1.5,1.5,2.1667,1.5,-0.6667,0.0,11.2579
s5_it24,s5_it9,R_B,1,3339020232,1.8333,1.0,2.1667,1.5,-0.3333,-0.5,11.2806
s5_it24,s5_it9,R_B,2,3389270075,2.1667,1.0,2.1667,1.5,0.0,-0.5,11.2956
s5_it24,s5_it9,R_Bp,1,2727554537,1.6667,1.5,2.1667,1.5,-0.5,0.0,11.3101
s5_it24,s5_it9,R_Bp,0,2112985305,1.9167,1.0,2.1667,1.5,-0.25,-0.5,11.3216
s5_it24,s5_it9,R_B,0,2835231084,0.8333,1.0,2.1667,1.5,-1.3333,-0.5,11.3376
s4_it9,s4_it1,R_Bp,0,34593223,1.0,1.8667,1.3333,0.5333,-0.3333,1.3333,11.3596
s4_it9,s4_it1,R_Bp,1,841971664,0.6667,0.7333,1.3333,0.5333,-0.6667,0.2,11.3778
s4_it9,s4_it1,R_B,0,2177857324,0.6667,0.5333,1.3333,0.5333,-0.6667,0.0,11.4002
s4_it9,s4_it1,R_B,2,1320389929,0.6667,0.5333,1.3333,0.5333,-0.6667,0.0,11.4168
s4_it9,s4_it1,R_B,1,2427578776,1.0,0.7333,1.3333,0.5333,-0.3333,0.2,11.4342
s4_it9,s4_it1,R_Bp,2,1909579361,1.0,1.0667,1.3333,0.5333,-0.3333,0.5333,11.4502
s7_it16,s7_it14,R_Bp,2,2092193837,1.8667,1.4333,1.7333,1.4333,0.1333,0.0,11.4793
s7_it16,s7_it14,R_Bp,0,921846706,1.8667,1.4333,1.7333,1.4333,0.1333,0.0,11.5005
s7_it16,s7_it14,R_B,0,4036640450,1.6667,1.4333,1.7333,1.4333,-0.0667,0.0,11.5248
s7_it16,s7_it14,R_Bp,1,981473151,1.3667,1.7333,1.7333,1.4333,-0.3667,0.3,11.5428
s7_it16,s7_it14,R_B,1,4036891986,1.7333,0.9333,1.7333,1.4333,0.0,-0.5,11.563
s7_it16,s7_it14,R_B,2,590208382,2.0667,0.9333,1.7333,1.4333,0.3333,-0.5,11.5834
s7_it22,s7_it14,R_B,0,1288931127,1.75,1.9333,1.75,1.7333,0.0,0.2,11.6119
s7_it22,s7_it14,R_Bp,1,58933710,1.75,1.4333,1.75,1.7333,0.0,-0.3,11.6422
s7_it22,s7_it14,R_Bp,0,3432012888,1.5,2.2667,1.75,1.7333,-0.25,0.5333,11.6564
s7_it22,s7_it14,R_B,2,245669926,1.75,0.9333,1.75,1.7333,0.0,-0.8,11.6788
s7_it22,s7_it14,R_Bp,2,3514637474,1.75,1.4333,1.75,1.7333,0.0,-0.3,11.6916
s7_it22,s7_it14,R_B,1,2176959588,1.75,1.4333,1.75,1.7333,0.0,-0.3,11.7133
s4_it59,s4_it46,R_B,2,2449312047,2.4167,0.25,2.5,0.5,-0.0833,-0.25,11.7293
s4_it59,s4_it46,R_Bp,0,2993207969,2.25,0.75,2.5,0.5,-0.25,0.25,11.7469
s4_it59,s4_it46,R_Bp,2,3471655399,1.75,0.5833,2.5,0.5,-0.75,0.0833,11.76
s4_it59,s4_it46,R_B,0,2952046652,2.75,0.5,2.5,0.5,0.25,0.0,11.7752
s4_it59,s4_it46,R_B,1,3128465188,2.25,0.5,2.5,0.5,-0.25,0.0,11.7873
s4_it59,s4_it46,R_Bp,1,802429696,1.1667,0.75,2.5,0.5,-1.3333,0.25,11.7997
s0_it35,s0_it29,R_Bp,2,2581692601,1.0,1.9167,2.0,1.4167,-1.0,0.5,11.8272
s0_it35,s0_it29,R_Bp,0,4035955783,2.3333,1.4167,2.0,1.4167,0.3333,0.0,11.8503
s0_it35,s0_it29,R_B,1,1321213515,2.3333,1.6667,2.0,1.4167,0.3333,0.25,11.8817
s0_it35,s0_it29,R_B,0,2186236524,2.3333,1.0833,2.0,1.4167,0.3333,-0.3333,11.9019
s0_it35,s0_it29,R_Bp,1,2513142210,2.6667,1.5833,2.0,1.4167,0.6667,0.1667,11.9223
s0_it35,s0_it29,R_B,2,3699836134,1.6667,1.4167,2.0,1.4167,-0.3333,0.0,11.9442
s1_it16,s1_it23,R_B,1,661021814,1.8,1.6167,2.3,1.8167,-0.5,-0.2,11.9639
s1_it16,s1_it23,R_B,0,3733722462,2.1,1.3667,2.3,1.8167,-0.2,-0.45,11.9778
s1_it16,s1_it23,R_B,2,3992438694,2.3,1.3667,2.3,1.8167,0.0,-0.45,11.9919
s1_it16,s1_it23,R_Bp,0,352543726,2.1,1.6167,2.3,1.8167,-0.2,-0.2,12.0133
s1_it16,s1_it23,R_Bp,1,1495900296,2.3,1.8167,2.3,1.8167,0.0,0.0,12.0288
s1_it16,s1_it23,R_Bp,2,2596417080,2.1,0.8667,2.3,1.8167,-0.2,-0.95,12.0451
s4_it17,s4_it1,R_Bp,2,30924514,1.4,0.8667,1.6,0.7333,-0.2,0.1333,12.0651
s4_it17,s4_it1,R_B,1,1979853384,1.6,0.7333,1.6,0.7333,0.0,0.0,12.082
s4_it17,s4_it1,R_B,0,3551377670,1.6,0.7333,1.6,0.7333,0.0,0.0,12.0974
s4_it17,s4_it1,R_Bp,0,850889915,1.6,0.8667,1.6,0.7333,0.0,0.1333,12.1118
s4_it17,s4_it1,R_Bp,1,2194966134,1.6,0.5333,1.6,0.7333,0.0,-0.2,12.1268
s4_it17,s4_it1,R_B,2,3776670500,2.1,0.5333,1.6,0.7333,0.5,-0.2,12.1407
s3_it5,s3_it8,R_Bp,1,1437945096,2.1667,1.7667,1.5833,1.1,0.5833,0.6667,12.1538
s3_it5,s3_it8,R_B,1,2932269978,1.9167,1.3667,1.5833,1.1,0.3333,0.2667,12.1644
s3_it5,s3_it8,R_Bp,0,2922055795,1.9167,1.6333,1.5833,1.1,0.3333,0.5333,12.1715
s3_it5,s3_it8,R_B,2,1482707691,1.6667,1.3,1.5833,1.1,0.0833,0.2,12.181
s3_it5,s3_it8,R_B,0,3655562885,2.1667,1.2333,1.5833,1.1,0.5833,0.1333,12.1925
s3_it5,s3_it8,R_Bp,2,3077062861,1.9167,1.4333,1.5833,1.1,0.3333,0.3333,12.2034
s6_it17,s6_it6,R_Bp,1,326085887,2.0,1.0,1.6667,1.0,0.3333,0.0,12.222
s6_it17,s6_it6,R_B,0,3812092336,2.0,1.2,1.6667,1.0,0.3333,0.2,12.2376
s6_it17,s6_it6,R_B,2,1079757684,1.6667,1.2,1.6667,1.0,0.0,0.2,12.2504
s6_it17,s6_it6,R_Bp,2,587862953,2.0,0.8,1.6667,1.0,0.3333,-0.2,12.2633
s6_it17,s6_it6,R_Bp,0,1375716280,2.0,1.2,1.6667,1.0,0.3333,0.2,12.278
s6_it17,s6_it6,R_B,1,3204109906,2.0,1.0,1.6667,1.0,0.3333,0.0,12.2909
s6_it1,s6_it6,R_Bp,2,1362497468,1.5,1.0,1.0,0.8,0.5,0.2,12.3058
s6_it1,s6_it6,R_Bp,0,2636357639,1.0,1.2,1.0,0.8,0.0,0.4,12.3205
s6_it1,s6_it6,R_B,2,2814251340,0.5,0.8,1.0,0.8,-0.5,0.0,12.3489
s6_it1,s6_it6,R_Bp,1,1450196156,0.5,1.0,1.0,0.8,-0.5,0.2,12.3696
s6_it1,s6_it6,R_B,0,3334530737,1.0,1.0,1.0,0.8,0.0,0.2,12.3869
s6_it1,s6_it6,R_B,1,258084599,1.5,1.0,1.0,0.8,0.5,0.2,12.4052
s4_it13,s4_it1,R_B,2,2386326650,3.0,0.8667,2.6667,0.7333,0.3333,0.1333,12.4156
s4_it13,s4_it1,R_B,0,176582048,2.6667,0.7333,2.6667,0.7333,0.0,0.0,12.4234
s4_it13,s4_it1,R_Bp,2,751578216,2.6667,0.5333,2.6667,0.7333,0.0,-0.2,12.4392
s4_it13,s4_it1,R_Bp,1,1215812219,2.6667,0.7333,2.6667,0.7333,0.0,0.0,12.4502
s4_it13,s4_it1,R_Bp,0,954004000,1.6667,0.5333,2.6667,0.7333,-1.0,-0.2,12.4625
s4_it13,s4_it1,R_B,1,1478907284,2.6667,0.9333,2.6667,0.7333,0.0,0.2,12.472
s2_it32,s2_it29,R_Bp,1,2076764045,1.3333,1.25,2.0833,1.25,-0.75,0.0,12.4853
s2_it32,s2_it29,R_Bp,2,3832431409,1.3333,1.3333,2.0833,1.25,-0.75,0.0833,12.4938
s2_it32,s2_it29,R_B,2,942114853,2.3333,1.5833,2.0833,1.25,0.25,0.3333,12.5077
s2_it32,s2_it29,R_Bp,0,1697813391,1.0833,1.25,2.0833,1.25,-1.0,0.0,12.518
s2_it32,s2_it29,R_B,1,1510753074,2.0833,1.25,2.0833,1.25,0.0,0.0,12.5296
s2_it32,s2_it29,R_B,0,2696736616,2.0833,1.25,2.0833,1.25,0.0,0.0,12.5407
s5_it32,s5_it29,R_Bp,2,763401391,1.0,0.25,1.0,0.5,0.0,-0.25,12.558
s5_it32,s5_it29,R_B,2,2985386273,1.0,0.5,1.0,0.5,0.0,0.0,12.5776
s5_it32,s5_it29,R_B,0,3604295775,1.0,0.9167,1.0,0.5,0.0,0.4167,12.5928
s5_it32,s5_it29,R_B,1,2177749527,1.0,0.8333,1.0,0.5,0.0,0.3333,12.6077
s5_it32,s5_it29,R_Bp,0,2973146025,1.0,0.75,1.0,0.5,0.0,0.25,12.623
s5_it32,s5_it29,R_Bp,1,3572812158,1.0,0.9167,1.0,0.5,0.0,0.4167,12.636
s7_it2,s7_it6,R_Bp,2,2394020143,0.5833,1.5,0.9167,1.5,-0.3333,0.0,12.6546
s7_it2,s7_it6,R_B,2,2355511366,0.9167,1.5,0.9167,1.5,0.0,0.0,12.6738
s7_it2,s7_it6,R_B,0,193500440,0.9167,1.5,0.9167,1.5,0.0,0.0,12.6843
s7_it2,s7_it6,R_B,1,181929101,0.9167,1.5,0.9167,1.5,0.0,0.0,12.6958
s7_it2,s7_it6,R_Bp,0,2753989132,0.5833,1.5,0.9167,1.5,-0.3333,0.0,12.7142
s7_it2,s7_it6,R_Bp,1,188912701,0.8333,1.8333,0.9167,1.5,-0.0833,0.3333,12.7284
s1_it33,s1_it31,R_B,1,3303282119,2.5,1.0,1.5,1.0,1.0,0.0,12.7446
s1_it33,s1_it31,R_B,0,1326739909,2.5,1.0,1.5,1.0,1.0,0.0,12.7573
s1_it33,s1_it31,R_Bp,1,738906997,1.5,1.0,1.5,1.0,0.0,0.0,12.7753
s1_it33,s1_it31,R_B,2,1237692848,2.5,1.3333,1.5,1.0,1.0,0.3333,12.7889
s1_it33,s1_it31,R_Bp,2,1900496504,1.5,1.0,1.5,1.0,0.0,0.0,12.8029
s1_it33,s1_it31,R_Bp,0,1149815774,0.5,1.0,1.5,1.0,-1.0,0.0,12.8167
s4_it39,s4_it24,R_Bp,0,589324320,2.5,1.1,2.5,1.1,0.0,0.0,12.8423
s4_it39,s4_it24,R_Bp,1,376935041,2.5,0.7,2.5,1.1,0.0,-0.4,12.8619
s4_it39,s4_it24,R_B,1,797588215,2.5,0.7,2.5,1.1,0.0,-0.4,12.8804
s4_it39,s4_it24,R_Bp,2,248435945,1.5,0.9,2.5,1.1,-1.0,-0.2,12.8988
s4_it39,s4_it24,R_B,0,3384950954,2.5,0.9,2.5,1.1,0.0,-0.2,12.9185
s4_it39,s4_it24,R_B,2,3525770484,2.5,0.9,2.5,1.1,0.0,-0.2,12.9351
s3_it34,s3_it30,R_Bp,0,3937393224,0.8333,1.5167,2.1667,1.7167,-1.3333,-0.2,12.9478
s3_it34,s3_it30,R_B,2,2024224117,0.5833,1.85,2.1667,1.7167,-1.5833,0.1333,12.9708
s3_it34,s3_it30,R_B,1,1566993485,1.5833,1.5167,2.1667,1.7167,-0.5833,-0.2,12.9852
s3_it34,s3_it30,R_Bp,2,2611693903,0.9167,1.3833,2.1667,1.7167,-1.25,-0.3333,12.9938
s3_it34,s3_it30,R_B,0,3917948455,0.5833,1.1833,2.1667,1.7167,-1.5833,-0.5333,13.0055
s3_it34,s3_it30,R_Bp,1,1185967465,0.9167,0.9333,2.1667,1.7167,-1.25,-0.7833,13.0184
s3_it25,s3_it26,R_Bp,2,736831063,1.25,1.0667,0.5,1.0667,0.75,0.0,13.0398
s3_it25,s3_it26,R_Bp,1,808593467,0.75,0.8667,0.5,1.0667,0.25,-0.2,13.0552
s3_it25,s3_it26,R_B,0,1934965314,1.25,0.8667,0.5,1.0667,0.75,-0.2,13.0781
s3_it25,s3_it26,R_B,1,701291010,1.0,0.5333,0.5,1.0667,0.5,-0.5333,13.0945
s3_it25,s3_it26,R_B,2,1841698008,0.5,1.0667,0.5,1.0667,0.0,0.0,13.11
s3_it25,s3_it26,R_Bp,0,194670110,1.75,0.7333,0.5,1.0667,1.25,-0.3333,13.125
s4_it64,s4_it46,R_Bp,2,1876530091,1.9167,0.5,1.4167,0.25,0.5,0.25,13.1437
s4_it64,s4_it46,R_B,0,3403290183,1.9167,0.25,1.4167,0.25,0.5,0.0,13.165
s4_it64,s4_it46,R_B,2,1520407963,2.1667,0.5,1.4167,0.25,0.75,0.25,13.1801
s4_it64,s4_it46,R_B,1,1465394348,1.9167,0.25,1.4167,0.25,0.5,0.0,13.1955
s4_it64,s4_it46,R_Bp,1,3602933394,2.1667,0.75,1.4167,0.25,0.75,0.5,13.211
s4_it64,s4_it46,R_Bp,0,2311423856,2.1667,0.25,1.4167,0.25,0.75,0.0,13.2233
s1_it23,s1_it21,R_Bp,0,1626476489,1.5667,1.6667,1.3167,1.3333,0.25,0.3333,13.2377
s1_it23,s1_it21,R_Bp,1,4175327497,1.3667,0.6667,1.3167,1.3333,0.05,-0.6667,13.2507
s1_it23,s1_it21,R_Bp,2,1064741495,1.3167,1.3333,1.3167,1.3333,0.0,0.0,13.2621
s1_it23,s1_it21,R_B,1,2819888989,1.3667,1.6667,1.3167,1.3333,0.05,0.3333,13.2763
s1_it23,s1_it21,R_B,0,2033018178,1.5667,1.3333,1.3167,1.3333,0.25,0.0,13.2854
s1_it23,s1_it21,R_B,2,3237019216,1.8167,1.3333,1.3167,1.3333,0.5,0.0,13.301
s4_it18,s4_it1,R_Bp,1,4129270281,2.0,1.0667,2.0,0.7333,0.0,0.3333,13.319
s4_it18,s4_it1,R_Bp,0,1225388029,2.0,0.7333,2.0,0.7333,0.0,0.0,13.3336
s4_it18,s4_it1,R_Bp,2,3252617027,2.5,0.5333,2.0,0.7333,0.5,-0.2,13.3485
s4_it18,s4_it1,R_B,0,894987111,1.5,0.5333,2.0,0.7333,-0.5,-0.2,13.3664
s4_it18,s4_it1,R_B,2,2843427037,2.0,0.7333,2.0,0.7333,0.0,0.0,13.3784
s4_it18,s4_it1,R_B,1,3142698856,1.5,0.7333,2.0,0.7333,-0.5,0.0,13.3911
s7_it11,s7_it2,R_Bp,1,4212242012,2.25,0.9167,2.25,0.8333,0.0,0.0833,13.4102
s7_it11,s7_it2,R_B,1,565795549,2.25,0.8333,2.25,0.8333,0.0,0.0,13.4254
s7_it11,s7_it2,R_Bp,0,3971364290,2.0,0.9167,2.25,0.8333,-0.25,0.0833,13.4381
s7_it11,s7_it2,R_Bp,2,2256016203,2.25,1.1667,2.25,0.8333,0.0,0.3333,13.4514
s7_it11,s7_it2,R_B,0,130942783,1.75,1.1667,2.25,0.8333,-0.5,0.3333,13.463
s7_it11,s7_it2,R_B,2,130049565,2.25,0.5833,2.25,0.8333,0.0,-0.25,13.4746
s7_it13,s7_it2,R_B,1,1786572310,1.5,0.9167,1.5,0.9167,0.0,0.0,13.5024
s7_it13,s7_it2,R_B,0,3471033951,2.0,0.9167,1.5,0.9167,0.5,0.0,13.5177
s7_it13,s7_it2,R_Bp,0,1469592823,1.5,0.8333,1.5,0.9167,0.0,-0.0833,13.5439
s7_it13,s7_it2,R_Bp,1,1715546023,1.5,0.5833,1.5,0.9167,0.0,-0.3333,13.5717
s7_it13,s7_it2,R_Bp,2,3807888493,1.5,0.5833,1.5,0.9167,0.0,-0.3333,13.5864
s7_it13,s7_it2,R_B,2,4023570843,2.0,0.5833,1.5,0.9167,0.5,-0.3333,13.6042
s2_it22,s2_it28,R_Bp,1,69802020,1.0667,1.7667,1.4667,1.5667,-0.4,0.2,13.6297
s2_it22,s2_it28,R_B,2,3094106841,1.6,1.5667,1.4667,1.5667,0.1333,0.0,13.6488
s2_it22,s2_it28,R_Bp,0,254046328,1.6,1.7667,1.4667,1.5667,0.1333,0.2,13.6665
s2_it22,s2_it28,R_B,1,859802646,1.2667,1.7667,1.4667,1.5667,-0.2,0.2,13.6839
s2_it22,s2_it28,R_Bp,2,3551787454,1.4,1.5667,1.4667,1.5667,-0.0667,0.0,13.7003
s2_it22,s2_it28,R_B,0,4166587817,2.1333,1.5667,1.4667,1.5667,0.6667,0.0,13.7167
s7_it42,s7_it38,R_B,2,4079536906,1.6333,1.4167,1.6333,1.5833,0.0,-0.1667,13.7341
s7_it42,s7_it38,R_Bp,1,988858244,1.6333,0.8333,1.6333,1.5833,0.0,-0.75,13.7606
s7_it42,s7_it38,R_Bp,0,188835405,2.1333,1.4167,1.6333,1.5833,0.5,-0.1667,13.7781
s7_it42,s7_it38,R_B,1,541857555,2.1333,1.4167,1.6333,1.5833,0.5,-0.1667,13.7929
s7_it42,s7_it38,R_Bp,2,258145966,1.6333,1.25,1.6333,1.5833,0.0,-0.3333,13.8093
s7_it42,s7_it38,R_B,0,2348849532,1.9333,1.3333,1.6333,1.5833,0.3,-0.25,13.822
s5_it62,s5_it47,R_B,2,1698733890,1.1333,0.6,0.6,2.1,0.5333,-1.5,13.8421
s5_it62,s5_it47,R_B,1,3203230647,0.8,0.4,0.6,2.1,0.2,-1.7,13.8588
s5_it62,s5_it47,R_Bp,2,3968574829,0.9333,0.2,0.6,2.1,0.3333,-1.9,13.8816
s5_it62,s5_it47,R_Bp,0,3456097718,0.6,1.4,0.6,2.1,0.0,-0.7,13.9024
s5_it62,s5_it47,R_Bp,1,4144451437,0.7333,0.4,0.6,2.1,0.1333,-1.7,13.9188
s5_it62,s5_it47,R_B,0,2219737578,0.9333,2.1,0.6,2.1,0.3333,0.0,13.9386
s1_it27,s1_it31,R_B,2,1462065536,1.8333,1.0,1.8333,1.0,0.0,0.0,13.9571
s1_it27,s1_it31,R_Bp,1,3055800791,1.3333,1.0,1.8333,1.0,-0.5,0.0,13.9746
s1_it27,s1_it31,R_Bp,0,1004212548,1.5,1.3333,1.8333,1.0,-0.3333,0.3333,13.9891
s1_it27,s1_it31,R_Bp,2,2759421739,1.8333,1.0,1.8333,1.0,0.0,0.0,14.0071
s1_it27,s1_it31,R_B,0,141832184,1.0,1.0,1.8333,1.0,-0.8333,0.0,14.021
s1_it27,s1_it31,R_B,1,3122063537,0.8333,1.0,1.8333,1.0,-1.0,0.0,14.0381
s2_it19,s2_it22,R_Bp,2,1248993832,1.25,1.6,2.0,1.6,-0.75,0.0,14.0573
s2_it19,s2_it22,R_Bp,0,1867151733,1.5,1.8,2.0,1.6,-0.5,0.2,14.0719
s2_it19,s2_it22,R_Bp,1,34225890,1.25,1.6,2.0,1.6,-0.75,0.0,14.0855
s2_it19,s2_it22,R_B,0,2831030001,1.5,1.8,2.0,1.6,-0.5,0.2,14.1061
s2_it19,s2_it22,R_B,2,415245625,1.25,1.6,2.0,1.6,-0.75,0.0,14.1212
s2_it19,s2_it22,R_B,1,1250610234,2.25,1.6,2.0,1.6,0.25,0.0,14.1353
s3_it32,s3_it30,R_Bp,0,480954286,2.3333,1.7167,2.3333,1.7167,0.0,0.0,14.1499
s3_it32,s3_it30,R_Bp,2,3122353900,2.3333,1.7167,2.3333,1.7167,0.0,0.0,14.1634
s3_it32,s3_it30,R_B,0,1379998176,2.3333,2.2167,2.3333,1.7167,0.0,0.5,14.1767
s3_it32,s3_it30,R_B,1,278819969,2.3333,1.7167,2.3333,1.7167,0.0,0.0,14.1851
s3_it32,s3_it30,R_Bp,1,3192822502,2.3333,1.0667,2.3333,1.7167,0.0,-0.65,14.1959
s3_it32,s3_it30,R_B,2,3035630501,2.3333,1.5167,2.3333,1.7167,0.0,-0.2,14.2086
s6_it41,s6_it21,R_B,1,751797015,2.25,1.1667,2.5,0.5833,-0.25,0.5833,14.2278
s6_it41,s6_it21,R_Bp,2,3226648294,1.9167,0.25,2.5,0.5833,-0.5833,-0.3333,14.2494
s6_it41,s6_it21,R_B,2,3995583621,2.1667,0.8333,2.5,0.5833,-0.3333,0.25,14.2636
s6_it41,s6_it21,R_Bp,0,2124116274,2.5,0.5,2.5,0.5833,0.0,-0.0833,14.2785
s6_it41,s6_it21,R_Bp,1,3732734860,0.9167,0.5833,2.5,0.5833,-1.5833,0.0,14.2944
s6_it41,s6_it21,R_B,0,1112692074,2.25,0.8333,2.5,0.5833,-0.25,0.25,14.3101
s3_it12,s3_it8,R_B,1,2048432771,1.7,1.6333,1.9,1.4333,-0.2,0.2,14.3308
s3_it12,s3_it8,R_B,2,1438758263,1.7,1.1,1.9,1.4333,-0.2,-0.3333,14.3457
s3_it12,s3_it8,R_B,0,3430584557,1.7,1.3,1.9,1.4333,-0.2,-0.1333,14.3601
s3_it12,s3_it8,R_Bp,0,1760796795,2.4,1.1,1.9,1.4333,0.5,-0.3333,14.3774
s3_it12,s3_it8,R_Bp,1,3667876080,1.7,1.4333,1.9,1.4333,-0.2,0.0,14.3919
s3_it12,s3_it8,R_Bp,2,2319905244,2.2,1.9667,1.9,1.4333,0.3,0.5333,14.4079
s5_it30,s5_it29,R_B,0,955553134,1.25,1.1667,0.6667,1.1667,0.5833,0.0,14.4248
s5_it30,s5_it29,R_Bp,0,1045209446,1.5833,0.25,0.6667,1.1667,0.9167,-0.9167,14.4435
s5_it30,s5_it29,R_B,1,3614766641,1.5833,0.5833,0.6667,1.1667,0.9167,-0.5833,14.4592
s5_it30,s5_it29,R_Bp,2,1608947679,0.9167,0.9167,0.6667,1.1667,0.25,-0.25,14.4749
s5_it30,s5_it29,R_B,2,463308633,0.9167,0.8333,0.6667,1.1667,0.25,-0.3333,14.4882
s5_it30,s5_it29,R_Bp,1,3074992321,1.25,0.5833,0.6667,1.1667,0.5833,-0.5833,14.5053
s0_it19,s0_it20,R_Bp,2,1450253396,2.0,0.8333,2.0,1.5833,0.0,-0.75,14.5256
s0_it19,s0_it20,R_Bp,1,2105433564,0.5,0.8333,2.0,1.5833,-1.5,-0.75,14.5412
s0_it19,s0_it20,R_B,2,3819977730,2.0,1.0833,2.0,1.5833,0.0,-0.5,14.5597
s0_it19,s0_it20,R_B,0,3698843496,2.0,1.0833,2.0,1.5833,0.0,-0.5,14.5748
s0_it19,s0_it20,R_B,1,4225827241,2.0,0.5833,2.0,1.5833,0.0,-1.0,14.5897
s0_it19,s0_it20,R_Bp,0,3426814386,0.5,1.1667,2.0,1.5833,-1.5,-0.4167,14.6061
s2_it30,s2_it29,R_Bp,2,2303722568,0.5,1.25,0.5,1.0,0.0,0.25,14.6177
s2_it30,s2_it29,R_B,1,1804995322,0.5,1.25,0.5,1.0,0.0,0.25,14.6273
s2_it30,s2_it29,R_Bp,0,2415124009,0.75,1.5833,0.5,1.0,0.25,0.5833,14.6352
s2_it30,s2_it29,R_B,2,71619729,0.5,1.5833,0.5,1.0,0.0,0.5833,14.6427
s2_it30,s2_it29,R_Bp,1,2547401612,0.75,1.25,0.5,1.0,0.25,0.25,14.6544
s2_it30,s2_it29,R_B,0,498170864,0.75,1.5833,0.5,1.0,0.25,0.5833,14.6622
s6_it52,s6_it43,R_Bp,1,2886992403,0.7,1.0,1.0333,1.0,-0.3333,0.0,14.6891
s6_it52,s6_it43,R_B,0,1559827484,1.5667,1.0,1.0333,1.0,0.5333,0.0,14.7084
s6_it52,s6_it43,R_B,2,3817993734,1.3667,1.25,1.0333,1.0,0.3333,0.25,14.7231
s6_it52,s6_it43,R_B,1,2534224873,1.5667,1.0,1.0333,1.0,0.5333,0.0,14.7404
s6_it52,s6_it43,R_Bp,2,1566610753,1.2333,1.0,1.0333,1.0,0.2,0.0,14.7581
s6_it52,s6_it43,R_Bp,0,678070777,1.2333,0.75,1.0333,1.0,0.2,-0.25,14.7769
s7_it38,s7_it41,R_B,1,2404609712,1.3333,1.5,1.3333,0.5,0.0,1.0,14.8057
s7_it38,s7_it41,R_B,0,290502038,0.8333,1.5,1.3333,0.5,-0.5,1.0,14.8227
s7_it38,s7_it41,R_Bp,2,1821493630,1.5,2.0,1.3333,0.5,0.1667,1.5,14.8457
s7_it38,s7_it41,R_B,2,3904123882,1.5833,1.5,1.3333,0.5,0.25,1.0,14.8666
s7_it38,s7_it41,R_Bp,1,2756129983,2.1667,1.5,1.3333,0.5,0.8333,1.0,14.8858
s7_it38,s7_it41,R_Bp,0,3921916516,1.5833,0.5,1.3333,0.5,0.25,0.0,14.9047
s6_it54,s6_it52,R_B,2,2946176337,1.3333,1.4333,1.6667,1.5667,-0.3333,-0.1333,14.9223
s6_it54,s6_it52,R_Bp,2,2229896914,1.9167,0.95,1.6667,1.5667,0.25,-0.6167,14.9403
s6_it54,s6_it52,R_B,1,3459604954,1.5833,1.2333,1.6667,1.5667,-0.0833,-0.3333,14.953
s6_it54,s6_it52,R_B,0,1920613583,1.5833,1.15,1.6667,1.5667,-0.0833,-0.4167,14.9672
s6_it54,s6_it52,R_Bp,0,2336152510,1.5833,1.0333,1.6667,1.5667,-0.0833,-0.5333,14.9817
s6_it54,s6_it52,R_Bp,1,3263052853,1.9167,1.0333,1.6667,1.5667,0.25,-0.5333,14.9964
s4_it52,s4_it46,R_Bp,0,2178717063,2.2,1.0833,2.2,0.25,0.0,0.8333,15.0146
s4_it52,s4_it46,R_Bp,2,2988026607,2.0,0.5,2.2,0.25,-0.2,0.25,15.0288
s4_it52,s4_it46,R_B,0,478277344,2.0,0.5,2.2,0.25,-0.2,0.25,15.0474
s4_it52,s4_it46,R_Bp,1,4008409228,2.2,1.25,2.2,0.25,0.0,1.0,15.0607
s4_it52,s4_it46,R_B,2,138155674,2.0,0.5,2.2,0.25,-0.2,0.25,15.0743
s4_it52,s4_it46,R_B,1,2633227722,2.0,0.25,2.2,0.25,-0.2,0.0,15.0891
s4_it48,s4_it46,R_Bp,0,174745036,3.0,0.25,2.5,0.75,0.5,-0.5,15.1069
s4_it48,s4_it46,R_Bp,2,3354758391,2.5,0.5,2.5,0.75,0.0,-0.25,15.1187
s4_it48,s4_it46,R_B,1,225098181,2.5,0.5,2.5,0.75,0.0,-0.25,15.1354
s4_it48,s4_it46,R_B,2,3375487312,3.0,0.25,2.5,0.75,0.5,-0.5,15.1455
s4_it48,s4_it46,R_Bp,1,1976253611,2.5,0.75,2.5,0.75,0.0,0.0,15.1592
s4_it48,s4_it46,R_B,0,246044317,2.5,0.75,2.5,0.75,0.0,0.0,15.1727
s0_it9,s0_it3,R_B,1,2629488072,1.5,1.3333,2.0,1.3333,-0.5,0.0,15.1864
s0_it9,s0_it3,R_Bp,1,3881041752,2.5,1.3333,2.0,1.3333,0.5,0.0,15.2
s0_it9,s0_it3,R_B,2,1136053255,1.5,1.3333,2.0,1.3333,-0.5,0.0,15.2109
s0_it9,s0_it3,R_Bp,0,4225453868,2.0,1.3333,2.0,1.3333,0.0,0.0,15.2283
s0_it9,s0_it3,R_Bp,2,3942992048,1.5,1.3333,2.0,1.3333,-0.5,0.0,15.239
s0_it9,s0_it3,R_B,0,1173790838,1.5,1.3333,2.0,1.3333,-0.5,0.0,15.2509
s0_it32,s0_it29,R_Bp,0,1020419690,1.75,1.4167,2.25,1.1667,-0.5,0.25,15.274
s0_it32,s0_it29,R_B,1,1502058184,1.75,1.4167,2.25,1.1667,-0.5,0.25,15.2948
s0_it32,s0_it29,R_Bp,1,2248159871,1.75,1.4167,2.25,1.1667,-0.5,0.25,15.3138
s0_it32,s0_it29,R_Bp,2,590622668,1.75,1.4167,2.25,1.1667,-0.5,0.25,15.3317
s0_it32,s0_it29,R_B,0,35791354,1.75,1.4167,2.25,1.1667,-0.5,0.25,15.3471
s0_it32,s0_it29,R_B,2,3999877695,1.5,1.1667,2.25,1.1667,-0.75,0.0,15.3643
s6_it26,s6_it21,R_B,1,3732093306,1.0,2.4167,2.0,0.25,-1.0,2.1667,15.3824
s6_it26,s6_it21,R_B,0,262699395,2.3333,0.25,2.0,0.25,0.3333,0.0,15.3984
s6_it26,s6_it21,R_B,2,3936677123,2.3333,0.5833,2.0,0.25,0.3333,0.3333,15.4137
s6_it26,s6_it21,R_Bp,2,3070440841,2.0,0.5833,2.0,0.25,0.0,0.3333,15.4345
s6_it26,s6_it21,R_Bp,0,2431921495,2.0,0.5833,2.0,0.25,0.0,0.3333,15.4508
s6_it26,s6_it21,R_Bp,1,788311575,1.3333,0.5833,2.0,0.25,-0.6667,0.3333,15.4681
s4_it40,s4_it24,R_B,0,1640240045,1.75,1.1,1.5,0.9,0.25,0.2,15.4982
s4_it40,s4_it24,R_Bp,0,2519287941,1.5,0.9,1.5,0.9,0.0,0.0,15.5287
s4_it40,s4_it24,R_B,2,214553411,1.5,0.7,1.5,0.9,0.0,-0.2,15.552
s4_it40,s4_it24,R_Bp,1,3485385865,1.5,0.9,1.5,0.9,0.0,0.0,15.5755
s4_it40,s4_it24,R_B,1,1111964834,1.25,0.9,1.5,0.9,-0.25,0.0,15.5978
s4_it40,s4_it24,R_Bp,2,3340525244,1.5,0.7,1.5,0.9,0.0,-0.2,15.6224
s5_it48,s5_it47,R_B,0,646945902,2.0,1.4,2.3333,1.1,-0.3333,0.3,15.6429
s5_it48,s5_it47,R_B,2,1906672608,2.0,0.2,2.3333,1.1,-0.3333,-0.9,15.6563
s5_it48,s5_it47,R_Bp,0,808790080,2.0,0.4,2.3333,1.1,-0.3333,-0.7,15.6817
s5_it48,s5_it47,R_B,1,2513412085,2.0,1.6,2.3333,1.1,-0.3333,0.5,15.6987
s5_it48,s5_it47,R_Bp,1,559217358,2.3333,0.4,2.3333,1.1,0.0,-0.7,15.7181
s5_it48,s5_it47,R_Bp,2,2769607851,2.0,0.6,2.3333,1.1,-0.3333,-0.5,15.7368
s1_it29,s1_it31,R_B,0,2495732343,2.0,1.3333,1.25,1.0,0.75,0.3333,15.7537
s1_it29,s1_it31,R_Bp,0,1220962977,2.0,1.0,1.25,1.0,0.75,0.0,15.77
s1_it29,s1_it31,R_B,1,3589387810,1.5,1.0,1.25,1.0,0.25,0.0,15.7871
s1_it29,s1_it31,R_Bp,2,2111144770,1.25,1.0,1.25,1.0,0.0,0.0,15.8015
s1_it29,s1_it31,R_Bp,1,2052603256,1.25,1.3333,1.25,1.0,0.0,0.3333,15.8159
s1_it29,s1_it31,R_B,2,26020623,1.75,1.0,1.25,1.0,0.5,0.0,15.8295
s5_it53,s5_it50,R_B,0,2255480095,3.0,1.4333,2.0,1.4333,1.0,0.0,15.846
s5_it53,s5_it50,R_Bp,0,3059269428,1.75,1.7667,2.0,1.4333,-0.25,0.3333,15.8653
s5_it53,s5_it50,R_Bp,1,3318710806,1.75,1.4333,2.0,1.4333,-0.25,0.0,15.8795
s5_it53,s5_it50,R_Bp,2,2508803716,2.0,0.9333,2.0,1.4333,0.0,-0.5,15.8949
s5_it53,s5_it50,R_B,2,4126518852,1.4167,1.4333,2.0,1.4333,-0.5833,0.0,15.9093
s5_it53,s5_it50,R_B,1,4060682655,2.0,1.7667,2.0,1.4333,0.0,0.3333,15.9243
s2_it17,s2_it22,R_Bp,2,3202437194,2.0,1.8,2.0,1.2667,0.0,0.5333,15.9434
s2_it17,s2_it22,R_B,2,2493615383,2.0,1.4,2.0,1.2667,0.0,0.1333,15.9608
s2_it17,s2_it22,R_B,0,1018837445,2.0,1.6,2.0,1.2667,0.0,0.3333,15.9761
s2_it17,s2_it22,R_B,1,3513194435,2.0,1.8,2.0,1.2667,0.0,0.5333,15.9883
s2_it17,s2_it22,R_Bp,1,2670112538,2.0,1.8,2.0,1.2667,0.0,0.5333,16.0032
s2_it17,s2_it22,R_Bp,0,3160373098,2.0,1.6,2.0,1.2667,0.0,0.3333,16.0222
s5_it15,s5_it9,R_Bp,1,1267396914,2.3333,1.5,2.3333,1.0,0.0,0.5,16.0377
s5_it15,s5_it9,R_B,1,2787215542,2.0,1.0,2.3333,1.0,-0.3333,0.0,16.0551
s5_it15,s5_it9,R_Bp,0,3196111513,2.3333,1.5,2.3333,1.0,0.0,0.5,16.0665
s5_it15,s5_it9,R_B,2,2033028990,2.3333,1.5,2.3333,1.0,0.0,0.5,16.0854
s5_it15,s5_it9,R_B,0,76260303,2.3333,1.0,2.3333,1.0,0.0,0.0,16.0977
s5_it15,s5_it9,R_Bp,2,1405455923,2.0,1.0,2.3333,1.0,-0.3333,0.0,16.1098
s6_it13,s6_it6,R_Bp,1,3186785606,1.6,0.8,1.2,1.0,0.4,-0.2,16.1289
s6_it13,s6_it6,R_Bp,2,1995004305,1.4,1.0,1.2,1.0,0.2,0.0,16.1418
s6_it13,s6_it6,R_Bp,0,2056370793,1.4,1.2,1.2,1.0,0.2,0.2,16.1555
s6_it13,s6_it6,R_B,1,4013670624,1.6,1.2,1.2,1.0,0.4,0.2,16.1743
s6_it13,s6_it6,R_B,0,582527356,2.4,0.8,1.2,1.0,1.2,-0.2,16.1883
s6_it13,s6_it6,R_B,2,1490111059,1.6,1.2,1.2,1.0,0.4,0.2,16.2004
s7_it34,s7_it38,R_B,1,1872695109,1.6667,1.0833,1.3333,1.8333,0.3333,-0.75,16.2193
s7_it34,s7_it38,R_Bp,0,3441537930,1.6667,1.1667,1.3333,1.8333,0.3333,-0.6667,16.2469
s7_it34,s7_it38,R_Bp,1,4200879031,1.6667,1.0,1.3333,1.8333,0.3333,-0.8333,16.2635
s7_it34,s7_it38,R_B,2,1556619610,1.4167,1.0833,1.3333,1.8333,0.0833,-0.75,16.2792
s7_it34,s7_it38,R_Bp,2,1918380025,1.6667,1.5833,1.3333,1.8333,0.3333,-0.25,16.2984
s7_it34,s7_it38,R_B,0,1313196272,2.0,1.3333,1.3333,1.8333,0.6667,-0.5,16.313
s4_it26,s4_it24,R_B,1,1764941686,2.0,0.9,2.25,1.1,-0.25,-0.2,16.3316
s4_it26,s4_it24,R_Bp,1,2728823607,2.25,1.1,2.25,1.1,0.0,0.0,16.3549
s4_it26,s4_it24,R_B,2,2958424543,2.25,2.1,2.25,1.1,0.0,1.0,16.3692
s4_it26,s4_it24,R_B,0,1722763024,1.25,1.1,2.25,1.1,-1.0,0.0,16.3828
s4_it26,s4_it24,R_Bp,0,3776663678,2.25,1.1,2.25,1.1,0.0,0.0,16.4019
s4_it26,s4_it24,R_Bp,2,4212760532,2.25,1.1,2.25,1.1,0.0,0.0,16.4205
s4_it37,s4_it24,R_B,2,2353660044,1.6667,0.7,1.6667,0.9,0.0,-0.2,16.4384
s4_it37,s4_it24,R_Bp,2,2834261530,1.6667,0.9,1.6667,0.9,0.0,0.0,16.4619
s4_it37,s4_it24,R_B,1,2236185014,1.6667,0.9,1.6667,0.9,0.0,0.0,16.4783
s4_it37,s4_it24,R_Bp,0,1749409232,1.6667,1.1,1.6667,0.9,0.0,0.2,16.498
s4_it37,s4_it24,R_B,0,596246131,1.6667,0.9,1.6667,0.9,0.0,0.0,16.5157
s4_it37,s4_it24,R_Bp,1,228929657,1.6667,0.7,1.6667,0.9,0.0,-0.2,16.5345
s5_it43,s5_it29,R_Bp,1,3507686465,1.5,0.25,1.5,0.8333,0.0,-0.5833,16.5507
s5_it43,s5_it29,R_Bp,0,2856982122,1.5,0.5,1.5,0.8333,0.0,-0.3333,16.5646
s5_it43,s5_it29,R_Bp,2,2893917579,1.5,0.25,1.5,0.8333,0.0,-0.5833,16.5768
s5_it43,s5_it29,R_B,1,109016094,1.5,0.8333,1.5,0.8333,0.0,0.0,16.5905
s5_it43,s5_it29,R_B,2,257219946,1.5,0.5833,1.5,0.8333,0.0,-0.25,16.6018
s5_it43,s5_it29,R_B,0,2510819036,1.5,0.8333,1.5,0.8333,0.0,0.0,16.612
s5_it4,s5_it9,R_Bp,2,1477139849,1.8333,1.5,2.0,1.5,-0.1667,0.0,16.6225
s5_it4,s5_it9,R_Bp,1,4215224276,2.6667,1.5,2.0,1.5,0.6667,0.0,16.6348
s5_it4,s5_it9,R_B,2,3975875047,2.3333,1.5,2.0,1.5,0.3333,0.0,16.6501
s5_it4,s5_it9,R_B,0,1053905595,1.8333,1.5,2.0,1.5,-0.1667,0.0,16.6622
s5_it4,s5_it9,R_Bp,0,887469782,2.0,1.5,2.0,1.5,0.0,0.0,16.6759
s5_it4,s5_it9,R_B,1,2693078215,1.6667,1.5,2.0,1.5,-0.3333,0.0,16.6865
s3_it39,s3_it30,R_B,2,3628155144,0.6667,1.7667,0.6667,1.5667,0.0,0.2,16.7072
s3_it39,s3_it30,R_Bp,2,669361478,1.3333,1.7167,0.6667,1.5667,0.6667,0.15,16.7267
s3_it39,s3_it30,R_Bp,1,2971715722,1.3333,1.7167,0.6667,1.5667,0.6667,0.15,16.7434
s3_it39,s3_it30,R_B,0,2959149239,1.3333,1.7667,0.6667,1.5667,0.6667,0.2,16.7591
s3_it39,s3_it30,R_Bp,0,2446391282,1.0,1.5167,0.6667,1.5667,0.3333,-0.05,16.7746
s3_it39,s3_it30,R_B,1,3643112708,0.6667,1.9667,0.6667,1.5667,0.0,0.4,16.7893
s6_it7,s6_it6,R_B,1,3718708290,2.6667,1.0,2.6667,0.8,0.0,0.2,16.8049
s6_it7,s6_it6,R_Bp,1,26312150,2.6667,1.0,2.6667,0.8,0.0,0.2,16.8224
s6_it7,s6_it6,R_Bp,2,3094891212,2.6667,1.2,2.6667,0.8,0.0,0.4,16.8362
s6_it7,s6_it6,R_B,0,1400255768,2.6667,0.8,2.6667,0.8,0.0,0.0,16.8479
s6_it7,s6_it6,R_Bp,0,1773239302,2.6667,1.0,2.6667,0.8,0.0,0.2,16.8618
s6_it7,s6_it6,R_B,2,1433403664,2.6667,0.8,2.6667,0.8,0.0,0.0,16.8723
s5_it25,s5_it29,R_B,0,1367244600,2.6667,1.1667,2.6667,0.5833,0.0,0.5833,16.8868
s5_it25,s5_it29,R_Bp,0,665411294,2.6667,0.5833,2.6667,0.5833,0.0,0.0,16.9039
s5_it25,s5_it29,R_B,2,2516180529,2.0,0.5833,2.6667,0.5833,-0.6667,0.0,16.9158
s5_it25,s5_it29,R_B,1,3605323844,2.0,0.9167,2.6667,0.5833,-0.6667,0.3333,16.9261
s5_it25,s5_it29,R_Bp,1,4070514052,2.0,0.25,2.6667,0.5833,-0.6667,-0.3333,16.9387
s5_it25,s5_it29,R_Bp,2,2115551066,2.3333,0.25,2.6667,0.5833,-0.3333,-0.3333,16.9514
s4_it53,s4_it46,R_B,0,3148020663,1.0,0.5,1.0,0.5,0.0,0.0,16.9732
s4_it53,s4_it46,R_B,2,354684287,1.25,0.5,1.0,0.5,0.25,0.0,16.9876
s4_it53,s4_it46,R_B,1,2574329713,1.0,0.8333,1.0,0.5,0.0,0.3333,17.0012
s4_it53,s4_it46,R_Bp,0,1989716878,0.75,0.25,1.0,0.5,-0.25,-0.25,17.0191
s4_it53,s4_it46,R_Bp,1,605095091,1.0,0.5,1.0,0.5,0.0,0.0,17.034
s4_it53,s4_it46,R_Bp,2,2330648101,0.75,0.5,1.0,0.5,-0.25,0.0,17.0483
s5_it8,s5_it9,R_Bp,2,251213647,2.3,1.5,2.8,1.5,-0.5,0.0,17.0595
s5_it8,s5_it9,R_B,0,923361103,2.8,1.0,2.8,1.5,0.0,-0.5,17.0743
s5_it8,s5_it9,R_Bp,1,2004898957,2.1,1.5,2.8,1.5,-0.7,0.0,17.0853
s5_it8,s5_it9,R_Bp,0,3156233520,2.8,1.5,2.8,1.5,0.0,0.0,17.0955
s5_it8,s5_it9,R_B,1,891957758,2.6,1.5,2.8,1.5,-0.2,0.0,17.1058
s5_it8,s5_it9,R_B,2,1941887951,2.8,1.5,2.8,1.5,0.0,0.0,17.1184
s1_it14,s1_it23,R_B,1,3237532715,2.5,1.6167,2.5,1.8167,0.0,-0.2,17.1374
s1_it14,s1_it23,R_B,2,3977628075,2.5,1.6167,2.5,1.8167,0.0,-0.2,17.1532
s1_it14,s1_it23,R_Bp,2,2350940595,2.5,1.6167,2.5,1.8167,0.0,-0.2,17.1732
s1_it14,s1_it23,R_B,0,2761084614,2.5,1.8167,2.5,1.8167,0.0,0.0,17.1877
s1_it14,s1_it23,R_Bp,1,3693149071,2.5,1.3667,2.5,1.8167,0.0,-0.45,17.2032
s1_it14,s1_it23,R_Bp,0,3853861792,2.5,1.0667,2.5,1.8167,0.0,-0.75,17.2187
s2_it33,s2_it29,R_Bp,1,4267275408,1.6667,1.3333,2.0,1.25,-0.3333,0.0833,17.2353
s2_it33,s2_it29,R_B,0,4060195788,1.0,1.5833,2.0,1.25,-1.0,0.3333,17.2556
s2_it33,s2_it29,R_Bp,0,1789620463,2.0,1.5833,2.0,1.25,0.0,0.3333,17.2676
s2_it33,s2_it29,R_B,2,1322206178,1.6667,1.25,2.0,1.25,-0.3333,0.0,17.283
s2_it33,s2_it29,R_Bp,2,3154556001,1.0,1.25,2.0,1.25,-1.0,0.0,17.2978
s2_it33,s2_it29,R_B,1,3629722202,1.0,1.75,2.0,1.25,-1.0,0.5,17.3154
s5_it3,s5_it9,R_B,0,4126210260,2.6667,1.5,2.6667,1.25,0.0,0.25,17.3227
s5_it3,s5_it9,R_Bp,1,3037540510,1.3333,1.5,2.6667,1.25,-1.3333,0.25,17.33
s5_it3,s5_it9,R_Bp,0,3267467092,2.3333,1.0,2.6667,1.25,-0.3333,-0.25,17.3369
s5_it3,s5_it9,R_Bp,2,1521936593,1.6667,1.5,2.6667,1.25,-1.0,0.25,17.3428
s5_it3,s5_it9,R_B,2,392045943,2.6667,1.5,2.6667,1.25,0.0,0.25,17.3477
s5_it3,s5_it9,R_B,1,3774629442,2.6667,1.5,2.6667,1.25,0.0,0.25,17.3563
s7_it15,s7_it14,R_Bp,2,865784063,1.1667,1.6333,0.8333,0.9333,0.3333,0.7,17.3799
s7_it15,s7_it14,R_Bp,1,1814213120,0.5,1.6333,0.8333,0.9333,-0.3333,0.7,17.3979
s7_it15,s7_it14,R_B,2,178140313,1.1667,1.2333,0.8333,0.9333,0.3333,0.3,17.4157
s7_it15,s7_it14,R_B,1,3301501647,1.1667,1.4333,0.8333,0.9333,0.3333,0.5,17.4327
s7_it15,s7_it14,R_Bp,0,1246645128,1.1667,1.2333,0.8333,0.9333,0.3333,0.3,17.4481
s7_it15,s7_it14,R_B,0,2280348634,1.1667,1.1333,0.8333,0.9333,0.3333,0.2,17.4645
s6_it21,s6_it38,R_Bp,1,3483874200,0.8333,0.8333,0.8333,0.8333,0.0,0.0,17.482
s6_it21,s6_it38,R_Bp,0,4294357586,0.5,0.8333,0.8333,0.8333,-0.3333,0.0,17.4995
s6_it21,s6_it38,R_B,2,1241651534,1.5833,0.8333,0.8333,0.8333,0.75,0.0,17.5186
s6_it21,s6_it38,R_Bp,2,2473185715,1.1667,0.8333,0.8333,0.8333,0.3333,0.0,17.5347
s6_it21,s6_it38,R_B,0,3970735828,0.8333,0.8333,0.8333,0.8333,0.0,0.0,17.5499
s6_it21,s6_it38,R_B,1,3320136055,1.8333,0.8333,0.8333,0.8333,1.0,0.0,17.5654
s2_it23,s2_it22,R_B,1,1086917097,2.5,1.8,2.0,1.2667,0.5,0.5333,17.5835
s2_it23,s2_it22,R_B,0,3754043775,2.0,1.4,2.0,1.2667,0.0,0.1333,17.5965
s2_it23,s2_it22,R_Bp,1,1711830797,2.0,1.4,2.0,1.2667,0.0,0.1333,17.6158
s2_it23,s2_it22,R_Bp,2,3018607471,1.6667,1.4,2.0,1.2667,-0.3333,0.1333,17.627
s2_it23,s2_it22,R_Bp,0,2963314605,1.6667,1.8,2.0,1.2667,-0.3333,0.5333,17.638
s2_it23,s2_it22,R_B,2,2691765216,1.6667,1.4,2.0,1.2667,-0.3333,0.1333,17.6513
s0_it4,s0_it3,R_Bp,2,936996364,1.5833,1.3333,1.25,1.3333,0.3333,0.0,17.6695
s0_it4,s0_it3,R_B,1,1590678695,1.5833,1.3333,1.25,1.3333,0.3333,0.0,17.6885
s0_it4,s0_it3,R_Bp,0,4286780657,1.5833,1.3333,1.25,1.3333,0.3333,0.0,17.7023
s0_it4,s0_it3,R_B,0,4141611739,1.0,1.3333,1.25,1.3333,-0.25,0.0,17.72
s0_it4,s0_it3,R_B,2,3281838540,1.5833,1.6667,1.25,1.3333,0.3333,0.3333,17.7355
s0_it4,s0_it3,R_Bp,1,2943618559,1.25,1.3333,1.25,1.3333,0.0,0.0,17.7476
s3_it24,s3_it26,R_B,2,412537277,2.6667,0.8667,2.3333,0.7333,0.3333,0.1333,17.7656
s3_it24,s3_it26,R_Bp,2,2973010351,2.6667,0.8667,2.3333,0.7333,0.3333,0.1333,17.7824
s3_it24,s3_it26,R_Bp,0,1536703475,2.0833,2.0667,2.3333,0.7333,-0.25,1.3333,17.797
s3_it24,s3_it26,R_Bp,1,840606509,2.3333,0.7333,2.3333,0.7333,0.0,0.0,17.8098
s3_it24,s3_it26,R_B,1,4101612890,2.3333,0.8667,2.3333,0.7333,0.0,0.1333,17.8234
s3_it24,s3_it26,R_B,0,2762040081,2.3333,1.0667,2.3333,0.7333,0.0,0.3333,17.8356
s4_it1,s4_it7,R_B,0,1670950581,0.5333,0.0,0.7333,0.8333,-0.2,-0.8333,17.8505
s4_it1,s4_it7,R_Bp,0,1560138826,0.7333,0.8333,0.7333,0.8333,0.0,0.0,17.8625
s4_it1,s4_it7,R_Bp,2,3161831483,0.5333,0.3333,0.7333,0.8333,-0.2,-0.5,17.8722
s4_it1,s4_it7,R_B,2,3254589629,1.0667,1.3333,0.7333,0.8333,0.3333,0.5,17.8832
s4_it1,s4_it7,R_Bp,1,3993085675,1.0667,0.3333,0.7333,0.8333,0.3333,-0.5,17.893
s4_it1,s4_it7,R_B,1,2335772802,1.0667,1.6667,0.7333,0.8333,0.3333,0.8333,17.9033
s0_it8,s0_it3,R_Bp,1,1334203431,1.1667,1.3333,1.1667,1.3333,0.0,0.0,17.9225
s0_it8,s0_it3,R_B,1,3643045947,1.5,1.3333,1.1667,1.3333,0.3333,0.0,17.9372
s0_it8,s0_it3,R_Bp,0,3532147318,1.1667,1.3333,1.1667,1.3333,0.0,0.0,17.9495
s0_it8,s0_it3,R_Bp,2,827659347,1.5,1.6667,1.1667,1.3333,0.3333,0.3333,17.9609
s0_it8,s0_it3,R_B,2,850649422,1.5,1.3333,1.1667,1.3333,0.3333,0.0,17.973
s0_it8,s0_it3,R_B,0,2492981255,1.1667,1.3333,1.1667,1.3333,0.0,0.0,17.9833
s5_it29,s5_it44,R_Bp,1,2110407987,0.8333,1.0,0.5833,1.0,0.25,0.0,18.0011
s5_it29,s5_it44,R_B,2,149239766,0.9167,1.0,0.5833,1.0,0.3333,0.0,18.0197
s5_it29,s5_it44,R_Bp,2,2674976817,1.1667,1.0,0.5833,1.0,0.5833,0.0,18.0328
s5_it29,s5_it44,R_Bp,0,1292083232,1.1667,1.5,0.5833,1.0,0.5833,0.5,18.0449
s5_it29,s5_it44,R_B,0,3196629377,0.5,1.0,0.5833,1.0,-0.0833,0.0,18.0588
s5_it29,s5_it44,R_B,1,1612201045,0.5833,1.0,0.5833,1.0,0.0,0.0,18.072
s7_it29,s7_it14,R_B,1,3680933999,1.0,1.0667,1.3333,1.9333,-0.3333,-0.8667,18.089
s7_it29,s7_it14,R_B,2,3544938785,1.6667,1.2333,1.3333,1.9333,0.3333,-0.7,18.1026
s7_it29,s7_it14,R_Bp,1,1673835488,1.3333,0.9333,1.3333,1.9333,0.0,-1.0,18.1265
s7_it29,s7_it14,R_Bp,0,3149793133,1.6667,1.4333,1.3333,1.9333,0.3333,-0.5,18.1415
s7_it29,s7_it14,R_Bp,2,3369340932,1.3333,1.4333,1.3333,1.9333,0.0,-0.5,18.156
s7_it29,s7_it14,R_B,0,1435284744,1.3333,1.4333,1.3333,1.9333,0.0,-0.5,18.1701
s6_it46,s6_it43,R_Bp,0,2320087433,2.75,1.25,2.75,1.0,0.0,0.25,18.1947
s6_it46,s6_it43,R_B,2,3154332871,2.4167,1.3333,2.75,1.0,-0.3333,0.3333,18.2096
s6_it46,s6_it43,R_B,0,2298724184,2.75,1.0,2.75,1.0,0.0,0.0,18.2219
s6_it46,s6_it43,R_B,1,3552920024,2.75,1.0,2.75,1.0,0.0,0.0,18.2336
s6_it46,s6_it43,R_Bp,1,337406930,2.75,1.0,2.75,1.0,0.0,0.0,18.2504
s6_it46,s6_it43,R_Bp,2,704983225,2.5,1.0,2.75,1.0,-0.25,0.0,18.2643
s7_it26,s7_it14,R_Bp,0,270645421,1.0,1.9333,0.75,1.9333,0.25,0.0,18.2883
s7_it26,s7_it14,R_B,2,2630234345,1.5,1.4333,0.75,1.9333,0.75,-0.5,18.3227
s7_it26,s7_it14,R_Bp,2,3726319792,0.5,1.9667,0.75,1.9333,-0.25,0.0333,18.3357
s7_it26,s7_it14,R_Bp,1,204468475,1.25,1.7333,0.75,1.9333,0.5,-0.2,18.3513
s7_it26,s7_it14,R_B,0,2174488807,1.5,1.4333,0.75,1.9333,0.75,-0.5,18.3704
s7_it26,s7_it14,R_B,1,3828365869,1.5,1.4333,0.75,1.9333,0.75,-0.5,18.3912
s2_it8,s2_it2,R_Bp,0,3840388811,0.9333,1.5,1.2667,1.5,-0.3333,0.0,18.4184
s2_it8,s2_it2,R_Bp,1,3230870412,0.9333,1.5,1.2667,1.5,-0.3333,0.0,18.4376
s2_it8,s2_it2,R_Bp,2,79137701,0.4,0.5,1.2667,1.5,-0.8667,-1.0,18.4582
s2_it8,s2_it2,R_B,1,93147137,0.9333,1.5,1.2667,1.5,-0.3333,0.0,18.4903
s2_it8,s2_it2,R_B,0,1121519979,0.7333,2.0,1.2667,1.5,-0.5333,0.5,18.5089
s2_it8,s2_it2,R_B,2,1430481824,0.9333,0.5,1.2667,1.5,-0.3333,-1.0,18.5314
s3_it7,s3_it8,R_Bp,0,2559009347,2.1667,1.9667,2.1667,1.2333,0.0,0.7333,18.5436
s3_it7,s3_it8,R_B,1,4090257189,2.1667,1.4333,2.1667,1.2333,0.0,0.2,18.5622
s3_it7,s3_it8,R_B,2,3813094296,2.1667,1.1,2.1667,1.2333,0.0,-0.1333,18.5742
s3_it7,s3_it8,R_B,0,1995051597,2.1667,1.3,2.1667,1.2333,0.0,0.0667,18.587
s3_it7,s3_it8,R_Bp,1,148799391,2.1667,1.4333,2.1667,1.2333,0.0,0.2,18.5977
s3_it7,s3_it8,R_Bp,2,2862361799,2.1667,1.9667,2.1667,1.2333,0.0,0.7333,18.6065
s2_it4,s2_it8,R_B,2,1104877196,1.0,0.7333,1.5,0.9333,-0.5,-0.2,18.6207
s2_it4,s2_it8,R_Bp,2,2817999449,1.5,0.9333,1.5,0.9333,0.0,0.0,18.6379
s2_it4,s2_it8,R_B,0,3790639165,2.0,0.9333,1.5,0.9333,0.5,0.0,18.6512
s2_it4,s2_it8,R_Bp,0,817540820,1.5,1.4667,1.5,0.9333,0.0,0.5333,18.6625
s2_it4,s2_it8,R_B,1,2624250590,1.5,0.9333,1.5,0.9333,0.0,0.0,18.6735
s2_it4,s2_it8,R_Bp,1,3248315344,1.5,0.9333,1.5,0.9333,0.0,0.0,18.6879
s5_it63,s5_it47,R_B,1,1268979591,2.0,0.4,1.75,0.2,0.25,0.2,18.7124
s5_it63,s5_it47,R_Bp,0,1662743738,1.5,0.9,1.75,0.2,-0.25,0.7,18.7351
s5_it63,s5_it47,R_Bp,2,1022735375,2.25,0.9,1.75,0.2,0.5,0.7,18.7531
s5_it63,s5_it47,R_B,0,3869327333,1.0,0.6,1.75,0.2,-0.75,0.4,18.7685
s5_it63,s5_it47,R_B,2,715519362,2.25,0.2,1.75,0.2,0.5,0.0,18.7914
s5_it63,s5_it47,R_Bp,1,551462822,1.75,0.4,1.75,0.2,0.0,0.2,18.8116
s4_it46,s4_it47,R_Bp,2,1501519634,0.5,1.1667,0.75,1.4167,-0.25,-0.25,18.8295
s4_it46,s4_it47,R_B,2,2610990891,0.5,1.4167,0.75,1.4167,-0.25,0.0,18.8459
s4_it46,s4_it47,R_Bp,0,213271068,0.75,1.3333,0.75,1.4167,0.0,-0.0833,18.8618
s4_it46,s4_it47,R_B,0,776113082,1.0,1.4167,0.75,1.4167,0.25,0.0,18.879
s4_it46,s4_it47,R_B,1,1494390717,0.5,1.3333,0.75,1.4167,-0.25,-0.0833,18.8908
s4_it46,s4_it47,R_Bp,1,2313989270,0.8333,1.8333,0.75,1.4167,0.0833,0.4167,18.9065
s6_it34,s6_it21,R_B,2,1316440069,2.3333,2.4167,2.0,0.5,0.3333,1.9167,18.9255
s6_it34,s6_it21,R_Bp,0,3448549451,2.0,0.5,2.0,0.5,0.0,0.0,18.9453
s6_it34,s6_it21,R_Bp,2,3767813532,1.0,0.5,2.0,0.5,-1.0,0.0,18.9607
s6_it34,s6_it21,R_B,1,3031805980,2.0,0.5833,2.0,0.5,0.0,0.0833,18.9759
s6_it34,s6_it21,R_B,0,3775002537,1.6667,0.9167,2.0,0.5,-0.3333,0.4167,18.9912
s6_it34,s6_it21,R_Bp,1,4153246939,2.0,0.5833,2.0,0.5,0.0,0.0833,19.009
s1_it26,s1_it31,R_Bp,0,6996503,2.5,1.3333,2.5,1.0,0.0,0.3333,19.0276
s1_it26,s1_it31,R_B,0,4152885935,2.5,1.0,2.5,1.0,0.0,0.0,19.0437
s1_it26,s1_it31,R_B,2,199129628,2.5,1.3333,2.5,1.0,0.0,0.3333,19.0537
s1_it26,s1_it31,R_B,1,2187232947,2.5,1.3333,2.5,1.0,0.0,0.3333,19.0655
s1_it26,s1_it31,R_Bp,1,4149052988,2.5,1.3333,2.5,1.0,0.0,0.3333,19.0765
s1_it26,s1_it31,R_Bp,2,3625958746,2.5,1.3333,2.5,1.0,0.0,0.3333,19.0898
s4_it56,s4_it46,R_B,1,3651122134,1.4167,0.5,1.4167,0.75,0.0,-0.25,19.1042
s4_it56,s4_it46,R_Bp,2,4233782067,1.6667,0.75,1.4167,0.75,0.25,0.0,19.1217
s4_it56,s4_it46,R_B,2,3944104635,1.6667,0.5,1.4167,0.75,0.25,-0.25,19.135
s4_it56,s4_it46,R_Bp,1,4167499078,1.4167,0.75,1.4167,0.75,0.0,0.0,19.1485
s4_it56,s4_it46,R_B,0,3469031135,0.9167,0.25,1.4167,0.75,-0.5,-0.5,19.1617
s4_it56,s4_it46,R_Bp,0,1489944282,0.9167,0.5,1.4167,0.75,-0.5,-0.25,19.1733
s4_it43,s4_it24,R_B,1,904044037,1.5,1.1,1.5,1.7,0.0,-0.6,19.1961
s4_it43,s4_it24,R_Bp,2,2426456300,1.5,1.1,1.5,1.7,0.0,-0.6,19.2188
s4_it43,s4_it24,R_B,2,806805108,1.5,0.9,1.5,1.7,0.0,-0.8,19.2326
s4_it43,s4_it24,R_Bp,0,4126808655,1.5,1.7,1.5,1.7,0.0,0.0,19.2495
s4_it43,s4_it24,R_Bp,1,2809901007,1.5,0.9,1.5,1.7,0.0,-0.8,19.265
s4_it43,s4_it24,R_B,0,1950497630,1.5,0.9,1.5,1.7,0.0,-0.8,19.2822
s5_it34,s5_it29,R_B,0,1164009175,2.5,0.8333,2.25,0.8333,0.25,0.0,19.2995
s5_it34,s5_it29,R_Bp,2,1831326006,2.5,0.5833,2.25,0.8333,0.25,-0.25,19.314
s5_it34,s5_it29,R_Bp,0,2518025993,2.0,1.5833,2.25,0.8333,-0.25,0.75,19.3274
s5_it34,s5_it29,R_B,1,2350594053,1.75,1.1667,2.25,0.8333,-0.5,0.3333,19.3403
s5_it34,s5_it29,R_B,2,2304990450,2.0,1.1667,2.25,0.8333,-0.25,0.3333,19.353
s5_it34,s5_it29,R_Bp,1,319418982,2.5,0.5833,2.25,0.8333,0.25,-0.25,19.3641
s6_it5,s6_it6,R_Bp,2,3809107483,2.4,1.2,1.2667,1.0,1.1333,0.2,19.3827
s6_it5,s6_it6,R_B,1,4113520922,1.0667,0.8,1.2667,1.0,-0.2,-0.2,19.4001
s6_it5,s6_it6,R_B,2,698396774,1.0667,1.0,1.2667,1.0,-0.2,0.0,19.4132
s6_it5,s6_it6,R_Bp,0,2413318483,1.2667,1.0,1.2667,1.0,0.0,0.0,19.4282
s6_it5,s6_it6,R_Bp,1,291211095,1.2667,1.2,1.2667,1.0,0.0,0.2,19.4423
s6_it5,s6_it6,R_B,0,2826592829,2.6,1.9,1.2667,1.0,1.3333,0.9,19.4569
s4_it7,s4_it1,R_B,0,1972079193,0.8333,0.5333,0.5,0.5333,0.3333,0.0,19.4691
s4_it7,s4_it1,R_B,1,2482969437,0.8333,1.0667,0.5,0.5333,0.3333,0.5333,19.4803
s4_it7,s4_it1,R_Bp,1,1597024698,1.6667,1.5333,0.5,0.5333,1.1667,1.0,19.4965
s4_it7,s4_it1,R_Bp,0,1373356026,0.8333,0.5333,0.5,0.5333,0.3333,0.0,19.5032
s4_it7,s4_it1,R_B,2,2342842086,0.8333,0.5333,0.5,0.5333,0.3333,0.0,19.5163
s4_it7,s4_it1,R_Bp,2,1932006125,0.0,1.0667,0.5,0.5333,-0.5,0.5333,19.5267
s4_it21,s4_it1,R_B,2,181051981,1.6667,0.7333,2.6667,0.7333,-1.0,0.0,19.5383
s4_it21,s4_it1,R_Bp,2,3794402595,2.6667,0.5333,2.6667,0.7333,0.0,-0.2,19.5524
s4_it21,s4_it1,R_Bp,0,3580416066,2.6667,0.5333,2.6667,0.7333,0.0,-0.2,19.5655
s4_it21,s4_it1,R_Bp,1,2188541818,2.6667,0.5333,2.6667,0.7333,0.0,-0.2,19.5772
s4_it21,s4_it1,R_B,1,3253601678,2.6667,0.7333,2.6667,0.7333,0.0,0.0,19.5912
s4_it21,s4_it1,R_B,0,608847467,1.6667,0.7333,2.6667,0.7333,-1.0,0.0,19.6004
s3_it3,s3_it8,R_B,1,4097230717,2.0,1.6333,1.75,1.4333,0.25,0.2,19.6146
s3_it3,s3_it8,R_B,0,1939163175,1.75,1.4333,1.75,1.4333,0.0,0.0,19.6245
s3_it3,s3_it8,R_Bp,0,4191920740,1.75,1.1,1.75,1.4333,0.0,-0.3333,19.6351
s3_it3,s3_it8,R_Bp,1,1961893003,1.75,1.7667,1.75,1.4333,0.0,0.3333,19.6458
s3_it3,s3_it8,R_B,2,3496924104,2.0,1.1,1.75,1.4333,0.25,-0.3333,19.6551
s3_it3,s3_it8,R_Bp,2,1489336340,1.75,1.2333,1.75,1.4333,0.0,-0.2,19.6633
s7_it10,s7_it2,R_Bp,2,3792884072,1.0,0.8333,0.5,0.5833,0.5,0.25,19.6805
s7_it10,s7_it2,R_B,0,3557753406,0.5,1.1667,0.5,0.5833,0.0,0.5833,19.6981
s7_it10,s7_it2,R_Bp,1,2090604515,0.5,0.5833,0.5,0.5833,0.0,0.0,19.7121
s7_it10,s7_it2,R_B,1,3669051612,1.0,0.9167,0.5,0.5833,0.5,0.3333,19.7256
s7_it10,s7_it2,R_Bp,0,544154129,0.5,0.5833,0.5,0.5833,0.0,0.0,19.7383
s7_it10,s7_it2,R_B,2,149498469,1.0,1.1667,0.5,0.5833,0.5,0.5833,19.7525
s4_it25,s4_it24,R_Bp,1,4120806306,1.5,1.1,1.75,0.7,-0.25,0.4,19.7809
s4_it25,s4_it24,R_B,0,1863835051,1.25,1.1,1.75,0.7,-0.5,0.4,19.7981
s4_it25,s4_it24,R_B,1,4138099896,1.75,0.9,1.75,0.7,0.0,0.2,19.815
s4_it25,s4_it24,R_B,2,1067250865,1.75,0.7,1.75,0.7,0.0,0.0,19.8296
s4_it25,s4_it24,R_Bp,0,36500661,1.75,1.1,1.75,0.7,0.0,0.4,19.8496
s4_it25,s4_it24,R_Bp,2,4202933414,1.75,0.9,1.75,0.7,0.0,0.2,19.8682
s0_it27,s0_it20,R_B,0,939760709,2.15,0.8333,1.65,0.8333,0.5,0.0,19.8892
s0_it27,s0_it20,R_Bp,1,979513658,2.2,1.0833,1.65,0.8333,0.55,0.25,19.9072
s0_it27,s0_it20,R_Bp,2,381566706,1.7,0.75,1.65,0.8333,0.05,-0.0833,19.9195
s0_it27,s0_it20,R_B,1,3389696576,2.2,1.0833,1.65,0.8333,0.55,0.25,19.9357
s0_it27,s0_it20,R_B,2,2519322839,1.9,1.0833,1.65,0.8333,0.25,0.25,19.952
s0_it27,s0_it20,R_Bp,0,3123147271,1.95,1.4167,1.65,0.8333,0.3,0.5833,19.9646
s7_it37,s7_it38,R_B,0,3481349707,1.4,1.9167,0.2,1.3333,1.2,0.5833,19.9864
s7_it37,s7_it38,R_B,1,4226301944,0.2,1.9167,0.2,1.3333,0.0,0.5833,20.0037
s7_it37,s7_it38,R_Bp,1,2523204228,0.65,1.3333,0.2,1.3333,0.45,0.0,20.0311
s7_it37,s7_it38,R_Bp,0,526487254,1.6,1.5833,0.2,1.3333,1.4,0.25,20.0493
s7_it37,s7_it38,R_B,2,3227121353,0.45,2.1667,0.2,1.3333,0.25,0.8333,20.0666
s7_it37,s7_it38,R_Bp,2,579379228,1.4,0.8333,0.2,1.3333,1.2,-0.5,20.0823
s6_it49,s6_it43,R_B,2,2258520812,2.0,1.5833,1.5,1.0,0.5,0.5833,20.1066
s6_it49,s6_it43,R_Bp,0,2115039707,2.0,1.25,1.5,1.0,0.5,0.25,20.1334
s6_it49,s6_it43,R_Bp,2,2297747452,1.5,1.0,1.5,1.0,0.0,0.0,20.1555
s6_it49,s6_it43,R_B,1,179274949,2.0,1.25,1.5,1.0,0.5,0.25,20.1824
s6_it49,s6_it43,R_Bp,1,2244127473,1.5,1.25,1.5,1.0,0.0,0.25,20.203
s6_it49,s6_it43,R_B,0,694124872,2.0,1.5833,1.5,1.0,0.5,0.5833,20.2168
s1_it31,s1_it25,R_Bp,1,1904418008,1.0,1.6667,1.3333,1.5,-0.3333,0.1667,20.2355
s1_it31,s1_it25,R_B,0,1571161156,1.0,1.1667,1.3333,1.5,-0.3333,-0.3333,20.2544
s1_it31,s1_it25,R_B,1,264258613,1.3333,1.1667,1.3333,1.5,0.0,-0.3333,20.2687
s1_it31,s1_it25,R_Bp,0,1321931474,1.0,1.5,1.3333,1.5,-0.3333,0.0,20.2833
s1_it31,s1_it25,R_B,2,3666298895,1.0,1.5,1.3333,1.5,-0.3333,0.0,20.2993
s1_it31,s1_it25,R_Bp,2,1210050413,1.3333,1.5,1.3333,1.5,0.0,0.0,20.3147
s2_it9,s2_it8,R_Bp,1,2048851716,1.8333,0.9333,1.8333,0.9333,0.0,0.0,20.335
s2_it9,s2_it8,R_B,0,3131806512,1.8333,1.1333,1.8333,0.9333,0.0,0.2,20.3623
s2_it9,s2_it8,R_Bp,0,2978009519,1.8333,0.6,1.8333,0.9333,0.0,-0.3333,20.3788
s2_it9,s2_it8,R_B,1,600352374,2.0833,0.7333,1.8333,0.9333,0.25,-0.2,20.3965
s2_it9,s2_it8,R_B,2,3348050284,1.8333,1.2667,1.8333,0.9333,0.0,0.3333,20.4133
s2_it9,s2_it8,R_Bp,2,3757695937,1.8333,0.7333,1.8333,0.9333,0.0,-0.2,20.4287
s6_it15,s6_it6,R_Bp,1,1450893413,0.4,1.5,0.9,1.2,-0.5,0.3,20.4433
s6_it15,s6_it6,R_B,2,1722189646,1.1,1.2,0.9,1.2,0.2,0.0,20.4636
s6_it15,s6_it6,R_B,0,1937456788,0.9,1.0,0.9,1.2,0.0,-0.2,20.4752
s6_it15,s6_it6,R_B,1,3583050001,0.9,1.7,0.9,1.2,0.0,0.5,20.4863
s6_it15,s6_it6,R_Bp,2,752411287,0.4,1.0,0.9,1.2,-0.5,-0.2,20.4981
s6_it15,s6_it6,R_Bp,0,2523125724,0.4,1.0,0.9,1.2,-0.5,-0.2,20.5083
s5_it35,s5_it29,R_Bp,0,2995778188,2.5,1.1667,2.0,0.9167,0.5,0.25,20.5292
s5_it35,s5_it29,R_Bp,2,3328769111,2.5,1.1667,2.0,0.9167,0.5,0.25,20.5485
s5_it35,s5_it29,R_Bp,1,2365501353,2.5,0.5833,2.0,0.9167,0.5,-0.3333,20.5655
s5_it35,s5_it29,R_B,0,4180536223,2.5,0.8333,2.0,0.9167,0.5,-0.0833,20.5888
s5_it35,s5_it29,R_B,2,403344772,2.0,0.9167,2.0,0.9167,0.0,0.0,20.606
s5_it35,s5_it29,R_B,1,2486161877,2.0,0.5,2.0,0.9167,0.0,-0.4167,20.6221
s2_it38,s2_it29,R_Bp,1,2550649699,2.1667,1.5833,2.6667,1.5833,-0.5,0.0,20.6385
s2_it38,s2_it29,R_Bp,2,632362001,2.1667,1.5833,2.6667,1.5833,-0.5,0.0,20.6508
s2_it38,s2_it29,R_Bp,0,3086425178,2.1667,1.8333,2.6667,1.5833,-0.5,0.25,20.6629
s2_it38,s2_it29,R_B,1,555559136,1.8333,1.9167,2.6667,1.5833,-0.8333,0.3333,20.6769
s2_it38,s2_it29,R_B,2,230251619,2.1667,1.5833,2.6667,1.5833,-0.5,0.0,20.6888
s2_it38,s2_it29,R_B,0,3426920864,2.3333,1.5833,2.6667,1.5833,-0.3333,0.0,20.7002
s4_it24,s4_it35,R_B,2,2258581973,0.2,1.4,0.9,0.9,-0.7,0.5,20.7254
s4_it24,s4_it35,R_B,0,1621915243,0.9,1.4,0.9,0.9,0.0,0.5,20.7486
s4_it24,s4_it35,R_Bp,2,2614411659,0.7,0.7,0.9,0.9,-0.2,-0.2,20.7658
s4_it24,s4_it35,R_Bp,0,866442396,0.7,1.4,0.9,0.9,-0.2,0.5,20.7809
s4_it24,s4_it35,R_B,1,1002731523,0.9,0.7,0.9,0.9,0.0,-0.2,20.8003
s4_it24,s4_it35,R_Bp,1,1986737230,1.1,0.9,0.9,0.9,0.2,0.0,20.8172
s2_it36,s2_it29,R_Bp,2,4196036519,1.1667,1.25,0.8333,1.25,0.3333,0.0,20.8297
s2_it36,s2_it29,R_B,0,4081081329,1.1667,2.25,0.8333,1.25,0.3333,1.0,20.8442
s2_it36,s2_it29,R_B,2,3431533498,1.1667,1.9167,0.8333,1.25,0.3333,0.6667,20.8534
s2_it36,s2_it29,R_Bp,0,3588984730,1.1667,1.75,0.8333,1.25,0.3333,0.5,20.8657
s2_it36,s2_it29,R_Bp,1,2031340916,1.1667,1.25,0.8333,1.25,0.3333,0.0,20.8774
s2_it36,s2_it29,R_B,1,2788942916,1.1667,1.5833,0.8333,1.25,0.3333,0.3333,20.889
s2_it25,s2_it22,R_B,0,3045428987,1.75,1.8,1.75,1.6,0.0,0.2,20.9073
s2_it25,s2_it22,R_Bp,2,419020491,1.75,1.8,1.75,1.6,0.0,0.2,20.9263
s2_it25,s2_it22,R_Bp,0,1837911174,1.75,1.8,1.75,1.6,0.0,0.2,20.9396
s2_it25,s2_it22,R_Bp,1,3226493014,1.5,1.8,1.75,1.6,-0.25,0.2,20.9536
s2_it25,s2_it22,R_B,1,1153256189,1.75,1.8,1.75,1.6,0.0,0.2,20.9667
s2_it25,s2_it22,R_B,2,3643704255,1.75,1.8,1.75,1.6,0.0,0.2,20.9805
s0_it38,s0_it29,R_B,0,221248948,1.9333,1.4167,1.6,1.6667,0.3333,-0.25,20.9985
s0_it38,s0_it29,R_Bp,0,3508111424,1.4,1.6667,1.6,1.6667,-0.2,0.0,21.0153
s0_it38,s0_it29,R_B,1,961575158,0.9333,0.9167,1.6,1.6667,-0.6667,-0.75,21.0314
s0_it38,s0_it29,R_B,2,821675398,1.9333,1.4167,1.6,1.6667,0.3333,-0.25,21.0444
s0_it38,s0_it29,R_Bp,2,2082165641,1.9333,1.1667,1.6,1.6667,0.3333,-0.5,21.0587
s0_it38,s0_it29,R_Bp,1,3437051742,1.9333,1.0833,1.6,1.6667,0.3333,-0.5833,21.0728
s0_it2,s0_it3,R_B,2,3195691978,1.4667,1.3333,1.4667,1.3333,0.0,0.0,21.0828
s0_it2,s0_it3,R_B,1,2168877100,1.2667,1.3333,1.4667,1.3333,-0.2,0.0,21.0929
s0_it2,s0_it3,R_Bp,1,3768332903,1.7667,1.3333,1.4667,1.3333,0.3,0.0,21.1067
s0_it2,s0_it3,R_Bp,2,2435817659,1.5667,1.3333,1.4667,1.3333,0.1,0.0,21.1182
s0_it2,s0_it3,R_Bp,0,4198457249,1.7667,1.3333,1.4667,1.3333,0.3,0.0,21.1284
s0_it2,s0_it3,R_B,0,3826623797,1.9667,1.3333,1.4667,1.3333,0.5,0.0,21.1397
s1_it15,s1_it23,R_B,2,497952477,0.5,1.6167,0.75,1.3667,-0.25,0.25,21.1659
s1_it15,s1_it23,R_B,0,771196571,0.5,1.8167,0.75,1.3667,-0.25,0.45,21.1813
s1_it15,s1_it23,R_Bp,2,2217157176,0.75,1.3667,0.75,1.3667,0.0,0.0,21.202
s1_it15,s1_it23,R_B,1,1971761082,0.5,1.3167,0.75,1.3667,-0.25,-0.05,21.2174
s1_it15,s1_it23,R_Bp,1,3220347897,0.5,1.3667,0.75,1.3667,-0.25,0.0,21.2327
s1_it15,s1_it23,R_Bp,0,3612782141,0.5,1.3667,0.75,1.3667,-0.25,0.0,21.25
s1_it30,s1_it31,R_Bp,0,1215434369,1.5,1.3333,3.0,1.3333,-1.5,0.0,21.2675
s1_it30,s1_it31,R_B,1,587351266,3.0,1.0,3.0,1.3333,0.0,-0.3333,21.2833
s1_it30,s1_it31,R_B,0,188739887,2.6667,1.0,3.0,1.3333,-0.3333,-0.3333,21.2938
s1_it30,s1_it31,R_B,2,428425931,2.6667,1.0,3.0,1.3333,-0.3333,-0.3333,21.307
s1_it30,s1_it31,R_Bp,2,3231935327,3.0,1.3333,3.0,1.3333,0.0,0.0,21.3211
s1_it30,s1_it31,R_Bp,1,973076179,2.6667,1.3333,3.0,1.3333,-0.3333,0.0,21.3334
s5_it12,s5_it9,R_B,2,3369133641,1.5,1.0,1.0,1.0,0.5,0.0,21.349
s5_it12,s5_it9,R_B,1,2445910928,1.5,1.0,1.0,1.0,0.5,0.0,21.361
s5_it12,s5_it9,R_Bp,2,3111073877,1.25,1.0,1.0,1.0,0.25,0.0,21.3753
s5_it12,s5_it9,R_Bp,0,1499926881,1.25,1.5,1.0,1.0,0.25,0.5,21.3881
s5_it12,s5_it9,R_Bp,1,707701819,0.5,1.5,1.0,1.0,-0.5,0.5,21.3994
s5_it12,s5_it9,R_B,0,287976755,1.25,1.0,1.0,1.0,0.25,0.0,21.4106
s2_it6,s2_it8,R_B,0,4017171546,2.0,1.2667,1.5,1.2667,0.5,0.0,21.4347
s2_it6,s2_it8,R_B,1,111022790,0.5,0.9333,1.5,1.2667,-1.0,-0.3333,21.4545
s2_it6,s2_it8,R_Bp,0,2042167265,1.5,0.7333,1.5,1.2667,0.0,-0.5333,21.4783
s2_it6,s2_it8,R_B,2,940274901,2.0,0.9333,1.5,1.2667,0.5,-0.3333,21.4981
s2_it6,s2_it8,R_Bp,2,298959694,2.0,0.9333,1.5,1.2667,0.5,-0.3333,21.5182
s2_it6,s2_it8,R_Bp,1,3873856360,2.0,1.2667,1.5,1.2667,0.5,0.0,21.5358
s0_it37,s0_it29,R_B,2,1248783324,1.8333,1.0833,1.5,2.1667,0.3333,-1.0833,21.5518
s0_it37,s0_it29,R_B,0,2761018498,1.5,0.8333,1.5,2.1667,0.0,-1.3333,21.5635
s0_it37,s0_it29,R_Bp,2,3241282487,1.5,1.3333,1.5,2.1667,0.0,-0.8333,21.5817
s0_it37,s0_it29,R_B,1,3750131356,1.5,1.3333,1.5,2.1667,0.0,-0.8333,21.5927
s0_it37,s0_it29,R_Bp,0,1079542555,1.5,1.1667,1.5,2.1667,0.0,-1.0,21.6035
s0_it37,s0_it29,R_Bp,1,1367186187,1.5,1.1667,1.5,2.1667,0.0,-1.0,21.6187
s7_it6,s7_it2,R_Bp,0,179970416,1.5,0.9167,1.5,0.9167,0.0,0.0,21.6389
s7_it6,s7_it2,R_Bp,2,4179622333,1.5,0.25,1.5,0.9167,0.0,-0.6667,21.6561
s7_it6,s7_it2,R_Bp,1,972803391,1.5,0.9167,1.5,0.9167,0.0,0.0,21.671
s7_it6,s7_it2,R_B,0,3947530442,1.8333,0.5833,1.5,0.9167,0.3333,-0.3333,21.6954
s7_it6,s7_it2,R_B,2,307167094,1.8333,0.5833,1.5,0.9167,0.3333,-0.3333,21.7121
s7_it6,s7_it2,R_B,1,1487458840,1.8333,0.8333,1.5,0.9167,0.3333,-0.0833,21.7268
s5_it37,s5_it29,R_Bp,0,246597151,0.25,0.8333,0.25,0.9167,0.0,-0.0833,21.7434
s5_it37,s5_it29,R_B,0,1681904635,0.25,0.9167,0.25,0.9167,0.0,0.0,21.7586
s5_it37,s5_it29,R_B,1,2813984743,1.5,0.8333,0.25,0.9167,1.25,-0.0833,21.7701
s5_it37,s5_it29,R_B,2,1097019178,0.25,0.8333,0.25,0.9167,0.0,-0.0833,21.7817
s5_it37,s5_it29,R_Bp,2,728736944,0.25,0.5833,0.25,0.9167,0.0,-0.3333,21.7935
s5_it37,s5_it29,R_Bp,1,1436211942,0.25,1.5833,0.25,0.9167,0.0,0.6667,21.8059
s4_it23,s4_it24,R_Bp,1,1320144045,1.6667,0.9,2.3333,0.9,-0.6667,0.0,21.833
s4_it23,s4_it24,R_Bp,2,4066569993,2.6667,0.7,2.3333,0.9,0.3333,-0.2,21.8582
s4_it23,s4_it24,R_B,2,2996126397,1.6667,0.9,2.3333,0.9,-0.6667,0.0,21.8792
s4_it23,s4_it24,R_B,0,3078659747,2.0,0.9,2.3333,0.9,-0.3333,0.0,21.8986
s4_it23,s4_it24,R_Bp,0,325492845,1.3333,1.1,2.3333,0.9,-1.0,0.2,21.9171
s4_it23,s4_it24,R_B,1,907321145,1.3333,0.7,2.3333,0.9,-1.0,-0.2,21.9331
s7_it3,s7_it2,R_Bp,0,652928277,2.5,0.5833,1.5,0.5833,1.0,0.0,21.9512
s7_it3,s7_it2,R_B,2,3834288921,1.5,0.5833,1.5,0.5833,0.0,0.0,21.9649
s7_it3,s7_it2,R_Bp,1,3434546518,1.5,0.9167,1.5,0.5833,0.0,0.3333,21.9754
s7_it3,s7_it2,R_B,0,1204563151,1.5,0.5,1.5,0.5833,0.0,-0.0833,21.9841
s7_it3,s7_it2,R_B,1,1288109701,1.5,0.8333,1.5,0.5833,0.0,0.25,21.993
s7_it3,s7_it2,R_Bp,2,3195128730,1.75,0.9167,1.5,0.5833,0.25,0.3333,22.0047
s5_it57,s5_it47,R_Bp,1,2938163634,1.8333,0.6,2.1667,0.4,-0.3333,0.2,22.0249
s5_it57,s5_it47,R_B,2,860393997,2.1667,0.4,2.1667,0.4,0.0,0.0,22.0422
s5_it57,s5_it47,R_B,0,1744227717,1.5,1.1,2.1667,0.4,-0.6667,0.7,22.0552
s5_it57,s5_it47,R_Bp,0,1030343848,2.1667,0.4,2.1667,0.4,0.0,0.0,22.0727
s5_it57,s5_it47,R_Bp,2,2048744853,1.5,1.6,2.1667,0.4,-0.6667,1.2,22.0892
s5_it57,s5_it47,R_B,1,3762759923,2.4167,0.6,2.1667,0.4,0.25,0.2,22.1047
s2_it5,s2_it8,R_Bp,1,1571469433,2.5,0.9333,2.25,1.2667,0.25,-0.3333,22.1164
s2_it5,s2_it8,R_B,2,2437926439,2.25,0.7333,2.25,1.2667,0.0,-0.5333,22.1249
s2_it5,s2_it8,R_B,1,1070008085,1.75,1.2667,2.25,1.2667,-0.5,0.0,22.1357
s2_it5,s2_it8,R_Bp,0,917659258,2.25,0.9333,2.25,1.2667,0.0,-0.3333,22.1434
s2_it5,s2_it8,R_B,0,729736246,2.25,0.9333,2.25,1.2667,0.0,-0.3333,22.1508
s2_it5,s2_it8,R_Bp,2,1983974416,2.5,1.2667,2.25,1.2667,0.25,0.0,22.162
s3_it35,s3_it30,R_B,1,2174388624,2.0,1.7667,1.75,1.9667,0.25,-0.2,22.1736
s3_it35,s3_it30,R_Bp,1,846521578,1.75,1.2333,1.75,1.9667,0.0,-0.7333,22.1891
s3_it35,s3_it30,R_Bp,2,757209748,1.5,1.2667,1.75,1.9667,-0.25,-0.7,22.1985
s3_it35,s3_it30,R_Bp,0,2192025979,2.0,1.6333,1.75,1.9667,0.25,-0.3333,22.2105
s3_it35,s3_it30,R_B,2,3636135450,2.0,1.3167,1.75,1.9667,0.25,-0.65,22.2179
s3_it35,s3_it30,R_B,0,1517349982,1.25,2.2167,1.75,1.9667,-0.5,0.25,22.2259
s6_it32,s6_it21,R_B,1,4073438361,1.25,0.25,2.25,0.9167,-1.0,-0.6667,22.2487
s6_it32,s6_it21,R_Bp,2,3505981552,2.5,0.8333,2.25,0.9167,0.25,-0.0833,22.2694
s6_it32,s6_it21,R_B,2,682950548,1.5,0.9167,2.25,0.9167,-0.75,0.0,22.2948
s6_it32,s6_it21,R_Bp,0,2434330901,2.75,0.25,2.25,0.9167,0.5,-0.6667,22.3114
s6_it32,s6_it21,R_B,0,2863066965,1.25,0.5833,2.25,0.9167,-1.0,-0.3333,22.3287
s6_it32,s6_it21,R_Bp,1,2858876531,1.5,1.8333,2.25,0.9167,-0.75,0.9167,22.3485
s5_it65,s5_it47,R_B,1,3247007752,0.2,0.6,0.4,0.4,-0.2,0.2,22.3768
s5_it65,s5_it47,R_Bp,2,526118433,1.4,0.6,0.4,0.4,1.0,0.2,22.4026
s5_it65,s5_it47,R_B,2,2211602747,0.4,0.9,0.4,0.4,0.0,0.5,22.4178
s5_it65,s5_it47,R_Bp,0,2803055238,0.2,0.6,0.4,0.4,-0.2,0.2,22.4369
s5_it65,s5_it47,R_Bp,1,3270747576,0.4,0.4,0.4,0.4,0.0,0.0,22.4549
s5_it65,s5_it47,R_B,0,1709249607,0.4,1.6,0.4,0.4,0.0,1.2,22.4727
s6_it39,s6_it21,R_B,0,2534772282,2.4167,0.25,1.25,1.1667,1.1667,-0.9167,22.4934
s6_it39,s6_it21,R_Bp,1,2080367976,1.5833,0.8333,1.25,1.1667,0.3333,-0.3333,22.5146
s6_it39,s6_it21,R_B,2,692310394,1.5,1.1667,1.25,1.1667,0.25,0.0,22.5302
s6_it39,s6_it21,R_Bp,0,3920715529,1.3333,1.1667,1.25,1.1667,0.0833,0.0,22.5462
s6_it39,s6_it21,R_B,1,3405544861,1.25,0.25,1.25,1.1667,0.0,-0.9167,22.5638
s6_it39,s6_it21,R_Bp,2,2929651201,1.8333,0.8333,1.25,1.1667,0.5833,-0.3333,22.5795
s5_it5,s5_it9,R_Bp,2,1620911735,1.75,1.5,1.5,1.0,0.25,0.5,22.5955
s5_it5,s5_it9,R_B,0,2816268555,1.5,1.5,1.5,1.0,0.0,0.5,22.6067
s5_it5,s5_it9,R_B,2,2720463751,1.5,1.0,1.5,1.0,0.0,0.0,22.6173
s5_it5,s5_it9,R_Bp,1,637111660,1.75,1.5,1.5,1.0,0.25,0.5,22.6274
s5_it5,s5_it9,R_B,1,3774033026,1.75,1.0,1.5,1.0,0.25,0.0,22.6385
s5_it5,s5_it9,R_Bp,0,3963975699,1.75,1.0,1.5,1.0,0.25,0.0,22.6497
s4_it58,s4_it46,R_B,0,3110247239,2.1667,0.25,1.8333,0.5,0.3333,-0.25,22.666
s4_it58,s4_it46,R_Bp,1,3212251473,1.8333,0.5,1.8333,0.5,0.0,0.0,22.6828
s4_it58,s4_it46,R_B,1,1978747762,2.1667,0.5,1.8333,0.5,0.3333,0.0,22.692
s4_it58,s4_it46,R_B,2,1780544854,1.8333,0.75,1.8333,0.5,0.0,0.25,22.7018
s4_it58,s4_it46,R_Bp,2,421763663,1.5,0.5,1.8333,0.5,-0.3333,0.0,22.7143
s4_it58,s4_it46,R_Bp,0,1762812712,1.8333,1.0,1.8333,0.5,0.0,0.5,22.7272
s5_it64,s5_it47,R_B,1,2274899942,1.8333,0.6,2.6667,1.6,-0.8333,-1.0,22.7436
s5_it64,s5_it47,R_Bp,0,2078705242,1.8333,0.4,2.6667,1.6,-0.8333,-1.2,22.7646
s5_it64,s5_it47,R_Bp,1,2662568135,1.5,0.4,2.6667,1.6,-1.1667,-1.2,22.7894
s5_it64,s5_it47,R_B,0,1697809213,1.8333,1.7,2.6667,1.6,-0.8333,0.1,22.8011
s5_it64,s5_it47,R_B,2,1683570327,2.6667,0.4,2.6667,1.6,0.0,-1.2,22.8124
s5_it64,s5_it47,R_Bp,2,3028608873,1.8333,1.6,2.6667,1.6,-0.8333,0.0,22.8288
s0_it1,s0_it3,R_Bp,2,1518523376,1.3333,1.6667,1.4167,1.3333,-0.0833,0.3333,22.8421
s0_it1,s0_it3,R_Bp,1,1661922526,1.8333,1.3333,1.4167,1.3333,0.4167,0.0,22.8565
s0_it1,s0_it3,R_B,0,687344881,0.75,1.3333,1.4167,1.3333,-0.6667,0.0,22.8691
s0_it1,s0_it3,R_B,2,2952792658,1.6667,1.3333,1.4167,1.3333,0.25,0.0,22.8812
s0_it1,s0_it3,R_Bp,0,3348685318,1.6667,1.3333,1.4167,1.3333,0.25,0.0,22.8916
s0_it1,s0_it3,R_B,1,1500463253,1.5833,1.3333,1.4167,1.3333,0.1667,0.0,22.9023
s4_it38,s4_it24,R_B,1,1974538375,1.1667,0.9,1.8333,0.9,-0.6667,0.0,22.9249
s4_it38,s4_it24,R_Bp,2,2222816731,1.8333,1.1,1.8333,0.9,0.0,0.2,22.9565
s4_it38,s4_it24,R_B,2,3787183277,1.1667,0.9,1.8333,0.9,-0.6667,0.0,22.9726
s4_it38,s4_it24,R_Bp,0,531289379,0.9167,0.9,1.8333,0.9,-0.9167,0.0,22.9935
s4_it38,s4_it24,R_B,0,3345015653,1.25,0.9,1.8333,0.9,-0.5833,0.0,23.0119
s4_it38,s4_it24,R_Bp,1,3001411918,1.75,1.1,1.8333,0.9,-0.0833,0.2,23.033
s0_it39,s0_it29,R_B,2,3085817481,1.3333,1.4167,1.1667,1.9167,0.1667,-0.5,23.0627
s0_it39,s0_it29,R_B,1,166129111,1.1667,1.0833,1.1667,1.9167,0.0,-0.8333,23.0829
s0_it39,s0_it29,R_Bp,1,435556967,1.1667,1.4167,1.1667,1.9167,0.0,-0.5,23.1043
s0_it39,s0_it29,R_Bp,2,419974972,1.1667,1.9167,1.1667,1.9167,0.0,0.0,23.1228
s0_it39,s0_it29,R_B,0,3327661530,1.6667,1.4167,1.1667,1.9167,0.5,-0.5,23.1446
s0_it39,s0_it29,R_Bp,0,3450093296,1.1667,1.0833,1.1667,1.9167,0.0,-0.8333,23.1609
s0_it40,s0_it29,R_B,2,1784734688,1.8333,1.6667,1.8333,1.4167,0.0,0.25,23.1798
s0_it40,s0_it29,R_B,1,3489734825,1.8333,1.6667,1.8333,1.4167,0.0,0.25,23.1934
s0_it40,s0_it29,R_Bp,2,2468763678,1.8333,1.4167,1.8333,1.4167,0.0,0.0,23.2106
s0_it40,s0_it29,R_B,0,2193334254,1.5833,1.4167,1.8333,1.4167,-0.25,0.0,23.2278
s0_it40,s0_it29,R_Bp,1,3417580642,1.5,1.0833,1.8333,1.4167,-0.3333,-0.3333,23.2429
s0_it40,s0_it29,R_Bp,0,2108056457,1.5833,1.9167,1.8333,1.4167,-0.25,0.5,23.2547
s5_it59,s5_it47,R_Bp,2,1609617949,0.5,0.4,1.5,1.9,-1.0,-1.5,23.2759
s5_it59,s5_it47,R_B,0,2039797981,0.25,0.9,1.5,1.9,-1.25,-1.0,23.2991
s5_it59,s5_it47,R_B,1,4259308737,0.5,0.6,1.5,1.9,-1.0,-1.3,23.3226
s5_it59,s5_it47,R_Bp,1,3958500613,0.75,0.6,1.5,1.9,-0.75,-1.3,23.3386
s5_it59,s5_it47,R_Bp,0,4188026606,0.5,0.6,1.5,1.9,-1.0,-1.3,23.3551
s5_it59,s5_it47,R_B,2,2372359385,0.25,0.4,1.5,1.9,-1.25,-1.5,23.374
s2_it10,s2_it8,R_Bp,0,2053376944,2.0,0.9333,2.0,0.9333,0.0,0.0,23.3884
s2_it10,s2_it8,R_Bp,1,2364345478,2.5,0.9333,2.0,0.9333,0.5,0.0,23.4009
s2_it10,s2_it8,R_B,1,505573535,2.0,1.2667,2.0,0.9333,0.0,0.3333,23.4106
s2_it10,s2_it8,R_B,0,3955521266,2.0,0.6,2.0,0.9333,0.0,-0.3333,23.4224
s2_it10,s2_it8,R_B,2,965722448,2.0,1.2667,2.0,0.9333,0.0,0.3333,23.4309
s2_it10,s2_it8,R_Bp,2,2533733452,2.25,1.2667,2.0,0.9333,0.25,0.3333,23.4407
s2_it14,s2_it8,R_Bp,2,1320080188,2.4,0.9333,2.1,0.6,0.3,0.3333,23.454
s2_it14,s2_it8,R_B,0,3199928492,2.3,0.9333,2.1,0.6,0.2,0.3333,23.4633
s2_it14,s2_it8,R_B,1,985594188,2.3,0.9333,2.1,0.6,0.2,0.3333,23.4736
s2_it14,s2_it8,R_Bp,1,1460727314,1.65,0.6,2.1,0.6,-0.45,0.0,23.4859
s2_it14,s2_it8,R_B,2,799751739,2.05,1.2667,2.1,0.6,-0.05,0.6667,23.4945
s2_it14,s2_it8,R_Bp,0,3663858078,2.1,0.7333,2.1,0.6,0.0,0.1333,23.5037
s5_it42,s5_it29,R_Bp,2,3872588308,1.75,0.75,2.0,1.5833,-0.25,-0.8333,23.5195
s5_it42,s5_it29,R_Bp,1,2124188417,2.0,0.5,2.0,1.5833,0.0,-1.0833,23.5318
s5_it42,s5_it29,R_Bp,0,387036362,1.75,0.8333,2.0,1.5833,-0.25,-0.75,23.5438
s5_it42,s5_it29,R_B,0,3089982805,2.0,0.5,2.0,1.5833,0.0,-1.0833,23.5577
s5_it42,s5_it29,R_B,1,2136058886,2.0,0.8333,2.0,1.5833,0.0,-0.75,23.5694
s5_it42,s5_it29,R_B,2,1602215346,2.0,0.8333,2.0,1.5833,0.0,-0.75,23.5792
s4_it34,s4_it24,R_Bp,2,1448065531,1.5,1.1,1.75,0.7,-0.25,0.4,23.6101
s4_it34,s4_it24,R_B,2,711129900,1.5,0.9,1.75,0.7,-0.25,0.2,23.6367
s4_it34,s4_it24,R_B,0,2855925986,1.5,0.9,1.75,0.7,-0.25,0.2,23.6566
s4_it34,s4_it24,R_Bp,0,421852877,1.5,1.1,1.75,0.7,-0.25,0.4,23.68
s4_it34,s4_it24,R_Bp,1,3720868787,1.5,1.1,1.75,0.7,-0.25,0.4,23.7025
s4_it34,s4_it24,R_B,1,3870838788,1.5,0.9,1.75,0.7,-0.25,0.2,23.7229
s6_it2,s6_it6,R_Bp,2,772981173,2.25,1.5,1.75,1.7,0.5,-0.2,23.7393
s6_it2,s6_it6,R_B,0,1126949409,2.0,1.2,1.75,1.7,0.25,-0.5,23.7535
s6_it2,s6_it6,R_B,2,4023967361,1.75,1.2,1.75,1.7,0.0,-0.5,23.7632
s6_it2,s6_it6,R_B,1,3025575500,1.5,1.2,1.75,1.7,-0.25,-0.5,23.7774
s6_it2,s6_it6,R_Bp,1,214133032,2.0,0.8,1.75,1.7,0.25,-0.9,23.7988
s6_it2,s6_it6,R_Bp,0,3094272970,2.0,1.0,1.75,1.7,0.25,-0.7,23.8112
s4_it36,s4_it24,R_Bp,1,750900764,1.9,0.9,2.6,1.1,-0.7,-0.2,23.8373
s4_it36,s4_it24,R_Bp,0,1715141202,2.6,1.1,2.6,1.1,0.0,0.0,23.8563
s4_it36,s4_it24,R_B,1,3203012165,1.2667,0.9,2.6,1.1,-1.3333,-0.2,23.8869
s4_it36,s4_it24,R_B,0,2668668169,2.1,0.9,2.6,1.1,-0.5,-0.2,23.9029
s4_it36,s4_it24,R_B,2,1269116130,2.6,0.7,2.6,1.1,0.0,-0.4,23.9168
s4_it36,s4_it24,R_Bp,2,3845110899,1.9,0.7,2.6,1.1,-0.7,-0.4,23.9365
s6_it61,s6_it43,R_B,1,3649185545,0.6667,1.0,1.1667,1.0,-0.5,0.0,23.9563
s6_it61,s6_it43,R_Bp,0,1015222223,1.8333,1.0,1.1667,1.0,0.6667,0.0,23.9818
s6_it61,s6_it43,R_Bp,1,2202519153,1.0,1.0,1.1667,1.0,-0.1667,0.0,23.9988
s6_it61,s6_it43,R_B,0,2333872652,1.1667,1.3333,1.1667,1.0,0.0,0.3333,24.0138
s6_it61,s6_it43,R_Bp,2,2786964489,1.5,1.25,1.1667,1.0,0.3333,0.25,24.0301
s6_it61,s6_it43,R_B,2,3475266535,1.1667,1.25,1.1667,1.0,0.0,0.25,24.0448
s6_it51,s6_it43,R_Bp,0,560021157,1.3333,1.0,1.3333,1.25,0.0,-0.25,24.0722
s6_it51,s6_it43,R_Bp,1,2832195894,1.3333,1.0,1.3333,1.25,0.0,-0.25,24.0896
s6_it51,s6_it43,R_Bp,2,2000877547,1.3333,1.0,1.3333,1.25,0.0,-0.25,24.1077
s6_it51,s6_it43,R_B,1,3471083467,1.3333,1.0,1.3333,1.25,0.0,-0.25,24.1252
s6_it51,s6_it43,R_B,2,3084225804,1.3333,1.25,1.3333,1.25,0.0,0.0,24.1407
s6_it51,s6_it43,R_B,0,1326058393,1.3333,1.25,1.3333,1.25,0.0,0.0,24.1569
s3_it36,s3_it30,R_Bp,2,3766680537,2.6667,1.5167,2.6667,1.3167,0.0,0.2,24.1993
s3_it36,s3_it30,R_B,2,3952115545,2.6667,2.2167,2.6667,1.3167,0.0,0.9,24.2163
s3_it36,s3_it30,R_B,0,4099637701,1.6667,1.4667,2.6667,1.3167,-1.0,0.15,24.2357
s3_it36,s3_it30,R_B,1,51208924,1.6667,2.2167,2.6667,1.3167,-1.0,0.9,24.256
s3_it36,s3_it30,R_Bp,0,3600415583,2.6667,1.9667,2.6667,1.3167,0.0,0.65,24.27
s3_it36,s3_it30,R_Bp,1,1752181335,1.6667,1.5167,2.6667,1.3167,-1.0,0.2,24.282
s6_it60,s6_it52,R_B,1,426679788,1.0,0.7,1.0,0.9,0.0,-0.2,24.3091
s6_it60,s6_it52,R_Bp,1,1103225935,1.0,1.2333,1.0,0.9,0.0,0.3333,24.33
s6_it60,s6_it52,R_B,2,197044136,1.0,1.4833,1.0,0.9,0.0,0.5833,24.352
s6_it60,s6_it52,R_B,0,1771775661,1.0,0.9,1.0,0.9,0.0,0.0,24.3715
s6_it60,s6_it52,R_Bp,0,2494455602,1.0,1.2333,1.0,0.9,0.0,0.3333,24.3889
s6_it60,s6_it52,R_Bp,2,3530034292,1.0,1.2333,1.0,0.9,0.0,0.3333,24.4127
s6_it11,s6_it6,R_B,2,2848826152,1.0,1.0,1.0,1.2,0.0,-0.2,24.4256
s6_it11,s6_it6,R_Bp,1,2767292690,1.0,1.2,1.0,1.2,0.0,0.0,24.4437
s6_it11,s6_it6,R_Bp,0,332225272,2.0,1.0,1.0,1.2,1.0,-0.2,24.4561
s6_it11,s6_it6,R_B,1,3684871437,1.0,1.2,1.0,1.2,0.0,0.0,24.4664
s6_it11,s6_it6,R_B,0,729750987,1.0,1.2,1.0,1.2,0.0,0.0,24.4774
s6_it11,s6_it6,R_Bp,2,1401175646,1.0,1.0,1.0,1.2,0.0,-0.2,24.492
s6_it19,s6_it6,R_Bp,1,1247610084,0.0,1.0,0.0,1.7,0.0,-0.7,24.513
s6_it19,s6_it6,R_B,1,623679053,0.0,1.0,0.0,1.7,0.0,-0.7,24.5327
s6_it19,s6_it6,R_Bp,0,1511628309,0.5,1.7,0.0,1.7,0.5,0.0,24.5504
s6_it19,s6_it6,R_Bp,2,679829420,0.0,1.2,0.0,1.7,0.0,-0.5,24.5685
s6_it19,s6_it6,R_B,0,2114491769,1.5,1.0,0.0,1.7,1.5,-0.7,24.5845
s6_it19,s6_it6,R_B,2,3732011119,0.0,0.4,0.0,1.7,0.0,-1.3,24.5998
s6_it40,s6_it21,R_B,2,3222458989,2.25,0.5833,2.25,0.9167,0.0,-0.3333,24.6117
s6_it40,s6_it21,R_B,1,4077036919,1.5,1.1667,2.25,0.9167,-0.75,0.25,24.6194
s6_it40,s6_it21,R_Bp,2,3786604421,1.75,0.25,2.25,0.9167,-0.5,-0.6667,24.6365
s6_it40,s6_it21,R_Bp,1,3855246929,1.75,0.5833,2.25,0.9167,-0.5,-0.3333,24.6486
s6_it40,s6_it21,R_B,0,1898996867,1.75,1.1667,2.25,0.9167,-0.5,0.25,24.6582
s6_it40,s6_it21,R_Bp,0,567416595,1.75,0.9167,2.25,0.9167,-0.5,0.0,24.6709
s3_it23,s3_it26,R_B,1,3093539981,1.9,1.0667,1.9,0.5333,0.0,0.5333,24.6856
s3_it23,s3_it26,R_B,0,436381607,0.9,0.7333,1.9,0.5333,-1.0,0.2,24.6964
s3_it23,s3_it26,R_Bp,0,3508311315,1.9,0.7333,1.9,0.5333,0.0,0.2,24.7088
s3_it23,s3_it26,R_Bp,1,2270554794,2.1,1.0667,1.9,0.5333,0.2,0.5333,24.7198
s3_it23,s3_it26,R_Bp,2,1239033512,1.7,1.0667,1.9,0.5333,-0.2,0.5333,24.7302
s3_it23,s3_it26,R_B,2,3262098457,1.9,0.7333,1.9,0.5333,0.0,0.2,24.7406
s4_it57,s4_it46,R_Bp,2,2949209197,1.5,0.5,2.5,0.25,-1.0,0.25,24.7597
s4_it57,s4_it46,R_Bp,1,2554944643,2.75,0.5,2.5,0.25,0.25,0.25,24.7778
s4_it57,s4_it46,R_B,1,419842448,1.75,0.75,2.5,0.25,-0.75,0.5,24.7971
s4_it57,s4_it46,R_B,0,749148373,1.5,0.5,2.5,0.25,-1.0,0.25,24.811
s4_it57,s4_it46,R_Bp,0,1246778727,2.25,0.9167,2.5,0.25,-0.25,0.6667,24.8246
s4_it57,s4_it46,R_B,2,3109393969,2.75,0.5,2.5,0.25,0.25,0.25,24.8408
s4_it50,s4_it46,R_Bp,1,2133136811,2.1667,1.0,2.1667,0.25,0.0,0.75,24.8604
s4_it50,s4_it46,R_Bp,2,3318536250,2.1667,0.5,2.1667,0.25,0.0,0.25,24.8756
s4_it50,s4_it46,R_B,1,4150990816,2.1667,0.5,2.1667,0.25,0.0,0.25,24.8933
s4_it50,s4_it46,R_Bp,0,2980332492,2.1667,0.5,2.1667,0.25,0.0,0.25,24.9081
s4_it50,s4_it46,R_B,0,1554137508,2.1667,1.0,2.1667,0.25,0.0,0.75,24.9245
s4_it50,s4_it46,R_B,2,269223623,2.1667,0.5,2.1667,0.25,0.0,0.25,24.9396
s6_it3,s6_it6,R_B,2,1260760165,0.8333,1.2,1.0833,0.4,-0.25,0.8,24.9612
s6_it3,s6_it6,R_Bp,0,2585799555,0.75,1.0,1.0833,0.4,-0.3333,0.6,24.9777
s6_it3,s6_it6,R_Bp,2,3154700152,1.25,1.0,1.0833,0.4,0.1667,0.6,24.9893
s6_it3,s6_it6,R_B,0,104055849,1.0833,1.0,1.0833,0.4,0.0,0.6,25.0065
s6_it3,s6_it6,R_B,1,2822370966,0.75,0.8,1.0833,0.4,-0.3333,0.4,25.0212
s6_it3,s6_it6,R_Bp,1,3276505115,0.5833,1.1,1.0833,0.4,-0.5,0.7,25.0358
s2_it34,s2_it29,R_Bp,2,2178834028,2.0,1.25,2.0,1.5833,0.0,-0.3333,25.0531
s2_it34,s2_it29,R_B,2,212440864,1.75,2.4167,2.0,1.5833,-0.25,0.8333,25.0702
s2_it34,s2_it29,R_B,0,1932691331,2.0,1.3333,2.0,1.5833,0.0,-0.25,25.0807
s2_it34,s2_it29,R_B,1,3980384017,2.0,1.25,2.0,1.5833,0.0,-0.3333,25.0955
s2_it34,s2_it29,R_Bp,1,3221502823,1.5,1.25,2.0,1.5833,-0.5,-0.3333,25.1078
s2_it34,s2_it29,R_Bp,0,4207906242,1.75,1.5833,2.0,1.5833,-0.25,0.0,25.1201
s6_it33,s6_it21,R_Bp,2,727694521,2.0,0.5,2.0,1.8333,0.0,-1.3333,25.1408
s6_it33,s6_it21,R_Bp,1,2323817890,2.0,0.8333,2.0,1.8333,0.0,-1.0,25.1593
s6_it33,s6_it21,R_B,2,2318429545,2.0,1.9167,2.0,1.8333,0.0,0.0833,25.1869
s6_it33,s6_it21,R_B,1,3458157509,2.5,0.9167,2.0,1.8333,0.5,-0.9167,25.204
s6_it33,s6_it21,R_Bp,0,2069124021,2.0,1.5833,2.0,1.8333,0.0,-0.25,25.2251
s6_it33,s6_it21,R_B,0,836166163,2.0,1.5833,2.0,1.8333,0.0,-0.25,25.245
s7_it19,s7_it14,R_Bp,2,3213075909,1.0,1.4333,1.0,0.9333,0.0,0.5,25.2688
s7_it19,s7_it14,R_B,1,2236827142,2.0,1.4333,1.0,0.9333,1.0,0.5,25.2863
s7_it19,s7_it14,R_Bp,0,1460230452,1.0,1.4333,1.0,0.9333,0.0,0.5,25.3022
s7_it19,s7_it14,R_Bp,1,295587383,2.0,1.2333,1.0,0.9333,1.0,0.3,25.319
s7_it19,s7_it14,R_B,0,1130324278,2.0,1.4333,1.0,0.9333,1.0,0.5,25.3358
s7_it19,s7_it14,R_B,2,3425719585,1.0,0.7333,1.0,0.9333,0.0,-0.2,25.3491
s5_it17,s5_it9,R_B,0,3463823421,2.25,1.5,1.75,1.0,0.5,0.5,25.3694
s5_it17,s5_it9,R_Bp,1,525522350,2.0,1.5,1.75,1.0,0.25,0.5,25.3843
s5_it17,s5_it9,R_B,2,1981486773,2.25,1.5,1.75,1.0,0.5,0.5,25.399
s5_it17,s5_it9,R_Bp,2,3766662047,2.0,1.5,1.75,1.0,0.25,0.5,25.4112
s5_it17,s5_it9,R_B,1,134917902,2.25,1.5,1.75,1.0,0.5,0.5,25.4254
s5_it17,s5_it9,R_Bp,0,2225791834,2.0,1.0,1.75,1.0,0.25,0.0,25.4393
s7_it23,s7_it14,R_B,0,3881398280,0.0,2.2667,0.0,1.9333,0.0,0.3333,25.4642
s7_it23,s7_it14,R_B,1,53595220,1.5833,1.9333,0.0,1.9333,1.5833,0.0,25.4828
s7_it23,s7_it14,R_B,2,2543437114,0.25,1.6333,0.0,1.9333,0.25,-0.3,25.5014
s7_it23,s7_it14,R_Bp,2,2969580990,0.3333,1.4333,0.0,1.9333,0.3333,-0.5,25.5247
s7_it23,s7_it14,R_Bp,0,2395862159,0.0,2.2667,0.0,1.9333,0.0,0.3333,25.5375
s7_it23,s7_it14,R_Bp,1,1739946205,0.3333,1.4333,0.0,1.9333,0.3333,-0.5,25.558
s2_it21,s2_it22,R_Bp,1,1995248871,2.4167,1.6,2.4167,1.6,0.0,0.0,25.5765
s2_it21,s2_it22,R_Bp,0,1512876375,2.4167,1.6,2.4167,1.6,0.0,0.0,25.5887
s2_it21,s2_it22,R_B,0,267068915,2.4167,1.6,2.4167,1.6,0.0,0.0,25.6028
s2_it21,s2_it22,R_B,2,195634802,2.4167,1.4667,2.4167,1.6,0.0,-0.1333,25.6129
s2_it21,s2_it22,R_Bp,2,71367101,2.4167,1.6,2.4167,1.6,0.0,0.0,25.6248
s2_it21,s2_it22,R_B,1,4016498684,2.4167,1.4,2.4167,1.6,0.0,-0.2,25.6358
s5_it9,s5_it16,R_Bp,2,2464796094,1.5,0.5,1.25,0.5,0.25,0.0,25.6488
s5_it9,s5_it16,R_B,0,3836297897,1.0,0.75,1.25,0.5,-0.25,0.25,25.6655
s5_it9,s5_it16,R_Bp,1,4134926018,1.5,0.75,1.25,0.5,0.25,0.25,25.6764
s5_it9,s5_it16,R_Bp,0,1374774829,1.5,0.75,1.25,0.5,0.25,0.25,25.6905
s5_it9,s5_it16,R_B,2,602548215,1.5,0.5,1.25,0.5,0.25,0.0,25.7068
s5_it9,s5_it16,R_B,1,1980269812,1.5,0.75,1.25,0.5,0.25,0.25,25.7185
s3_it26,s3_it25,R_B,1,782476946,0.7333,1.0,0.7333,0.75,0.0,0.25,25.7363
s3_it26,s3_it25,R_B,2,60238573,0.8667,1.25,0.7333,0.75,0.1333,0.5,25.752
s3_it26,s3_it25,R_Bp,2,465816014,1.0667,1.0,0.7333,0.75,0.3333,0.25,25.7691
s3_it26,s3_it25,R_B,0,2139632396,0.5333,2.0,0.7333,0.75,-0.2,1.25,25.7844
s3_it26,s3_it25,R_Bp,0,2657102454,0.7333,1.25,0.7333,0.75,0.0,0.5,25.7993
s3_it26,s3_it25,R_Bp,1,4202238973,0.8667,2.0,0.7333,0.75,0.1333,1.25,25.8143
s6_it4,s6_it6,R_Bp,0,1530712968,1.1667,1.0,1.8333,1.0,-0.6667,0.0,25.8278
s6_it4,s6_it6,R_Bp,1,1481422125,1.5,1.0,1.8333,1.0,-0.3333,0.0,25.8386
s6_it4,s6_it6,R_B,0,3278338506,1.5,1.5,1.8333,1.0,-0.3333,0.5,25.8527
s6_it4,s6_it6,R_B,2,690547286,1.5,1.0,1.8333,1.0,-0.3333,0.0,25.8628
s6_it4,s6_it6,R_Bp,2,3078935575,1.8333,1.0,1.8333,1.0,0.0,0.0,25.8726
s6_it4,s6_it6,R_B,1,3254990515,1.5,0.8,1.8333,1.0,-0.3333,-0.2,25.8819
s4_it41,s4_it24,R_Bp,2,1894643598,3.0,0.9,2.0,1.1,1.0,-0.2,25.9154
s4_it41,s4_it24,R_B,0,713960795,2.25,0.9,2.0,1.1,0.25,-0.2,25.9544
s4_it41,s4_it24,R_Bp,1,3910882031,2.25,1.7,2.0,1.1,0.25,0.6,25.9764
s4_it41,s4_it24,R_B,2,357633339,3.0,0.9,2.0,1.1,1.0,-0.2,25.9994
s4_it41,s4_it24,R_Bp,0,1506693278,2.0,1.1,2.0,1.1,0.0,0.0,26.0258
s4_it41,s4_it24,R_B,1,3497539450,2.0,0.9,2.0,1.1,0.0,-0.2,26.0522
s4_it20,s4_it1,R_Bp,1,3487626640,1.5,1.2667,1.5,0.5333,0.0,0.7333,26.0729
s4_it20,s4_it1,R_B,0,2354400022,1.5,0.7333,1.5,0.5333,0.0,0.2,26.0928
s4_it20,s4_it1,R_Bp,2,2174665391,1.0,0.5333,1.5,0.5333,-0.5,0.0,26.1082
s4_it20,s4_it1,R_B,1,1104236295,2.0,0.7333,1.5,0.5333,0.5,0.2,26.1247
s4_it20,s4_it1,R_B,2,3457641241,1.8333,0.5333,1.5,0.5333,0.3333,0.0,26.1401
s4_it20,s4_it1,R_Bp,0,756366278,2.0,0.5333,1.5,0.5333,0.5,0.0,26.1564
s3_it28,s3_it26,R_B,0,487370887,0.0,0.4,1.0,1.0667,-1.0,-0.6667,26.1704
s3_it28,s3_it26,R_B,1,3900816659,0.0,1.2667,1.0,1.0667,-1.0,0.2,26.1812
s3_it28,s3_it26,R_Bp,0,1425202787,0.0,0.8667,1.0,1.0667,-1.0,-0.2,26.1992
s3_it28,s3_it26,R_B,2,851586337,1.0,0.5333,1.0,1.0667,0.0,-0.5333,26.2107
s3_it28,s3_it26,R_Bp,2,668824136,0.0,0.7333,1.0,1.0667,-1.0,-0.3333,26.2244
s3_it28,s3_it26,R_Bp,1,2559505720,0.0,0.5333,1.0,1.0667,-1.0,-0.5333,26.2366
s3_it37,s3_it30,R_Bp,0,745984765,1.9167,1.2667,1.9167,1.7167,0.0,-0.45,26.2509
s3_it37,s3_it30,R_B,0,636928255,2.1667,1.9667,1.9167,1.7167,0.25,0.25,26.2669
s3_it37,s3_it30,R_Bp,2,1001275070,2.1667,1.5167,1.9167,1.7167,0.25,-0.2,26.2788
s3_it37,s3_it30,R_B,1,4052116845,1.9167,1.5167,1.9167,1.7167,0.0,-0.2,26.2904
s3_it37,s3_it30,R_Bp,1,3034442583,1.8333,1.9667,1.9167,1.7167,-0.0833,0.25,26.3027
s3_it37,s3_it30,R_B,2,1149967888,1.5833,1.5167,1.9167,1.7167,-0.3333,-0.2,26.3159
s0_it16,s0_it20,R_B,1,1556939927,1.6667,1.0833,1.6667,1.6667,0.0,-0.5833,26.3318
s0_it16,s0_it20,R_B,2,3533045160,1.6667,1.4167,1.6667,1.6667,0.0,-0.25,26.3461
s0_it16,s0_it20,R_Bp,2,1269977841,0.6667,0.25,1.6667,1.6667,-1.0,-1.4167,26.3637
s0_it16,s0_it20,R_B,0,1569932298,1.6667,0.25,1.6667,1.6667,0.0,-1.4167,26.3769
s0_it16,s0_it20,R_Bp,1,114306414,1.6667,1.1667,1.6667,1.6667,0.0,-0.5,26.3906
s0_it16,s0_it20,R_Bp,0,556499685,1.6667,0.75,1.6667,1.6667,0.0,-0.9167,26.4157
s6_it20,s6_it6,R_Bp,1,1125127365,1.6667,0.8,1.3333,1.0,0.3333,-0.2,26.435
s6_it20,s6_it6,R_B,0,3336001121,0.5,1.5,1.3333,1.0,-0.8333,0.5,26.4506
s6_it20,s6_it6,R_Bp,2,2368572413,1.6667,1.2,1.3333,1.0,0.3333,0.2,26.4652
s6_it20,s6_it6,R_Bp,0,2922051209,1.6667,1.0,1.3333,1.0,0.3333,0.0,26.4807
s6_it20,s6_it6,R_B,2,4157304516,1.3333,1.5,1.3333,1.0,0.0,0.5,26.4962
s6_it20,s6_it6,R_B,1,545324574,1.1667,1.0,1.3333,1.0,-0.1667,0.0,26.5096
s0_it21,s0_it20,R_B,2,1357667410,1.1,0.8333,1.85,1.5833,-0.75,-0.75,26.5271
s0_it21,s0_it20,R_Bp,2,2598803314,2.1,0.5,1.85,1.5833,0.25,-1.0833,26.5433
s0_it21,s0_it20,R_Bp,1,3035268208,2.3,0.8333,1.85,1.5833,0.45,-0.75,26.5591
s0_it21,s0_it20,R_B,0,1125546230,2.3,1.3333,1.85,1.5833,0.45,-0.25,26.572
s0_it21,s0_it20,R_B,1,2445390685,1.9,1.3333,1.85,1.5833,0.05,-0.25,26.5879
s0_it21,s0_it20,R_Bp,0,2621777304,2.3,1.6667,1.85,1.5833,0.45,0.0833,26.6021
s0_it28,s0_it29,R_B,1,2437123952,1.75,1.5833,1.0,1.0833,0.75,0.5,26.6261
s0_it28,s0_it29,R_Bp,1,2603601906,2.0,1.4167,1.0,1.0833,1.0,0.3333,26.6527
s0_it28,s0_it29,R_B,0,3722775137,1.25,1.4167,1.0,1.0833,0.25,0.3333,26.6667
s0_it28,s0_it29,R_Bp,2,1692477044,1.0,1.6667,1.0,1.0833,0.0,0.5833,26.6894
s0_it28,s0_it29,R_Bp,0,1336023353,1.75,0.6667,1.0,1.0833,0.75,-0.4167,26.7035
s0_it28,s0_it29,R_B,2,1333254434,1.5,1.1667,1.0,1.0833,0.5,0.0833,26.7247
s6_it31,s6_it21,R_Bp,2,835559027,1.8333,0.5,1.8333,0.5,0.0,0.0,26.7458
s6_it31,s6_it21,R_B,0,2169246963,2.1667,0.8333,1.8333,0.5,0.3333,0.3333,26.7646
s6_it31,s6_it21,R_Bp,0,3074594904,1.8333,1.1667,1.8333,0.5,0.0,0.6667,26.7801
s6_it31,s6_it21,R_B,2,2390076023,2.1667,0.8333,1.8333,0.5,0.3333,0.3333,26.7939
s6_it31,s6_it21,R_Bp,1,3245118209,1.8333,1.9167,1.8333,0.5,0.0,1.4167,26.8102
s6_it31,s6_it21,R_B,1,1139056504,2.0833,1.8333,1.8333,0.5,0.25,1.3333,26.8256
s4_it2,s4_it1,R_B,0,1184683542,1.25,0.9333,1.25,0.7333,0.0,0.2,26.8349
s4_it2,s4_it1,R_Bp,2,3314309508,1.5,0.7333,1.25,0.7333,0.25,0.0,26.8514
s4_it2,s4_it1,R_B,2,2852652018,1.0,0.7333,1.25,0.7333,-0.25,0.0,26.8606
s4_it2,s4_it1,R_Bp,1,140592433,1.5,0.5333,1.25,0.7333,0.25,-0.2,26.875
s4_it2,s4_it1,R_Bp,0,1798656286,1.5,0.5333,1.25,0.7333,0.25,-0.2,26.886
s4_it2,s4_it1,R_B,1,2043504826,1.25,1.7333,1.25,0.7333,0.0,1.0,26.8944
s1_it17,s1_it23,R_B,1,2987982285,1.5,1.8167,1.5,1.8167,0.0,0.0,26.9146
s1_it17,s1_it23,R_Bp,2,1044961635,1.5,1.8167,1.5,1.8167,0.0,0.0,26.9356
s1_it17,s1_it23,R_Bp,1,597890084,1.5,1.5667,1.5,1.8167,0.0,-0.25,26.9515
s1_it17,s1_it23,R_B,0,1541347932,1.5,1.5667,1.5,1.8167,0.0,-0.25,26.9659
s1_it17,s1_it23,R_B,2,2476525283,2.0,1.8167,1.5,1.8167,0.5,0.0,26.9803
s1_it17,s1_it23,R_Bp,0,1184687831,1.5,1.8167,1.5,1.8167,0.0,0.0,26.9963
s0_it24,s0_it20,R_B,1,862745684,1.5,1.1667,1.5,0.75,0.0,0.4167,27.0123
s0_it24,s0_it20,R_Bp,0,2005278240,1.5,0.8333,1.5,0.75,0.0,0.0833,27.0319
s0_it24,s0_it20,R_B,0,1689271694,1.5,1.3333,1.5,0.75,0.0,0.5833,27.0471
s0_it24,s0_it20,R_B,2,2288551586,0.5,0.75,1.5,0.75,-1.0,0.0,27.0623
s0_it24,s0_it20,R_Bp,2,2126330997,1.5,0.8333,1.5,0.75,0.0,0.0833,27.078
s0_it24,s0_it20,R_Bp,1,2099499343,2.5,0.5833,1.5,0.75,1.0,-0.1667,27.1007
s1_it34,s1_it31,R_Bp,0,585004278,2.0,1.0,0.75,1.0,1.25,0.0,27.1213
s1_it34,s1_it31,R_B,0,1953265241,0.75,1.3333,0.75,1.0,0.0,0.3333,27.1367
s1_it34,s1_it31,R_B,1,4098311313,0.75,1.0,0.75,1.0,0.0,0.0,27.1504
s1_it34,s1_it31,R_B,2,1560044139,0.75,1.0,0.75,1.0,0.0,0.0,27.1653
s1_it34,s1_it31,R_Bp,2,1261855427,0.75,1.3333,0.75,1.0,0.0,0.3333,27.1812
s1_it34,s1_it31,R_Bp,1,3481300507,1.5,1.3333,0.75,1.0,0.75,0.3333,27.1986
s0_it14,s0_it3,R_B,2,2405188545,2.3333,1.3333,2.3333,1.3333,0.0,0.0,27.2154
s0_it14,s0_it3,R_B,0,1486142087,1.3333,1.3333,2.3333,1.3333,-1.0,0.0,27.2297
s0_it14,s0_it3,R_Bp,1,3562156040,1.3333,1.3333,2.3333,1.3333,-1.0,0.0,27.2502
s0_it14,s0_it3,R_B,1,1946779183,2.0,1.3333,2.3333,1.3333,-0.3333,0.0,27.2638
s0_it14,s0_it3,R_Bp,2,3205841914,1.0,1.3333,2.3333,1.3333,-1.3333,0.0,27.2829
s0_it14,s0_it3,R_Bp,0,2142180911,1.6667,1.3333,2.3333,1.3333,-0.6667,0.0,27.2973
s4_it42,s4_it24,R_B,2,3950624343,1.5,1.1,2.5,0.9,-1.0,0.2,27.3149
s4_it42,s4_it24,R_B,1,1188240345,2.0,1.1,2.5,0.9,-0.5,0.2,27.3347
s4_it42,s4_it24,R_Bp,0,1286722549,2.5,1.1,2.5,0.9,0.0,0.2,27.3611
s4_it42,s4_it24,R_Bp,1,2396615425,2.0,1.1,2.5,0.9,-0.5,0.2,27.3828
s4_it42,s4_it24,R_Bp,2,3610554695,1.5,0.9,2.5,0.9,-1.0,0.0,27.4076
s4_it42,s4_it24,R_B,0,457912039,1.5,1.1,2.5,0.9,-1.0,0.2,27.425
s5_it67,s5_it47,R_B,1,2894381635,1.4,0.9,1.6,0.7,-0.2,0.2,27.4432
s5_it67,s5_it47,R_Bp,1,591552112,1.2,0.4,1.6,0.7,-0.4,-0.3,27.4677
s5_it67,s5_it47,R_Bp,2,3241226125,1.4,0.4,1.6,0.7,-0.2,-0.3,27.4928
s5_it67,s5_it47,R_B,2,3448633863,1.4,0.2,1.6,0.7,-0.2,-0.5,27.5142
s5_it67,s5_it47,R_B,0,4181644703,1.4,0.6,1.6,0.7,-0.2,-0.1,27.5288
s5_it67,s5_it47,R_Bp,0,2765982624,1.4,1.6,1.6,0.7,-0.2,0.9,27.5474
s5_it44,s5_it29,R_Bp,2,2141382080,1.0,0.8333,1.0,0.8333,0.0,0.0,27.5601
s5_it44,s5_it29,R_B,0,3175454495,0.6667,1.1667,1.0,0.8333,-0.3333,0.3333,27.5743
s5_it44,s5_it29,R_Bp,0,2883152903,1.0,0.5833,1.0,0.8333,0.0,-0.25,27.5868
s5_it44,s5_it29,R_B,1,3655607989,1.0,0.5833,1.0,0.8333,0.0,-0.25,27.5965
s5_it44,s5_it29,R_Bp,1,3100925940,1.0,0.8333,1.0,0.8333,0.0,0.0,27.6079
s5_it44,s5_it29,R_B,2,1006274103,1.0,0.5833,1.0,0.8333,0.0,-0.25,27.6179
s0_it25,s0_it20,R_Bp,2,411835852,2.0,1.1667,1.25,0.8333,0.75,0.3333,27.6349
s0_it25,s0_it20,R_B,2,2720997210,1.0,0.5833,1.25,0.8333,-0.25,-0.25,27.651
s0_it25,s0_it20,R_Bp,1,960388175,2.25,1.1667,1.25,0.8333,1.0,0.3333,27.6639
s0_it25,s0_it20,R_B,1,4286555546,1.5,1.3333,1.25,0.8333,0.25,0.5,27.6786
s0_it25,s0_it20,R_Bp,0,3581882070,2.25,0.75,1.25,0.8333,1.0,-0.0833,27.6944
s0_it25,s0_it20,R_B,0,3003281813,1.25,0.8333,1.25,0.8333,0.0,0.0,27.7056
s1_it2,s1_it5,R_B,2,776166865,2.3333,0.75,2.3333,1.25,0.0,-0.5,27.7158
s1_it2,s1_it5,R_B,0,4119638768,2.3333,0.75,2.3333,1.25,0.0,-0.5,27.7235
s1_it2,s1_it5,R_Bp,0,3972513970,2.3333,0.75,2.3333,1.25,0.0,-0.5,27.7366
s1_it2,s1_it5,R_Bp,1,567431700,1.3333,1.0,2.3333,1.25,-1.0,-0.25,27.7452
s1_it2,s1_it5,R_B,1,314564469,2.0,0.75,2.3333,1.25,-0.3333,-0.5,27.7545
s1_it2,s1_it5,R_Bp,2,2077351914,1.6667,1.0,2.3333,1.25,-0.6667,-0.25,27.7647
s4_it33,s4_it24,R_B,0,1551572997,2.4667,0.9,2.4667,1.1,0.0,-0.2,27.7882
s4_it33,s4_it24,R_B,1,2277232207,2.8,1.1,2.4667,1.1,0.3333,0.0,27.8067
s4_it33,s4_it24,R_B,2,3705617411,1.9667,1.7,2.4667,1.1,-0.5,0.6,27.823
s4_it33,s4_it24,R_Bp,1,475582882,1.9667,1.1,2.4667,1.1,-0.5,0.0,27.8511
s4_it33,s4_it24,R_Bp,2,4205158297,1.9667,0.9,2.4667,1.1,-0.5,-0.2,27.8703
s4_it33,s4_it24,R_Bp,0,3280302534,2.4667,0.7,2.4667,1.1,0.0,-0.4,27.8896
s0_it31,s0_it29,R_Bp,1,2841968450,0.8333,1.4167,0.3333,1.3333,0.5,0.0833,27.9114
s0_it31,s0_it29,R_Bp,2,2472289946,0.8333,1.1667,0.3333,1.3333,0.5,-0.1667,27.9252
s0_it31,s0_it29,R_B,2,2565891581,0.8333,1.1667,0.3333,1.3333,0.5,-0.1667,27.9475
s0_it31,s0_it29,R_Bp,0,2006201699,0.3333,1.4167,0.3333,1.3333,0.0,0.0833,27.9643
s0_it31,s0_it29,R_B,1,2044363606,0.8333,1.0833,0.3333,1.3333,0.5,-0.25,27.984
s0_it31,s0_it29,R_B,0,1317338198,0.8333,1.6667,0.3333,1.3333,0.5,0.3333,28.0024
s7_it4,s7_it2,R_Bp,0,278288482,1.8333,0.8333,1.8333,0.5833,0.0,0.25,28.0201
s7_it4,s7_it2,R_Bp,2,2676124365,2.1667,0.9167,1.8333,0.5833,0.3333,0.3333,28.0312
s7_it4,s7_it2,R_B,2,3507002074,1.8333,0.9167,1.8333,0.5833,0.0,0.3333,28.0433
s7_it4,s7_it2,R_B,0,2147455708,2.1667,0.5833,1.8333,0.5833,0.3333,0.0,28.0544
s7_it4,s7_it2,R_B,1,1826268047,1.8333,1.1667,1.8333,0.5833,0.0,0.5833,28.0647
s7_it4,s7_it2,R_Bp,1,1957473023,1.1667,1.1667,1.8333,0.5833,-0.6667,0.5833,28.0776
s2_it43,s2_it29,R_Bp,0,3605673742,1.1667,1.25,1.5,1.5833,-0.3333,-0.3333,28.0931
s2_it43,s2_it29,R_Bp,2,354021086,2.25,1.25,1.5,1.5833,0.75,-0.3333,28.1074
s2_it43,s2_it29,R_B,2,1941048057,0.9167,1.9167,1.5,1.5833,-0.5833,0.3333,28.1187
s2_it43,s2_it29,R_B,1,1649900659,1.25,1.6667,1.5,1.5833,-0.25,0.0833,28.1268
s2_it43,s2_it29,R_Bp,1,2710227493,1.1667,1.0,1.5,1.5833,-0.3333,-0.5833,28.14
s2_it43,s2_it29,R_B,0,1364304166,2.25,1.9167,1.5,1.5833,0.75,0.3333,28.1501
s4_it4,s4_it1,R_B,0,3688561653,2.0,0.7333,2.5,0.5333,-0.5,0.2,28.1736
s4_it4,s4_it1,R_B,1,3350733080,2.5,1.7333,2.5,0.5333,0.0,1.2,28.1912
s4_it4,s4_it1,R_B,2,945724931,3.0,0.7333,2.5,0.5333,0.5,0.2,28.2069
s4_it4,s4_it1,R_Bp,1,3334726847,3.0,0.5333,2.5,0.5333,0.5,0.0,28.225
s4_it4,s4_it1,R_Bp,0,945893927,2.5,0.5333,2.5,0.5333,0.0,0.0,28.2394
s4_it4,s4_it1,R_Bp,2,1886982348,3.0,0.5333,2.5,0.5333,0.5,0.0,28.2542
s5_it68,s5_it47,R_Bp,1,1471171904,1.4333,0.4,1.7667,0.4,-0.3333,0.0,28.2792
s5_it68,s5_it47,R_Bp,0,183940070,1.7667,0.9,1.7667,0.4,0.0,0.5,28.2956
s5_it68,s5_it47,R_Bp,2,1966512245,1.7667,0.9,1.7667,0.4,0.0,0.5,28.3123
s5_it68,s5_it47,R_B,1,426172374,1.7667,0.4,1.7667,0.4,0.0,0.0,28.3326
s5_it68,s5_it47,R_B,0,3603952986,1.7667,0.7,1.7667,0.4,0.0,0.3,28.3537
s5_it68,s5_it47,R_B,2,999890117,1.7667,0.2,1.7667,0.4,0.0,-0.2,28.3687
s7_it32,s7_it38,R_B,2,1677126761,1.9167,1.6667,1.9167,1.5833,0.0,0.0833,28.3967
s7_it32,s7_it38,R_B,1,4000783848,1.9167,1.6667,1.9167,1.5833,0.0,0.0833,28.4135
s7_it32,s7_it38,R_Bp,1,2226186812,2.4167,1.25,1.9167,1.5833,0.5,-0.3333,28.4443
s7_it32,s7_it38,R_B,0,3373220055,1.5833,1.5833,1.9167,1.5833,-0.3333,0.0,28.4643
s7_it32,s7_it38,R_Bp,0,3054163909,1.9167,1.6667,1.9167,1.5833,0.0,0.0833,28.4835
s7_it32,s7_it38,R_Bp,2,150977595,1.6667,1.3333,1.9167,1.5833,-0.25,-0.25,28.5044
s6_it16,s6_it6,R_Bp,0,2383189688,1.5833,1.5,1.5833,0.6,0.0,0.9,28.5201
s6_it16,s6_it6,R_B,1,81865882,1.5833,1.0,1.5833,0.6,0.0,0.4,28.5374
s6_it16,s6_it6,R_Bp,2,1942814620,1.0,1.5,1.5833,0.6,-0.5833,0.9,28.5495
s6_it16,s6_it6,R_B,2,3194611229,1.3333,1.5,1.5833,0.6,-0.25,0.9,28.5641
s6_it16,s6_it6,R_B,0,3670762695,1.0,1.2,1.5833,0.6,-0.5833,0.6,28.5783
s6_it16,s6_it6,R_Bp,1,1391753394,1.5833,1.2,1.5833,0.6,0.0,0.6,28.594
s7_it8,s7_it2,R_B,1,1848998558,1.0,0.9167,1.0,0.5833,0.0,0.3333,28.61
s7_it8,s7_it2,R_Bp,0,1204230633,1.0,0.5833,1.0,0.5833,0.0,0.0,28.6299
s7_it8,s7_it2,R_B,2,210721213,1.0,0.8333,1.0,0.5833,0.0,0.25,28.6411
s7_it8,s7_it2,R_Bp,1,2604131224,1.0,0.25,1.0,0.5833,0.0,-0.3333,28.6548
s7_it8,s7_it2,R_Bp,2,2188639280,2.0,0.5833,1.0,0.5833,1.0,0.0,28.6685
s7_it8,s7_it2,R_B,0,3194694083,1.0,0.9167,1.0,0.5833,0.0,0.3333,28.6818
s0_it34,s0_it29,R_Bp,0,4247256018,1.5,1.4167,1.5,1.4167,0.0,0.0,28.7028
s0_it34,s0_it29,R_B,2,3941773570,1.25,1.6667,1.5,1.4167,-0.25,0.25,28.7241
s0_it34,s0_it29,R_Bp,1,455230060,1.75,1.4167,1.5,1.4167,0.25,0.0,28.7483
s0_it34,s0_it29,R_B,1,1983377299,1.5,1.4167,1.5,1.4167,0.0,0.0,28.7733
s0_it34,s0_it29,R_B,0,3417767761,1.25,1.1667,1.5,1.4167,-0.25,-0.25,28.7903
s0_it34,s0_it29,R_Bp,2,4086489093,1.5,1.4167,1.5,1.4167,0.0,0.0,28.8117
s7_it20,s7_it14,R_Bp,2,2516278105,2.1,1.4333,2.1,1.1333,0.0,0.3,28.838
s7_it20,s7_it14,R_Bp,0,830412687,1.9,1.4333,2.1,1.1333,-0.2,0.3,28.8565
s7_it20,s7_it14,R_Bp,1,2812344312,1.5667,1.4333,2.1,1.1333,-0.5333,0.3,28.8718
s7_it20,s7_it14,R_B,1,1048715514,2.1,1.7333,2.1,1.1333,0.0,0.6,28.8925
s7_it20,s7_it14,R_B,2,1321907089,1.9,1.7333,2.1,1.1333,-0.2,0.6,28.9101
s7_it20,s7_it14,R_B,0,3662434833,2.3,2.1333,2.1,1.1333,0.2,1.0,28.9263
s1_it9,s1_it5,R_Bp,2,3921794188,1.1,1.0,0.9,1.25,0.2,-0.25,28.9438
s1_it9,s1_it5,R_B,2,2655255427,0.9,1.0,0.9,1.25,0.0,-0.25,28.9568
s1_it9,s1_it5,R_Bp,1,1332088836,0.9,0.75,0.9,1.25,0.0,-0.5,28.9678
s1_it9,s1_it5,R_B,1,3326347800,1.1,1.0,0.9,1.25,0.2,-0.25,28.9784
s1_it9,s1_it5,R_B,0,2735230804,1.1,0.75,0.9,1.25,0.2,-0.5,28.9936
s1_it9,s1_it5,R_Bp,0,10813134,0.9,1.0,0.9,1.25,0.0,-0.25,29.0041
s0_it12,s0_it3,R_Bp,2,3960374684,0.6667,1.3333,1.3333,1.3333,-0.6667,0.0,29.0184
s0_it12,s0_it3,R_Bp,1,939186873,0.6667,1.3333,1.3333,1.3333,-0.6667,0.0,29.0284
s0_it12,s0_it3,R_B,0,543336792,1.1667,1.3333,1.3333,1.3333,-0.1667,0.0,29.0375
s0_it12,s0_it3,R_B,1,2372678203,0.6667,1.3333,1.3333,1.3333,-0.6667,0.0,29.0468
s0_it12,s0_it3,R_B,2,1558162995,0.3333,1.6667,1.3333,1.3333,-1.0,0.3333,29.0561
s0_it12,s0_it3,R_Bp,0,464020918,0.6667,1.3333,1.3333,1.3333,-0.6667,0.0,29.0691
s2_it24,s2_it22,R_B,0,143711481,2.3333,1.8,2.3333,1.2667,0.0,0.5333,29.0857
s2_it24,s2_it22,R_Bp,1,2716972491,2.4167,1.6,2.3333,1.2667,0.0833,0.3333,29.1041
s2_it24,s2_it22,R_Bp,2,1753126254,2.6667,1.9333,2.3333,1.2667,0.3333,0.6667,29.1182
s2_it24,s2_it22,R_B,2,1029683842,2.0833,1.8,2.3333,1.2667,-0.25,0.5333,29.131
s2_it24,s2_it22,R_Bp,0,3798452001,2.0833,1.4,2.3333,1.2667,-0.25,0.1333,29.1461
s2_it24,s2_it22,R_B,1,2440807020,2.0,1.8,2.3333,1.2667,-0.3333,0.5333,29.1594
s2_it2,s2_it8,R_Bp,2,3773821144,0.5,0.9333,1.0,1.2667,-0.5,-0.3333,29.1827
s2_it2,s2_it8,R_Bp,0,258494056,1.0,1.0667,1.0,1.2667,0.0,-0.2,29.2057
s2_it2,s2_it8,R_B,0,2715619109,1.5,0.7333,1.0,1.2667,0.5,-0.5333,29.239
s2_it2,s2_it8,R_Bp,1,3209897706,0.5,0.7333,1.0,1.2667,-0.5,-0.5333,29.2621
s2_it2,s2_it8,R_B,2,2845692994,0.5,0.6,1.0,1.2667,-0.5,-0.6667,29.2828
s2_it2,s2_it8,R_B,1,2828080194,1.5,0.7333,1.0,1.2667,0.5,-0.5333,29.3003
s0_it17,s0_it20,R_B,1,4024094311,3.0,0.8333,2.6667,0.8333,0.3333,0.0,29.3163
s0_it17,s0_it20,R_Bp,1,517950841,2.6667,1.6667,2.6667,0.8333,0.0,0.8333,29.3335
s0_it17,s0_it20,R_Bp,0,2044527222,3.0,1.0833,2.6667,0.8333,0.3333,0.25,29.3472
s0_it17,s0_it20,R_Bp,2,855272085,3.0,0.9167,2.6667,0.8333,0.3333,0.0833,29.3608
s0_it17,s0_it20,R_B,0,1800982891,3.0,1.3333,2.6667,0.8333,0.3333,0.5,29.3741
s0_it17,s0_it20,R_B,2,2756368617,3.0,0.8333,2.6667,0.8333,0.3333,0.0,29.3864
s6_it42,s6_it43,R_B,2,600209817,1.9167,1.0,2.1667,1.0,-0.25,0.0,29.4044
s6_it42,s6_it43,R_Bp,0,1536697325,2.1667,1.0,2.1667,1.0,0.0,0.0,29.4302
s6_it42,s6_it43,R_B,0,190838467,2.1667,1.25,2.1667,1.0,0.0,0.25,29.4484
s6_it42,s6_it43,R_Bp,2,3012727986,2.1667,1.0,2.1667,1.0,0.0,0.0,29.4652
s6_it42,s6_it43,R_B,1,2649490927,2.1667,1.25,2.1667,1.0,0.0,0.25,29.4801
s6_it42,s6_it43,R_Bp,1,2977022408,1.8333,1.25,2.1667,1.0,-0.3333,0.25,29.4962
s7_it12,s7_it2,R_B,2,2995175436,2.25,0.5833,2.25,0.9167,0.0,-0.3333,29.5136
s7_it12,s7_it2,R_Bp,0,3932479470,2.25,0.5833,2.25,0.9167,0.0,-0.3333,29.533
s7_it12,s7_it2,R_B,1,4247729902,2.25,0.5833,2.25,0.9167,0.0,-0.3333,29.5488
s7_it12,s7_it2,R_Bp,1,3892985105,2.25,0.9167,2.25,0.9167,0.0,0.0,29.564
s7_it12,s7_it2,R_B,0,2246964083,2.25,0.8333,2.25,0.9167,0.0,-0.0833,29.5788
s7_it12,s7_it2,R_Bp,2,917386976,2.25,0.8333,2.25,0.9167,0.0,-0.0833,29.594
s0_it22,s0_it20,R_B,2,2731765014,1.1667,0.8333,1.1667,1.4167,0.0,-0.5833,29.6066
s0_it22,s0_it20,R_Bp,1,1708988312,1.5,1.0833,1.1667,1.4167,0.3333,-0.3333,29.6213
s0_it22,s0_it20,R_Bp,2,44094227,1.5,0.8333,1.1667,1.4167,0.3333,-0.5833,29.6331
s0_it22,s0_it20,R_B,1,1860954337,1.1667,1.0833,1.1667,1.4167,0.0,-0.3333,29.645
s0_it22,s0_it20,R_Bp,0,1121816281,1.5,1.1667,1.1667,1.4167,0.3333,-0.25,29.6559
s0_it22,s0_it20,R_B,0,2736335635,1.1667,1.0833,1.1667,1.4167,0.0,-0.3333,29.6689
s3_it30,s3_it35,R_B,1,517726828,1.2667,1.75,1.5167,1.75,-0.25,0.0,29.6832
s3_it30,s3_it35,R_Bp,0,1421369138,1.3167,1.5,1.5167,1.75,-0.2,-0.25,29.695
s3_it30,s3_it35,R_B,0,3929609948,1.7167,1.75,1.5167,1.75,0.2,0.0,29.7037
s3_it30,s3_it35,R_Bp,1,4268476234,0.7333,1.5,1.5167,1.75,-0.7833,-0.25,29.7154
s3_it30,s3_it35,R_Bp,2,865133692,1.0667,1.25,1.5167,1.75,-0.45,-0.5,29.7242
s3_it30,s3_it35,R_B,2,3448132253,1.5167,1.25,1.5167,1.75,0.0,-0.5,29.7333
s1_it25,s1_it31,R_B,2,4240356671,1.5,1.3333,1.5,1.0,0.0,0.3333,29.7508
s1_it25,s1_it31,R_B,0,1210551987,0.6667,1.0,1.5,1.0,-0.8333,0.0,29.7646
s1_it25,s1_it31,R_Bp,2,630967659,0.6667,1.0,1.5,1.0,-0.8333,0.0,29.7828
s1_it25,s1_it31,R_Bp,0,1287842285,2.3333,1.0,1.5,1.0,0.8333,0.0,29.7965
s1_it25,s1_it31,R_Bp,1,3161160741,1.5,1.3333,1.5,1.0,0.0,0.3333,29.8104
s1_it25,s1_it31,R_B,1,385525727,1.5,1.0,1.5,1.0,0.0,0.0,29.8218
s4_it30,s4_it24,R_B,2,1998350127,1.3333,0.9,1.8333,0.7,-0.5,0.2,29.8387
s4_it30,s4_it24,R_B,0,3483346630,1.1667,0.7,1.8333,0.7,-0.6667,0.0,29.8541
s4_it30,s4_it24,R_Bp,0,3756606112,1.3333,1.9,1.8333,0.7,-0.5,1.2,29.8794
s4_it30,s4_it24,R_Bp,2,1157930948,0.8333,2.1,1.8333,0.7,-1.0,1.4,29.8977
s4_it30,s4_it24,R_B,1,1076055161,2.1667,0.9,1.8333,0.7,0.3333,0.2,29.9132
s4_it30,s4_it24,R_Bp,1,3792836619,0.8333,2.1,1.8333,0.7,-1.0,1.4,29.9318
s1_it11,s1_it5,R_Bp,0,2455330777,1.25,0.75,1.25,0.75,0.0,0.0,29.9521
s1_it11,s1_it5,R_B,2,2176774461,1.9167,0.75,1.25,0.75,0.6667,0.0,29.9705
s1_it11,s1_it5,R_Bp,2,3100344455,1.9167,0.75,1.25,0.75,0.6667,0.0,29.9838
s1_it11,s1_it5,R_Bp,1,3539235456,1.9167,1.0,1.25,0.75,0.6667,0.25,29.9995
s1_it11,s1_it5,R_B,1,1962278999,1.25,0.75,1.25,0.75,0.0,0.0,30.0146
s1_it11,s1_it5,R_B,0,3026477697,2.1667,1.0,1.25,0.75,0.9167,0.25,30.029
s3_it29,s3_it30,R_B,1,3413891269,0.75,1.7667,1.0,1.3167,-0.25,0.45,30.0542
s3_it29,s3_it30,R_Bp,2,2943115853,1.75,1.3167,1.0,1.3167,0.75,0.0,30.076
s3_it29,s3_it30,R_Bp,1,2850120896,1.25,1.7667,1.0,1.3167,0.25,0.45,30.0919
s3_it29,s3_it30,R_B,2,3031539221,1.25,1.5167,1.0,1.3167,0.25,0.2,30.1094
s3_it29,s3_it30,R_Bp,0,4239298053,1.25,1.7667,1.0,1.3167,0.25,0.45,30.1256
s3_it29,s3_it30,R_B,0,1725438384,1.25,1.5167,1.0,1.3167,0.25,0.2,30.1523
s1_it12,s1_it5,R_Bp,1,1259822136,1.75,1.0,1.75,0.75,0.0,0.25,30.1722
s1_it12,s1_it5,R_B,1,2453082060,1.75,0.75,1.75,0.75,0.0,0.0,30.1897
s1_it12,s1_it5,R_B,2,726898836,1.75,0.75,1.75,0.75,0.0,0.0,30.2032
s1_it12,s1_it5,R_Bp,0,3137701148,1.75,0.75,1.75,0.75,0.0,0.0,30.2239
s1_it12,s1_it5,R_Bp,2,864204313,1.75,0.75,1.75,0.75,0.0,0.0,30.2385
s1_it12,s1_it5,R_B,0,3151942455,2.0,0.75,1.75,0.75,0.25,0.0,30.2525
s3_it31,s3_it30,R_B,1,2678395092,2.0,1.2667,2.5,1.7167,-0.5,-0.45,30.274
s3_it31,s3_it30,R_B,2,208256735,1.0,1.5167,2.5,1.7167,-1.5,-0.2,30.3074
s3_it31,s3_it30,R_Bp,0,3383858701,2.0,1.7667,2.5,1.7167,-0.5,0.05,30.326
s3_it31,s3_it30,R_B,0,901797687,2.0,1.7167,2.5,1.7167,-0.5,0.0,30.3402
s3_it31,s3_it30,R_Bp,1,2342763783,1.0,2.0167,2.5,1.7167,-1.5,0.3,30.3563
s3_it31,s3_it30,R_Bp,2,253085857,2.0,2.2167,2.5,1.7167,-0.5,0.5,30.3727
s6_it48,s6_it43,R_Bp,1,3805434879,1.1833,1.0,1.0667,1.25,0.1167,-0.25,30.4002
s6_it48,s6_it43,R_Bp,2,1388793593,1.3167,1.0,1.0667,1.25,0.25,-0.25,30.416
s6_it48,s6_it43,R_B,1,597142551,1.1167,1.0,1.0667,1.25,0.05,-0.25,30.438
s6_it48,s6_it43,R_Bp,0,2169157994,1.3167,1.3333,1.0667,1.25,0.25,0.0833,30.4544
s6_it48,s6_it43,R_B,0,2495118420,1.45,1.25,1.0667,1.25,0.3833,0.0,30.4712
s6_it48,s6_it43,R_B,2,4294163671,1.0667,1.25,1.0667,1.25,0.0,0.0,30.4874
s7_it27,s7_it14,R_Bp,2,501281880,0.8333,1.9333,1.8333,1.5333,-1.0,0.4,30.506
s7_it27,s7_it14,R_B,2,3207048175,1.8333,1.4333,1.8333,1.5333,-0.0,-0.1,30.5212
s7_it27,s7_it14,R_Bp,1,3842265850,1.8333,1.4333,1.8333,1.5333,0.0,-0.1,30.5343
s7_it27,s7_it14,R_B,0,3746188937,1.5,2.1333,1.8333,1.5333,-0.3333,0.6,30.5475
s7_it27,s7_it14,R_B,1,1628342904,1.8333,1.4333,1.8333,1.5333,0.0,-0.1,30.5567
s7_it27,s7_it14,R_Bp,0,3438364124,0.8333,1.4333,1.8333,1.5333,-1.0,-0.1,30.5692
s7_it33,s7_it38,R_B,1,1163410732,1.9333,1.3333,2.2667,2.1667,-0.3333,-0.8333,30.5866
s7_it33,s7_it38,R_Bp,1,3758877344,1.9333,1.25,2.2667,2.1667,-0.3333,-0.9167,30.6146
s7_it33,s7_it38,R_B,0,144560123,2.2667,1.8333,2.2667,2.1667,0.0,-0.3333,30.6278
s7_it33,s7_it38,R_Bp,2,1842658494,1.9333,1.0833,2.2667,2.1667,-0.3333,-1.0833,30.645
s7_it33,s7_it38,R_Bp,0,1883372599,1.9333,1.0833,2.2667,2.1667,-0.3333,-1.0833,30.6635
s7_it33,s7_it38,R_B,2,2536165894,2.2667,1.0,2.2667,2.1667,0.0,-1.1667,30.6788
s3_it6,s3_it8,R_Bp,2,4139537661,2.0,1.7667,2.25,1.5667,-0.25,0.2,30.6891
s3_it6,s3_it8,R_B,1,430080405,2.0,1.4333,2.25,1.5667,-0.25,-0.1333,30.6974
s3_it6,s3_it8,R_Bp,0,2137500537,2.0,1.7667,2.25,1.5667,-0.25,0.2,30.7037
s3_it6,s3_it8,R_B,0,386338304,2.0,1.1,2.25,1.5667,-0.25,-0.4667,30.7101
s3_it6,s3_it8,R_B,2,2670778081,2.0,1.4333,2.25,1.5667,-0.25,-0.1333,30.7178
s3_it6,s3_it8,R_Bp,1,3853677726,2.0,1.4333,2.25,1.5667,-0.25,-0.1333,30.7281
s0_it33,s0_it29,R_B,0,63694482,1.5,1.4167,1.5,1.1667,0.0,0.25,30.7468
s0_it33,s0_it29,R_Bp,0,1605940854,1.0,1.9167,1.5,1.1667,-0.5,0.75,30.7661
s0_it33,s0_it29,R_B,1,623378268,1.5,1.4167,1.5,1.1667,0.0,0.25,30.7803
s0_it33,s0_it29,R_B,2,100159616,1.5,1.0833,1.5,1.1667,0.0,-0.0833,30.7945
s0_it33,s0_it29,R_Bp,2,3060804221,1.5,1.4167,1.5,1.1667,0.0,0.25,30.8108
s0_it33,s0_it29,R_Bp,1,2664525642,1.0,0.8333,1.5,1.1667,-0.5,-0.3333,30.8283
s2_it13,s2_it8,R_B,2,2131628719,1.0,0.8,1.0,0.7333,0.0,0.0667,30.8472
s2_it13,s2_it8,R_Bp,0,1755135801,1.0,0.6,1.0,0.7333,0.0,-0.1333,30.8659
s2_it13,s2_it8,R_Bp,1,2371218088,1.0,0.7333,1.0,0.7333,0.0,0.0,30.8798
s2_it13,s2_it8,R_B,1,2497408783,1.0,1.2667,1.0,0.7333,0.0,0.5333,30.8923
s2_it13,s2_it8,R_Bp,2,68181243,1.0,0.6,1.0,0.7333,0.0,-0.1333,30.9078
s2_it13,s2_it8,R_B,0,1010782128,1.0,0.9333,1.0,0.7333,0.0,0.2,30.9197
s2_it37,s2_it29,R_B,1,1287388848,1.25,1.5833,1.25,1.9167,0.0,-0.3333,30.9348
s2_it37,s2_it29,R_Bp,0,593628954,1.5,1.9167,1.25,1.9167,0.25,0.0,30.9489
s2_it37,s2_it29,R_Bp,1,651419214,1.5,1.5833,1.25,1.9167,0.25,-0.3333,30.9645
s2_it37,s2_it29,R_B,0,2767699931,1.25,1.9167,1.25,1.9167,0.0,0.0,30.9764
s2_it37,s2_it29,R_Bp,2,3565510865,1.25,1.5833,1.25,1.9167,0.0,-0.3333,30.9897
s2_it37,s2_it29,R_B,2,3013703738,1.25,2.25,1.25,1.9167,0.0,0.3333,31.004
s2_it29,s2_it30,R_Bp,1,4290341129,1.9167,0.75,2.4167,0.5,-0.5,0.25,31.0174
s2_it29,s2_it30,R_B,2,3410000643,2.0833,0.75,2.4167,0.5,-0.3333,0.25,31.0319
s2_it29,s2_it30,R_B,1,60210930,1.5833,0.5,2.4167,0.5,-0.8333,0.0,31.0439
s2_it29,s2_it30,R_B,0,2730914581,1.5833,0.75,2.4167,0.5,-0.8333,0.25,31.0578
s2_it29,s2_it30,R_Bp,0,3647810276,1.25,0.5,2.4167,0.5,-1.1667,0.0,31.0698
s2_it29,s2_it30,R_Bp,2,2163770919,1.9167,0.75,2.4167,0.5,-0.5,0.25,31.0786
s5_it56,s5_it47,R_Bp,0,1775901429,1.1667,1.4,1.75,0.7,-0.5833,0.7,31.1099
s5_it56,s5_it47,R_Bp,2,1895121422,1.75,0.4,1.75,0.7,0.0,-0.3,31.1316
s5_it56,s5_it47,R_Bp,1,1603028212,1.75,0.7,1.75,0.7,0.0,0.0,31.15
s5_it56,s5_it47,R_B,2,1388041423,1.8333,0.2,1.75,0.7,0.0833,-0.5,31.1728
s5_it56,s5_it47,R_B,1,2832415473,1.75,0.4,1.75,0.7,0.0,-0.3,31.1927
s5_it56,s5_it47,R_B,0,1100104161,1.75,1.9,1.75,0.7,0.0,1.2,31.2096
s5_it39,s5_it29,R_Bp,2,3145013255,1.8333,1.5833,1.8333,1.1667,0.0,0.4167,31.2294
s5_it39,s5_it29,R_B,2,3709348467,1.8333,0.5833,1.8333,1.1667,0.0,-0.5833,31.2459
s5_it39,s5_it29,R_Bp,0,1799177229,2.3333,0.9167,1.8333,1.1667,0.5,-0.25,31.2595
s5_it39,s5_it29,R_B,1,3978112818,2.1667,0.8333,1.8333,1.1667,0.3333,-0.3333,31.272
s5_it39,s5_it29,R_B,0,1124775351,1.8333,1.4167,1.8333,1.1667,0.0,0.25,31.2867
s5_it39,s5_it29,R_Bp,1,885369885,2.1667,1.0833,1.8333,1.1667,0.3333,-0.0833,31.3015
s5_it52,s5_it47,R_B,0,1287055511,1.25,0.4,1.5,0.4,-0.25,0.0,31.3157
s5_it52,s5_it47,R_Bp,1,2782025097,1.75,1.6,1.5,0.4,0.25,1.2,31.3653
s5_it52,s5_it47,R_B,1,2938716267,1.5,0.6,1.5,0.4,0.0,0.2,31.3792
s5_it52,s5_it47,R_Bp,0,1980994248,1.25,0.4,1.5,0.4,-0.25,0.0,31.3975
s5_it52,s5_it47,R_Bp,2,984271682,1.75,1.6,1.5,0.4,0.25,1.2,31.4143
s5_it52,s5_it47,R_B,2,3880451989,1.25,1.4,1.5,0.4,-0.25,1.0,31.4306
s2_it20,s2_it22,R_B,1,4125562025,2.3333,1.6,2.6667,1.2667,-0.3333,0.3333,31.4454
s2_it20,s2_it22,R_Bp,2,1318659903,2.3333,1.2667,2.6667,1.2667,-0.3333,0.0,31.4638
s2_it20,s2_it22,R_Bp,1,317485839,2.3333,1.8,2.6667,1.2667,-0.3333,0.5333,31.4762
s2_it20,s2_it22,R_B,0,2540602142,2.3333,1.6,2.6667,1.2667,-0.3333,0.3333,31.4926
s2_it20,s2_it22,R_Bp,0,2370970003,2.3333,1.8,2.6667,1.2667,-0.3333,0.5333,31.5122
s2_it20,s2_it22,R_B,2,615091398,2.3333,1.8,2.6667,1.2667,-0.3333,0.5333,31.5237
s2_it39,s2_it29,R_B,1,4139365377,2.5,1.25,2.0,1.5833,0.5,-0.3333,31.5401
s2_it39,s2_it29,R_B,2,3745761987,2.0,1.25,2.0,1.5833,0.0,-0.3333,31.5523
s2_it39,s2_it29,R_Bp,1,413628632,1.0,1.5833,2.0,1.5833,-1.0,0.0,31.5662
s2_it39,s2_it29,R_Bp,2,2820716952,2.0,1.5833,2.0,1.5833,0.0,0.0,31.5789
s2_it39,s2_it29,R_B,0,1426849180,2.5,1.5833,2.0,1.5833,0.5,0.0,31.5886
s2_it39,s2_it29,R_Bp,0,837142566,1.0,1.9167,2.0,1.5833,-1.0,0.3333,31.5976
s0_it29,s0_it31,R_B,2,510030815,1.0833,0.8333,1.4167,0.8333,-0.3333,0.0,31.6204
s0_it29,s0_it31,R_Bp,1,804569625,1.6667,0.8333,1.4167,0.8333,0.25,0.0,31.6432
s0_it29,s0_it31,R_Bp,0,486826997,1.0833,0.5,1.4167,0.8333,-0.3333,-0.3333,31.6632
s0_it29,s0_it31,R_B,1,3339845130,1.4167,0.8333,1.4167,0.8333,0.0,0.0,31.6776
s0_it29,s0_it31,R_Bp,2,3433873816,0.8333,0.3333,1.4167,0.8333,-0.5833,-0.5,31.699
s0_it29,s0_it31,R_B,0,1959970071,1.4167,0.8333,1.4167,0.8333,0.0,0.0,31.7168
s6_it35,s6_it21,R_B,0,2533695260,1.6667,0.5,1.6667,0.25,0.0,0.25,31.7355
s6_it35,s6_it21,R_Bp,0,187325528,1.6667,0.5833,1.6667,0.25,0.0,0.3333,31.7566
s6_it35,s6_it21,R_Bp,1,2783023647,1.6667,0.5833,1.6667,0.25,0.0,0.3333,31.7715
s6_it35,s6_it21,R_B,1,146333604,2.6667,0.8333,1.6667,0.25,1.0,0.5833,31.7897
s6_it35,s6_it21,R_Bp,2,482129957,1.6667,0.25,1.6667,0.25,0.0,0.0,31.8051
s6_it35,s6_it21,R_B,2,4087674026,2.6667,1.5833,1.6667,0.25,1.0,1.3333,31.8208
s5_it61,s5_it47,R_B,0,3890233011,1.75,0.4,1.75,0.2,0.0,0.2,31.8414
s5_it61,s5_it47,R_Bp,1,348658704,0.5,0.9,1.75,0.2,-1.25,0.7,31.8684
s5_it61,s5_it47,R_B,2,3953742167,0.5,0.9,1.75,0.2,-1.25,0.7,31.8876
s5_it61,s5_it47,R_B,1,1261464645,0.75,1.4,1.75,0.2,-1.0,1.2,31.9067
s5_it61,s5_it47,R_Bp,0,4228221458,0.5,0.4,1.75,0.2,-1.25,0.2,31.9261
s5_it61,s5_it47,R_Bp,2,3974508139,0.75,1.6,1.75,0.2,-1.0,1.4,31.947
s4_it49,s4_it46,R_B,0,3402537900,1.3333,0.25,1.3333,0.5,0.0,-0.25,31.9645
s4_it49,s4_it46,R_B,1,4217450811,1.0833,0.8333,1.3333,0.5,-0.25,0.3333,31.9823
s4_it49,s4_it46,R_Bp,2,2204239270,1.25,0.5,1.3333,0.5,-0.0833,0.0,32.0002
s4_it49,s4_it46,R_B,2,2235172566,1.3333,0.5,1.3333,0.5,0.0,0.0,32.0142
s4_it49,s4_it46,R_Bp,1,2694974039,1.6667,1.0,1.3333,0.5,0.3333,0.5,32.0281
s4_it49,s4_it46,R_Bp,0,2376631972,1.25,0.5,1.3333,0.5,-0.0833,0.0,32.0429
s0_it18,s0_it20,R_Bp,2,1212990171,2.25,1.3333,2.0,0.5833,0.25,0.75,32.061
s0_it18,s0_it20,R_B,1,1777854416,2.5,1.0,2.0,0.5833,0.5,0.4167,32.0814
s0_it18,s0_it20,R_Bp,0,482671303,2.0,1.6667,2.0,0.5833,0.0,1.0833,32.0971
s0_it18,s0_it20,R_B,0,1221526249,2.5,1.3333,2.0,0.5833,0.5,0.75,32.1111
s0_it18,s0_it20,R_B,2,1413934360,2.5,1.3333,2.0,0.5833,0.5,0.75,32.1259
s0_it18,s0_it20,R_Bp,1,1688210838,2.0,1.6667,2.0,0.5833,0.0,1.0833,32.1418
s6_it6,s6_it8,R_Bp,2,1041420039,1.5,1.4167,1.0,1.4167,0.5,0.0,32.1523
s6_it6,s6_it8,R_B,1,3433660276,1.1,1.4167,1.0,1.4167,0.1,0.0,32.1651
s6_it6,s6_it8,R_Bp,1,375310739,0.8,1.4167,1.0,1.4167,-0.2,0.0,32.1757
s6_it6,s6_it8,R_B,2,3067351317,1.2,1.4167,1.0,1.4167,0.2,0.0,32.1852
s6_it6,s6_it8,R_B,0,2070584540,1.5,1.4167,1.0,1.4167,0.5,0.0,32.1945
s6_it6,s6_it8,R_Bp,0,399811073,1.3,1.4167,1.0,1.4167,0.3,0.0,32.2048
s5_it26,s5_it29,R_B,2,2508417139,2.2667,0.5833,1.5667,0.9167,0.7,-0.3333,32.2245
s5_it26,s5_it29,R_B,0,2033892089,1.7667,0.9167,1.5667,0.9167,0.2,0.0,32.2386
s5_it26,s5_it29,R_Bp,0,3055462508,1.2333,0.8333,1.5667,0.9167,-0.3333,-0.0833,32.2559
s5_it26,s5_it29,R_B,1,786973415,1.7667,0.8333,1.5667,0.9167,0.2,-0.0833,32.2724
s5_it26,s5_it29,R_Bp,1,2428899775,1.7667,0.5833,1.5667,0.9167,0.2,-0.3333,32.288
s5_it26,s5_it29,R_Bp,2,1972510760,2.2667,1.5,1.5667,0.9167,0.7,0.5833,32.3027
s4_it61,s4_it49,R_Bp,1,2866257611,0.8333,1.0833,1.1667,1.3333,-0.3333,-0.25,32.3181
s4_it61,s4_it49,R_B,0,314753044,0.8333,1.6667,1.1667,1.3333,-0.3333,0.3333,32.3363
s4_it61,s4_it49,R_B,1,1503626521,0.8333,1.0833,1.1667,1.3333,-0.3333,-0.25,32.3485
s4_it61,s4_it49,R_B,2,2020204590,0.8333,1.9167,1.1667,1.3333,-0.3333,0.5833,32.3626
s4_it61,s4_it49,R_Bp,2,3325675796,0.8333,1.5833,1.1667,1.3333,-0.3333,0.25,32.3771
s4_it61,s4_it49,R_Bp,0,1378708373,0.8333,1.3333,1.1667,1.3333,-0.3333,0.0,32.3916
s2_it15,s2_it22,R_Bp,1,2365219046,1.75,1.6,1.75,1.2667,0.0,0.3333,32.4109
s2_it15,s2_it22,R_B,0,1041312439,1.75,1.6,1.75,1.2667,0.0,0.3333,32.428
s2_it15,s2_it22,R_B,1,1233985589,1.5,1.8,1.75,1.2667,-0.25,0.5333,32.4429
s2_it15,s2_it22,R_B,2,3076510184,1.5,1.6,1.75,1.2667,-0.25,0.3333,32.4576
s2_it15,s2_it22,R_Bp,0,3415980765,1.5,1.8,1.75,1.2667,-0.25,0.5333,32.4717
s2_it15,s2_it22,R_Bp,2,3686638453,1.5,1.2667,1.75,1.2667,-0.25,0.0,32.4917
s4_it54,s4_it46,R_Bp,1,1037251201,1.8333,1.0,2.1667,0.75,-0.3333,0.25,32.5082
s4_it54,s4_it46,R_B,0,1719599285,1.8333,0.5,2.1667,0.75,-0.3333,-0.25,32.5251
s4_it54,s4_it46,R_B,2,2097568396,1.8333,0.8333,2.1667,0.75,-0.3333,0.0833,32.5394
s4_it54,s4_it46,R_Bp,0,3691582214,1.8333,0.25,2.1667,0.75,-0.3333,-0.5,32.5512
s4_it54,s4_it46,R_Bp,2,514811143,1.8333,0.5,2.1667,0.75,-0.3333,-0.25,32.5616
s4_it54,s4_it46,R_B,1,817215767,1.8333,0.8333,2.1667,0.75,-0.3333,0.0833,32.5728
s5_it2,s5_it9,R_B,0,1071179077,2.1,1.5,2.0167,1.5,0.0833,0.0,32.5809
s5_it2,s5_it9,R_B,2,2646601120,2.2167,1.5,2.0167,1.5,0.2,0.0,32.5884
s5_it2,s5_it9,R_Bp,0,2942549055,2.2167,1.5,2.0167,1.5,0.2,0.0,32.5955
s5_it2,s5_it9,R_Bp,2,320154788,2.0167,1.5,2.0167,1.5,0.0,0.0,32.6052
s5_it2,s5_it9,R_B,1,3170087784,2.55,1.5,2.0167,1.5,0.5333,0.0,32.6128
s5_it2,s5_it9,R_Bp,1,2713950383,2.2167,1.5,2.0167,1.5,0.2,0.0,32.6206
s3_it21,s3_it26,R_Bp,0,3969955913,2.0,2.0667,2.0,1.0667,0.0,1.0,32.6373
s3_it21,s3_it26,R_Bp,2,3882273440,2.0,0.8667,2.0,1.0667,0.0,-0.2,32.6508
s3_it21,s3_it26,R_B,0,3850003986,2.0,0.8667,2.0,1.0667,0.0,-0.2,32.6622
s3_it21,s3_it26,R_B,1,3079692085,2.0,0.7333,2.0,1.0667,0.0,-0.3333,32.6718
s3_it21,s3_it26,R_Bp,1,2393294655,2.0,1.0667,2.0,1.0667,0.0,0.0,32.6853
s3_it21,s3_it26,R_B,2,3461842088,2.0,0.8667,2.0,1.0667,0.0,-0.2,32.694
s3_it13,s3_it8,R_B,2,1234562624,1.0,1.6333,1.0,1.3,0.0,0.3333,32.71
s3_it13,s3_it8,R_Bp,2,3227588274,0.0,1.1,1.0,1.3,-1.0,-0.2,32.7213
s3_it13,s3_it8,R_B,0,466975799,1.0,1.4333,1.0,1.3,0.0,0.1333,32.7347
s3_it13,s3_it8,R_Bp,1,3411561973,0.0,1.4333,1.0,1.3,-1.0,0.1333,32.7458
s3_it13,s3_it8,R_Bp,0,3635504288,1.0,1.6333,1.0,1.3,0.0,0.3333,32.7536
s3_it13,s3_it8,R_B,1,3765678621,0.0,1.6333,1.0,1.3,-1.0,0.3333,32.7637
s5_it11,s5_it9,R_Bp,2,2413257009,0.0,1.5,0.0,1.5,0.0,0.0,32.7698
s5_it11,s5_it9,R_Bp,0,283125577,0.0,1.5,0.0,1.5,0.0,0.0,32.7813
s5_it11,s5_it9,R_Bp,1,2419133538,0.0,1.5,0.0,1.5,0.0,0.0,32.7908
s5_it11,s5_it9,R_B,2,897257775,0.0,0.75,0.0,1.5,0.0,-0.75,32.8079
s5_it11,s5_it9,R_B,0,3933512445,1.0,0.75,0.0,1.5,1.0,-0.75,32.8163
s5_it11,s5_it9,R_B,1,1677146025,1.0,1.5,0.0,1.5,1.0,0.0,32.8224
s3_it27,s3_it26,R_B,2,2464088210,1.5,1.0667,1.5,1.0667,0.0,0.0,32.8308
s3_it27,s3_it26,R_Bp,1,916881191,1.0,1.0667,1.5,1.0667,-0.5,0.0,32.8418
s3_it27,s3_it26,R_Bp,0,1653835307,1.0,1.0667,1.5,1.0667,-0.5,0.0,32.8502
s3_it27,s3_it26,R_B,1,2598796396,1.0,0.7333,1.5,1.0667,-0.5,-0.3333,32.8603
s3_it27,s3_it26,R_B,0,316723766,1.5,0.5333,1.5,1.0667,0.0,-0.5333,32.8693
s3_it27,s3_it26,R_Bp,2,925076572,1.0,0.7333,1.5,1.0667,-0.5,-0.3333,32.8784
s7_it39,s7_it38,R_B,2,783990597,1.1667,1.6667,1.75,1.3333,-0.5833,0.3333,32.8878
s7_it39,s7_it38,R_Bp,2,206231153,1.4167,1.3333,1.75,1.3333,-0.3333,0.0,32.9113
s7_it39,s7_it38,R_Bp,1,3082884679,1.75,1.6667,1.75,1.3333,0.0,0.3333,32.9242
s7_it39,s7_it38,R_B,0,238678106,1.1667,1.3333,1.75,1.3333,-0.5833,0.0,32.9313
s7_it39,s7_it38,R_Bp,0,3572529244,1.75,1.8333,1.75,1.3333,0.0,0.5,32.9438
s7_it39,s7_it38,R_B,1,14885592,1.1667,1.5833,1.75,1.3333,-0.5833,0.25,32.9522
s5_it54,s5_it47,R_Bp,0,1203066433,0.5,0.4,0.5,0.7,0.0,-0.3,32.981
s5_it54,s5_it47,R_B,1,1421284072,0.5,0.7,0.5,0.7,0.0,0.0,32.996
s5_it54,s5_it47,R_Bp,2,256381535,1.0,1.6,0.5,0.7,0.5,0.9,33.0135
s5_it54,s5_it47,R_B,0,2968605978,1.0,0.7,0.5,0.7,0.5,0.0,33.0265
s5_it54,s5_it47,R_Bp,1,661576102,0.5,0.4,0.5,0.7,0.0,-0.3,33.0442
s5_it54,s5_it47,R_B,2,3666257870,0.5,1.2,0.5,0.7,0.0,0.5,33.0579
s3_it15,s3_it8,R_Bp,2,2258236000,2.25,1.4333,2.5,1.1,-0.25,0.3333,33.0743
s3_it15,s3_it8,R_B,1,3277573343,1.75,1.7667,2.5,1.1,-0.75,0.6667,33.0936
s3_it15,s3_it8,R_Bp,0,1647274986,2.0,1.3,2.5,1.1,-0.5,0.2,33.1094
s3_it15,s3_it8,R_B,2,918866699,1.75,1.6333,2.5,1.1,-0.75,0.5333,33.1227
s3_it15,s3_it8,R_Bp,1,1333452791,2.25,1.4333,2.5,1.1,-0.25,0.3333,33.1363
s3_it15,s3_it8,R_B,0,2373066088,2.5,1.6333,2.5,1.1,0.0,0.5333,33.1496
s4_it35,s4_it24,R_Bp,0,1917332096,0.9,0.9,1.1,0.9,-0.2,0.0,33.1748
s4_it35,s4_it24,R_B,1,219427392,1.4,0.7,1.1,0.9,0.3,-0.2,33.1896
s4_it35,s4_it24,R_B,0,3309703769,1.2,1.1,1.1,0.9,0.1,0.2,33.2029
s4_it35,s4_it24,R_Bp,1,1784030677,1.4,1.1,1.1,0.9,0.3,0.2,33.2227
s4_it35,s4_it24,R_Bp,2,1767792257,1.4,0.9,1.1,0.9,0.3,0.0,33.2403
s4_it35,s4_it24,R_B,2,1108254940,0.9,1.7,1.1,0.9,-0.2,0.8,33.2548
s6_it53,s6_it43,R_B,0,581631062,1.5,1.25,2.1667,1.0,-0.6667,0.25,33.2723
s6_it53,s6_it43,R_B,1,3588216585,2.1667,1.0,2.1667,1.0,0.0,0.0,33.287
s6_it53,s6_it43,R_Bp,1,1726676119,1.8333,1.0,2.1667,1.0,-0.3333,0.0,33.3146
s6_it53,s6_it43,R_Bp,2,2215096256,2.1667,1.0,2.1667,1.0,0.0,0.0,33.332
s6_it53,s6_it43,R_Bp,0,3186542398,2.1667,1.0,2.1667,1.0,0.0,0.0,33.3496
s6_it53,s6_it43,R_B,2,206757850,2.6667,1.0,2.1667,1.0,0.5,0.0,33.3644
s0_it6,s0_it3,R_B,1,1728558651,1.45,1.3333,1.25,1.3333,0.2,0.0,33.3847
s0_it6,s0_it3,R_B,0,926324256,1.25,1.3333,1.25,1.3333,0.0,0.0,33.4013
s0_it6,s0_it3,R_Bp,2,2964364212,1.25,1.3333,1.25,1.3333,0.0,0.0,33.4186
s0_it6,s0_it3,R_B,2,4048826984,1.3,1.3333,1.25,1.3333,0.05,0.0,33.4316
s0_it6,s0_it3,R_Bp,1,3448743194,1.5,1.3333,1.25,1.3333,0.25,0.0,33.4434
s0_it6,s0_it3,R_Bp,0,1619414941,1.25,1.3333,1.25,1.3333,0.0,0.0,33.4574
s1_it10,s1_it5,R_Bp,2,1354044497,1.25,0.75,1.25,1.0,0.0,-0.25,33.4778
s1_it10,s1_it5,R_Bp,0,4193835533,0.75,0.5,1.25,1.0,-0.5,-0.5,33.4938
s1_it10,s1_it5,R_B,1,2850254552,1.0,0.75,1.25,1.0,-0.25,-0.25,33.5135
s1_it10,s1_it5,R_B,0,105690626,2.25,0.75,1.25,1.0,1.0,-0.25,33.5291
s1_it10,s1_it5,R_B,2,1847662293,0.75,1.0,1.25,1.0,-0.5,0.0,33.5453
s1_it10,s1_it5,R_Bp,1,4194554380,0.75,0.75,1.25,1.0,-0.5,-0.25,33.5603
s3_it11,s3_it8,R_Bp,0,4163196717,2.1667,1.6333,1.8333,1.9667,0.3333,-0.3333,33.5726
s3_it11,s3_it8,R_Bp,2,1001131137,2.1667,1.4333,1.8333,1.9667,0.3333,-0.5333,33.5817
s3_it11,s3_it8,R_B,2,2708971746,2.6667,1.1,1.8333,1.9667,0.8333,-0.8667,33.5978
s3_it11,s3_it8,R_B,0,430885310,2.1667,0.9,1.8333,1.9667,0.3333,-1.0667,33.6098
s3_it11,s3_it8,R_B,1,4074061587,2.1667,1.6333,1.8333,1.9667,0.3333,-0.3333,33.6248
s3_it11,s3_it8,R_Bp,1,307813260,2.3333,1.2333,1.8333,1.9667,0.5,-0.7333,33.6359
s5_it19,s5_it9,R_B,0,252757024,1.05,1.5,1.1,1.5,-0.05,0.0,33.6567
s5_it19,s5_it9,R_Bp,2,3438233958,0.6,1.5,1.1,1.5,-0.5,0.0,33.6698
s5_it19,s5_it9,R_Bp,0,3285002913,1.3,1.5,1.1,1.5,0.2,0.0,33.6795
s5_it19,s5_it9,R_B,2,2713127993,0.85,1.5,1.1,1.5,-0.25,0.0,33.6953
s5_it19,s5_it9,R_B,1,3400193844,0.85,1.5,1.1,1.5,-0.25,0.0,33.7105
s5_it19,s5_it9,R_Bp,1,698728538,0.85,1.5,1.1,1.5,-0.25,0.0,33.7209
s2_it26,s2_it22,R_B,0,2327600026,1.3333,1.8,2.3333,1.4667,-1.0,0.3333,33.7365
s2_it26,s2_it22,R_Bp,0,1844094722,2.3333,1.6,2.3333,1.4667,0.0,0.1333,33.754
s2_it26,s2_it22,R_B,2,2995503515,2.3333,1.4,2.3333,1.4667,0.0,-0.0667,33.764
s2_it26,s2_it22,R_B,1,1899181964,1.3333,1.4,2.3333,1.4667,-1.0,-0.0667,33.7752
s2_it26,s2_it22,R_Bp,1,2505631252,1.3333,1.6,2.3333,1.4667,-1.0,0.1333,33.7889
s2_it26,s2_it22,R_Bp,2,1367129963,1.3333,1.4667,2.3333,1.4667,-1.0,0.0,33.8001
s3_it10,s3_it8,R_B,0,3223872358,1.5,1.7667,0.75,1.1,0.75,0.6667,33.8212
s3_it10,s3_it8,R_Bp,2,1137628800,0.75,1.6333,0.75,1.1,0.0,0.5333,33.8391
s3_it10,s3_it8,R_Bp,1,2994104003,1.0,1.6333,0.75,1.1,0.25,0.5333,33.853
s3_it10,s3_it8,R_B,2,1641915582,1.0,1.1333,0.75,1.1,0.25,0.0333,33.869
s3_it10,s3_it8,R_B,1,2104065174,1.0,1.4333,0.75,1.1,0.25,0.3333,33.8835
s3_it10,s3_it8,R_Bp,0,3972030763,1.5,1.7667,0.75,1.1,0.75,0.6667,33.8963
s2_it35,s2_it29,R_B,1,1845780098,1.2667,1.25,1.4667,2.0833,-0.2,-0.8333,33.9114
s2_it35,s2_it29,R_B,0,3015590782,1.2667,1.0,1.4667,2.0833,-0.2,-1.0833,33.921
s2_it35,s2_it29,R_Bp,0,1920595895,1.4667,1.5833,1.4667,2.0833,0.0,-0.5,33.9377
s2_it35,s2_it29,R_Bp,2,2528482081,1.4667,1.25,1.4667,2.0833,0.0,-0.8333,33.9495
s2_it35,s2_it29,R_Bp,1,2206761132,1.4667,2.0833,1.4667,2.0833,0.0,0.0,33.9603
s2_it35,s2_it29,R_B,2,4170767843,1.2667,1.25,1.4667,2.0833,-0.2,-0.8333,33.9697
s2_it42,s2_it29,R_Bp,0,4154697593,0.75,2.0833,1.25,1.75,-0.5,0.3333,33.9854
s2_it42,s2_it29,R_B,1,2357239570,1.25,1.9167,1.25,1.75,0.0,0.1667,34.0163
s2_it42,s2_it29,R_B,2,175755365,1.25,1.3333,1.25,1.75,0.0,-0.4167,34.0284
s2_it42,s2_it29,R_Bp,1,3793630124,0.75,2.0833,1.25,1.75,-0.5,0.3333,34.0372
s2_it42,s2_it29,R_Bp,2,397748732,1.25,1.5833,1.25,1.75,0.0,-0.1667,34.048
s2_it42,s2_it29,R_B,0,2102657122,1.5,1.5833,1.25,1.75,0.25,-0.1667,34.0564
s6_it24,s6_it21,R_B,0,3490978243,1.5,1.8333,1.5,0.5,0.0,1.3333,34.0761
s6_it24,s6_it21,R_Bp,1,3340503747,1.5,0.25,1.5,0.5,0.0,-0.25,34.0945
s6_it24,s6_it21,R_Bp,2,2341679743,1.25,1.5,1.5,0.5,-0.25,1.0,34.1097
s6_it24,s6_it21,R_B,1,3769311577,1.25,0.5833,1.5,0.5,-0.25,0.0833,34.1245
s6_it24,s6_it21,R_Bp,0,1000862619,1.5,0.8333,1.5,0.5,0.0,0.3333,34.1428
s6_it24,s6_it21,R_B,2,2512859845,1.25,1.0833,1.5,0.5,-0.25,0.5833,34.1572
s0_it5,s0_it3,R_Bp,0,3527303071,2.0,1.3333,2.5,1.3333,-0.5,0.0,34.1724
s0_it5,s0_it3,R_B,2,342193935,2.0,1.3333,2.5,1.3333,-0.5,0.0,34.1823
s0_it5,s0_it3,R_Bp,2,3332048836,2.0,1.3333,2.5,1.3333,-0.5,0.0,34.1914
s0_it5,s0_it3,R_B,0,1931509098,2.0,1.3333,2.5,1.3333,-0.5,0.0,34.199
s0_it5,s0_it3,R_B,1,1495573556,1.0,1.3333,2.5,1.3333,-1.5,0.0,34.2067
s0_it5,s0_it3,R_Bp,1,99984920,2.0,1.3333,2.5,1.3333,-0.5,0.0,34.2162
s4_it31,s4_it24,R_Bp,1,4174743258,1.3333,1.9,2.0,0.7,-0.6667,1.2,34.2413
s4_it31,s4_it24,R_B,2,3681492347,1.6667,0.9,2.0,0.7,-0.3333,0.2,34.2603
s4_it31,s4_it24,R_B,1,2873824364,1.3333,0.7,2.0,0.7,-0.6667,0.0,34.2793
s4_it31,s4_it24,R_Bp,0,2724046467,2.0,0.7,2.0,0.7,0.0,0.0,34.2972
s4_it31,s4_it24,R_Bp,2,2766050714,1.0,0.9,2.0,0.7,-1.0,0.2,34.3164
s4_it31,s4_it24,R_B,0,1133614548,1.0,0.9,2.0,0.7,-1.0,0.2,34.3331
s4_it60,s4_it46,R_B,1,3580176508,2.3333,0.5,1.8333,0.5,0.5,0.0,34.3512
s4_it60,s4_it46,R_Bp,1,798370955,1.8333,0.5,1.8333,0.5,0.0,0.0,34.3693
s4_it60,s4_it46,R_B,2,3003397360,1.8333,0.75,1.8333,0.5,0.0,0.25,34.3833
s4_it60,s4_it46,R_Bp,0,2520307285,2.3333,0.5,1.8333,0.5,0.5,0.0,34.3972
s4_it60,s4_it46,R_B,0,1315528860,2.3333,0.5,1.8333,0.5,0.5,0.0,34.4122
s4_it60,s4_it46,R_Bp,2,718461066,2.3333,0.25,1.8333,0.5,0.5,-0.25,34.4261
s2_it16,s2_it22,R_B,2,450864355,1.0,1.6,1.0,1.8,0.0,-0.2,34.4412
s2_it16,s2_it22,R_Bp,1,2920239347,1.0,1.8,1.0,1.8,0.0,0.0,34.4587
s2_it16,s2_it22,R_Bp,0,443360808,0.0,1.4667,1.0,1.8,-1.0,-0.3333,34.4721
s2_it16,s2_it22,R_Bp,2,2638705997,1.0,1.4,1.0,1.8,0.0,-0.4,34.4907
s2_it16,s2_it22,R_B,1,1327659032,1.0,1.6,1.0,1.8,0.0,-0.2,34.5032
s2_it16,s2_it22,R_B,0,3625203299,1.0,1.6,1.0,1.8,0.0,-0.2,34.516
s3_it20,s3_it26,R_Bp,1,1834200992,1.9167,0.7333,1.9167,0.7333,0.0,0.0,34.5299
s3_it20,s3_it26,R_B,1,2215979755,2.1667,0.4,1.9167,0.7333,0.25,-0.3333,34.5512
s3_it20,s3_it26,R_B,0,151631023,1.6667,1.0667,1.9167,0.7333,-0.25,0.3333,34.5669
s3_it20,s3_it26,R_Bp,2,3340019025,1.9167,0.7333,1.9167,0.7333,0.0,0.0,34.5786
s3_it20,s3_it26,R_B,2,1635727684,2.1667,1.0667,1.9167,0.7333,0.25,0.3333,34.5936
s3_it20,s3_it26,R_Bp,0,1234761177,1.9167,0.7333,1.9167,0.7333,0.0,0.0,34.608
s6_it55,s6_it43,R_Bp,2,1644725710,2.0,1.0,2.5,1.0,-0.5,0.0,34.6284
s6_it55,s6_it43,R_B,0,4271570974,1.5,1.0,2.5,1.0,-1.0,0.0,34.6402
s6_it55,s6_it43,R_B,1,2208839148,2.25,1.0,2.5,1.0,-0.25,0.0,34.6487
s6_it55,s6_it43,R_Bp,1,3224959923,2.5,1.0,2.5,1.0,0.0,0.0,34.663
s6_it55,s6_it43,R_Bp,0,3668747552,2.0,1.0,2.5,1.0,-0.5,0.0,34.6754
s6_it55,s6_it43,R_B,2,1067016714,2.5,1.25,2.5,1.0,0.0,0.25,34.6874
s0_it30,s0_it29,R_Bp,0,3625523050,1.6667,0.8333,1.1667,1.1667,0.5,-0.3333,34.7091
s0_it30,s0_it29,R_B,1,3137476930,1.6667,1.0833,1.1667,1.1667,0.5,-0.0833,34.7278
s0_it30,s0_it29,R_B,2,3100090226,1.6667,1.4167,1.1667,1.1667,0.5,0.25,34.7436
s0_it30,s0_it29,R_B,0,158037123,1.6667,1.1667,1.1667,1.1667,0.5,0.0,34.7594
s0_it30,s0_it29,R_Bp,2,3836679295,1.6667,1.4167,1.1667,1.1667,0.5,0.25,34.7743
s0_it30,s0_it29,R_Bp,1,1727051922,1.6667,0.8333,1.1667,1.1667,0.5,-0.3333,34.7871
s7_it9,s7_it2,R_Bp,2,3944381114,3.0,0.8333,3.0,1.1667,0.0,-0.3333,34.8061
s7_it9,s7_it2,R_B,2,2886087492,3.0,0.5833,3.0,1.1667,0.0,-0.5833,34.8214
s7_it9,s7_it2,R_Bp,1,262535294,3.0,1.1667,3.0,1.1667,0.0,0.0,34.8353
s7_it9,s7_it2,R_B,1,983590306,3.0,0.9167,3.0,1.1667,0.0,-0.25,34.8455
s7_it9,s7_it2,R_Bp,0,1055272389,3.0,0.5833,3.0,1.1667,0.0,-0.5833,34.8564
s7_it9,s7_it2,R_B,0,1061104867,3.0,0.5833,3.0,1.1667,0.0,-0.5833,34.8696
s4_it55,s4_it46,R_B,2,1987832330,1.75,0.5,1.25,0.25,0.5,0.25,34.8948
s4_it55,s4_it46,R_Bp,1,3895643717,1.75,0.5,1.25,0.25,0.5,0.25,34.9129
s4_it55,s4_it46,R_Bp,2,3892878100,1.75,0.75,1.25,0.25,0.5,0.5,34.9281
s4_it55,s4_it46,R_B,0,357759696,1.75,0.5,1.25,0.25,0.5,0.25,34.9454
s4_it55,s4_it46,R_B,1,4027089301,1.5,0.8333,1.25,0.25,0.25,0.5833,34.9668
s4_it55,s4_it46,R_Bp,0,2392180405,1.75,0.5,1.25,0.25,0.5,0.25,34.9825
s0_it13,s0_it3,R_Bp,1,3948000778,2.0,1.3333,2.5,1.3333,-0.5,0.0,35.0018
s0_it13,s0_it3,R_B,1,1779785224,2.5,1.3333,2.5,1.3333,0.0,0.0,35.0198
s0_it13,s0_it3,R_B,0,957731260,2.0,1.3333,2.5,1.3333,-0.5,0.0,35.0342
s0_it13,s0_it3,R_Bp,0,3256917261,2.0,1.3333,2.5,1.3333,-0.5,0.0,35.0474
s0_it13,s0_it3,R_Bp,2,1559358941,2.0,1.3333,2.5,1.3333,-0.5,0.0,35.0662
s0_it13,s0_it3,R_B,2,3997463614,2.5,1.3333,2.5,1.3333,0.0,0.0,35.0812
s5_it7,s5_it9,R_B,0,3272468383,1.4,1.5,1.4,1.5,0.0,0.0,35.098
s5_it7,s5_it9,R_Bp,1,2380469614,1.4,1.5,1.4,1.5,0.0,0.0,35.1081
s5_it7,s5_it9,R_Bp,0,4149425108,1.6,1.5,1.4,1.5,0.2,0.0,35.1159
s5_it7,s5_it9,R_B,1,812523545,1.4,1.5,1.4,1.5,0.0,0.0,35.1288
s5_it7,s5_it9,R_B,2,2496545485,1.4,1.5,1.4,1.5,0.0,0.0,35.1381
s5_it7,s5_it9,R_Bp,2,2767026129,1.9,1.5,1.4,1.5,0.5,0.0,35.1471
s2_it28,s2_it22,R_Bp,1,2786254402,1.5667,1.8,1.5667,1.8,0.0,0.0,35.1683
s2_it28,s2_it22,R_B,0,4280408316,1.5667,1.4,1.5667,1.8,0.0,-0.4,35.1922
s2_it28,s2_it22,R_Bp,2,1438443311,1.5667,1.8,1.5667,1.8,0.0,0.0,35.2059
s2_it28,s2_it22,R_B,1,3673882374,1.5667,1.8,1.5667,1.8,0.0,0.0,35.2231
s2_it28,s2_it22,R_Bp,0,3284429629,1.5667,1.4,1.5667,1.8,0.0,-0.4,35.2372
s2_it28,s2_it22,R_B,2,1201706030,1.5667,1.4667,1.5667,1.8,0.0,-0.3333,35.2511
s5_it38,s5_it29,R_Bp,0,751125569,1.5667,1.1667,1.7667,0.8333,-0.2,0.3333,35.2703
s5_it38,s5_it29,R_Bp,2,1607025355,2.0667,0.9167,1.7667,0.8333,0.3,0.0833,35.284
s5_it38,s5_it29,R_Bp,1,3473973232,1.5667,0.8333,1.7667,0.8333,-0.2,0.0,35.3016
s5_it38,s5_it29,R_B,1,583678492,1.3667,1.1667,1.7667,0.8333,-0.4,0.3333,35.3175
s5_it38,s5_it29,R_B,2,731362211,2.0667,0.5833,1.7667,0.8333,0.3,-0.25,35.3315
s5_it38,s5_it29,R_B,0,1948914511,2.0667,1.1667,1.7667,0.8333,0.3,0.3333,35.3457
s3_it14,s3_it8,R_B,0,3047403611,1.5,1.3,1.0,1.6333,0.5,-0.3333,35.3744
s3_it14,s3_it8,R_Bp,0,1731386287,1.5,1.4333,1.0,1.6333,0.5,-0.2,35.3942
s3_it14,s3_it8,R_B,2,38414682,1.5,1.4333,1.0,1.6333,0.5,-0.2,35.4126
s3_it14,s3_it8,R_Bp,2,3745867848,1.5,1.9667,1.0,1.6333,0.5,0.3333,35.428
s3_it14,s3_it8,R_Bp,1,3255409111,1.25,1.7667,1.0,1.6333,0.25,0.1333,35.4432
s3_it14,s3_it8,R_B,1,4062966615,1.5,1.4333,1.0,1.6333,0.5,-0.2,35.4571
s0_it36,s0_it29,R_B,2,1818028482,2.0,1.0833,1.75,2.1667,0.25,-1.0833,35.4781
s0_it36,s0_it29,R_Bp,2,1387734845,1.5,0.9167,1.75,2.1667,-0.25,-1.25,35.4984
s0_it36,s0_it29,R_B,0,3661476505,2.3333,1.4167,1.75,2.1667,0.5833,-0.75,35.5139
s0_it36,s0_it29,R_B,1,3894692503,2.0,1.4167,1.75,2.1667,0.25,-0.75,35.5321
s0_it36,s0_it29,R_Bp,0,2459467157,1.25,1.4167,1.75,2.1667,-0.5,-0.75,35.5478
s0_it36,s0_it29,R_Bp,1,2032421312,1.5833,0.8333,1.75,2.1667,-0.1667,-1.3333,35.5641
s6_it29,s6_it21,R_B,2,1301911274,2.05,0.5,2.35,0.25,-0.3,0.25,35.5826
s6_it29,s6_it21,R_Bp,1,4115576428,2.35,1.5833,2.35,0.25,0.0,1.3333,35.6039
s6_it29,s6_it21,R_Bp,0,812441630,2.05,0.5833,2.35,0.25,-0.3,0.3333,35.6207
s6_it29,s6_it21,R_B,1,2399572602,2.55,0.5833,2.35,0.25,0.2,0.3333,35.6372
s6_it29,s6_it21,R_Bp,2,1704239298,1.6,0.8333,2.35,0.25,-0.75,0.5833,35.6524
s6_it29,s6_it21,R_B,0,1604631048,2.55,0.8333,2.35,0.25,0.2,0.5833,35.6688
s1_it28,s1_it31,R_Bp,2,3702116148,2.25,1.0,2.25,1.0,0.0,0.0,35.6889
s1_it28,s1_it31,R_Bp,0,1662421838,2.5,1.3333,2.25,1.0,0.25,0.3333,35.7043
s1_it28,s1_it31,R_B,0,2470320555,2.25,1.0,2.25,1.0,0.0,0.0,35.7241
s1_it28,s1_it31,R_B,1,4071913555,2.25,1.0,2.25,1.0,0.0,0.0,35.7388
s1_it28,s1_it31,R_B,2,3714676090,2.25,1.0,2.25,1.0,0.0,0.0,35.7525
s1_it28,s1_it31,R_Bp,1,498857121,2.5,1.0,2.25,1.0,0.25,0.0,35.7672
s1_it22,s1_it23,R_B,2,3701627692,1.0,1.8167,0.6667,1.3667,0.3333,0.45,35.7842
s1_it22,s1_it23,R_B,0,1463922774,0.3333,1.5667,0.6667,1.3667,-0.3333,0.2,35.7978
s1_it22,s1_it23,R_Bp,0,1525641054,0.6667,1.5667,0.6667,1.3667,0.0,0.2,35.8172
s1_it22,s1_it23,R_Bp,2,3878029686,0.6667,1.8167,0.6667,1.3667,0.0,0.45,35.8321
s1_it22,s1_it23,R_B,1,698558986,0.3333,1.3667,0.6667,1.3667,-0.3333,0.0,35.8452
s1_it22,s1_it23,R_Bp,1,105582050,0.3333,1.5667,0.6667,1.3667,-0.3333,0.2,35.8595
s4_it8,s4_it1,R_B,2,3295423814,1.0,0.5333,2.0,0.7333,-1.0,-0.2,35.8725
s4_it8,s4_it1,R_Bp,1,2603685383,1.0,0.5333,2.0,0.7333,-1.0,-0.2,35.8895
s4_it8,s4_it1,R_B,1,3926920438,2.0,0.5333,2.0,0.7333,0.0,-0.2,35.9021
s4_it8,s4_it1,R_Bp,0,3504679840,2.0,0.5333,2.0,0.7333,0.0,-0.2,35.9138
s4_it8,s4_it1,R_Bp,2,3597435457,2.0,0.7333,2.0,0.7333,0.0,0.0,35.9248
s4_it8,s4_it1,R_B,0,2150302408,1.0,0.7333,2.0,0.7333,-1.0,0.0,35.9365
s2_it1,s2_it8,R_Bp,0,2013337459,0.9,0.9333,1.1,1.2667,-0.2,-0.3333,35.9523
s2_it1,s2_it8,R_B,2,752939013,1.9,1.2667,1.1,1.2667,0.8,0.0,35.9693
s2_it1,s2_it8,R_Bp,2,1330635587,1.9,1.2667,1.1,1.2667,0.8,0.0,35.9837
s2_it1,s2_it8,R_B,1,703195665,1.1,0.9333,1.1,1.2667,0.0,-0.3333,35.9985
s2_it1,s2_it8,R_Bp,1,4237106359,1.9,0.9333,1.1,1.2667,0.8,-0.3333,36.0098
s2_it1,s2_it8,R_B,0,2259855906,0.9,0.9333,1.1,1.2667,-0.2,-0.3333,36.0197
s1_it20,s1_it23,R_B,0,3081401589,1.1667,1.8167,1.5,1.5667,-0.3333,0.25,36.0477
s1_it20,s1_it23,R_B,1,3345087276,2.5,1.8167,1.5,1.5667,1.0,0.25,36.0648
s1_it20,s1_it23,R_Bp,1,1841844632,1.1667,1.3667,1.5,1.5667,-0.3333,-0.2,36.0841
s1_it20,s1_it23,R_Bp,2,2955638342,1.5,1.7667,1.5,1.5667,0.0,0.2,36.1013
s1_it20,s1_it23,R_Bp,0,2523643786,1.1667,1.8167,1.5,1.5667,-0.3333,0.25,36.1182
s1_it20,s1_it23,R_B,2,315841883,1.1667,1.5667,1.5,1.5667,-0.3333,0.0,36.1363
s2_it40,s2_it29,R_B,2,2661571170,1.5833,1.25,1.0833,1.5833,0.5,-0.3333,36.1556
s2_it40,s2_it29,R_B,1,2819227923,1.5833,0.5,1.0833,1.5833,0.5,-1.0833,36.1681
s2_it40,s2_it29,R_Bp,2,1089181212,1.5833,1.5833,1.0833,1.5833,0.5,0.0,36.1867
s2_it40,s2_it29,R_Bp,1,1362476667,1.0833,1.25,1.0833,1.5833,0.0,-0.3333,36.2029
s2_it40,s2_it29,R_B,0,715751154,1.0833,1.25,1.0833,1.5833,0.0,-0.3333,36.2182
s2_it40,s2_it29,R_Bp,0,879769516,1.5833,2.1667,1.0833,1.5833,0.5,0.5833,36.2313
s1_it21,s1_it23,R_B,1,2680711393,1.3333,1.5667,1.3333,1.8167,0.0,-0.25,36.2515
s1_it21,s1_it23,R_B,2,981544026,1.3333,1.6167,1.3333,1.8167,0.0,-0.2,36.2796
s1_it21,s1_it23,R_B,0,355927861,1.6667,1.3667,1.3333,1.8167,0.3333,-0.45,36.2939
s1_it21,s1_it23,R_Bp,1,1162677729,1.6667,1.8167,1.3333,1.8167,0.3333,0.0,36.3124
s1_it21,s1_it23,R_Bp,2,1221162894,1.6667,1.8167,1.3333,1.8167,0.3333,0.0,36.3296
s1_it21,s1_it23,R_Bp,0,832086849,1.3333,1.6167,1.3333,1.8167,0.0,-0.2,36.3451
s6_it28,s6_it21,R_Bp,1,2805734307,1.3333,2.1667,1.6667,0.5833,-0.3333,1.5833,36.3656
s6_it28,s6_it21,R_B,2,4212631998,1.3333,0.5,1.6667,0.5833,-0.3333,-0.0833,36.3839
s6_it28,s6_it21,R_B,0,4123998575,1.6667,0.8333,1.6667,0.5833,0.0,0.25,36.3984
s6_it28,s6_it21,R_Bp,0,3494602496,1.6667,0.5833,1.6667,0.5833,0.0,0.0,36.4142
s6_it28,s6_it21,R_Bp,2,1584612902,1.3333,0.25,1.6667,0.5833,-0.3333,-0.3333,36.4296
s6_it28,s6_it21,R_B,1,3669287205,1.0,0.5833,1.6667,0.5833,-0.6667,0.0,36.443
s6_it8,s6_it6,R_Bp,1,435718778,1.4167,1.2,1.4167,1.2,0.0,0.0,36.4615
s6_it8,s6_it6,R_Bp,2,1383596292,1.1667,1.2,1.4167,1.2,-0.25,0.0,36.475
s6_it8,s6_it6,R_B,2,1329224278,1.4167,0.8,1.4167,1.2,0.0,-0.4,36.4914
s6_it8,s6_it6,R_Bp,0,1155646177,1.4167,1.0,1.4167,1.2,0.0,-0.2,36.5032
s6_it8,s6_it6,R_B,1,3451975115,1.1667,1.0,1.4167,1.2,-0.25,-0.2,36.5166
s6_it8,s6_it6,R_B,0,4127673538,1.4167,0.6,1.4167,1.2,0.0,-0.6,36.531
s4_it19,s4_it1,R_Bp,0,3600194051,2.1333,0.8667,1.4333,0.7333,0.7,0.1333,36.5461
s4_it19,s4_it1,R_B,1,2865041825,1.6833,0.7333,1.4333,0.7333,0.25,0.0,36.559
s4_it19,s4_it1,R_B,0,2827170133,1.9333,0.7333,1.4333,0.7333,0.5,0.0,36.5683
s4_it19,s4_it1,R_Bp,1,3067720770,1.6833,1.0667,1.4333,0.7333,0.25,0.3333,36.5795
s4_it19,s4_it1,R_B,2,2170573701,2.1333,0.5333,1.4333,0.7333,0.7,-0.2,36.5919
s4_it19,s4_it1,R_Bp,2,813077642,2.1333,0.7333,1.4333,0.7333,0.7,0.0,36.6028
s7_it7,s7_it2,R_Bp,1,980447545,2.0,0.9167,2.0,0.9167,0.0,0.0,36.62
s7_it7,s7_it2,R_B,1,1951294644,1.75,0.9167,2.0,0.9167,-0.25,0.0,36.63
s7_it7,s7_it2,R_B,0,282566972,2.0,0.9167,2.0,0.9167,0.0,0.0,36.6395
s7_it7,s7_it2,R_Bp,0,4253072454,1.25,0.5833,2.0,0.9167,-0.75,-0.3333,36.6515
s7_it7,s7_it2,R_B,2,2746371539,1.25,0.5833,2.0,0.9167,-0.75,-0.3333,36.6613
s7_it7,s7_it2,R_Bp,2,80611555,1.5,0.5833,2.0,0.9167,-0.5,-0.3333,36.6745
s3_it1,s3_it8,R_B,2,12090453,2.6667,1.1,2.6667,1.6333,0.0,-0.5333,36.6833
s3_it1,s3_it8,R_Bp,1,3751425424,2.6667,1.1,2.6667,1.6333,0.0,-0.5333,36.6934
s3_it1,s3_it8,R_B,0,940620861,2.6667,1.4333,2.6667,1.6333,0.0,-0.2,36.7016
s3_it1,s3_it8,R_Bp,0,3434585830,2.6667,1.3,2.6667,1.6333,0.0,-0.3333,36.709
s3_it1,s3_it8,R_B,1,754152185,2.6667,1.1,2.6667,1.6333,0.0,-0.5333,36.7157
s3_it1,s3_it8,R_Bp,2,3651431249,2.6667,1.1,2.6667,1.6333,0.0,-0.5333,36.7224
s5_it22,s5_it9,R_B,1,2338547947,1.8333,1.5,2.3333,1.5,-0.5,0.0,36.7336
s5_it22,s5_it9,R_Bp,1,3099118232,1.8333,1.5,2.3333,1.5,-0.5,0.0,36.7442
s5_it22,s5_it9,R_Bp,0,252820280,1.6667,1.5,2.3333,1.5,-0.6667,0.0,36.7546
s5_it22,s5_it9,R_B,0,4175013377,2.1667,1.5,2.3333,1.5,-0.1667,0.0,36.7628
s5_it22,s5_it9,R_Bp,2,3444567832,1.3333,1.5,2.3333,1.5,-1.0,0.0,36.7718
s5_it22,s5_it9,R_B,2,2909541714,2.1667,1.5,2.3333,1.5,-0.1667,0.0,36.7816
s1_it5,s1_it9,R_Bp,2,719733089,0.75,1.1,0.75,1.1,0.0,0.0,36.8014
s1_it5,s1_it9,R_Bp,1,279975843,1.0,0.9,0.75,1.1,0.25,-0.2,36.8162
s1_it5,s1_it9,R_B,2,878188480,1.25,1.1,0.75,1.1,0.5,0.0,36.8367
s1_it5,s1_it9,R_Bp,0,2045880504,1.0,1.1,0.75,1.1,0.25,0.0,36.8526
s1_it5,s1_it9,R_B,0,407914525,1.0,1.1,0.75,1.1,0.25,0.0,36.868
s1_it5,s1_it9,R_B,1,1703964496,0.75,1.3,0.75,1.1,0.0,0.2,36.8837
s6_it37,s6_it21,R_B,0,1783675209,1.9167,0.9167,1.6667,1.9167,0.25,-1.0,36.9019
s6_it37,s6_it21,R_B,1,3994905410,2.1667,0.5833,1.6667,1.9167,0.5,-1.3333,36.921
s6_it37,s6_it21,R_B,2,3587774037,1.6667,2.1667,1.6667,1.9167,0.0,0.25,36.938
s6_it37,s6_it21,R_Bp,1,3416595873,1.6667,2.1667,1.6667,1.9167,0.0,0.25,36.957
s6_it37,s6_it21,R_Bp,2,1937430090,1.9167,0.5833,1.6667,1.9167,0.25,-1.3333,36.9732
s6_it37,s6_it21,R_Bp,0,662693018,1.9167,0.5833,1.6667,1.9167,0.25,-1.3333,36.9885
s6_it10,s6_it6,R_Bp,0,3280004192,2.1,1.4,2.1,1.5,0.0,-0.1,37.0082
s6_it10,s6_it6,R_B,1,1170232286,2.1,1.0,2.1,1.5,0.0,-0.5,37.025
s6_it10,s6_it6,R_B,2,1492414738,2.1,1.0,2.1,1.5,0.0,-0.5,37.0382
s6_it10,s6_it6,R_Bp,1,754563914,2.1,1.3,2.1,1.5,0.0,-0.2,37.0542
s6_it10,s6_it6,R_B,0,2323897,1.85,1.5,2.1,1.5,-0.25,0.0,37.0651
s6_it10,s6_it6,R_Bp,2,1688965143,1.9,1.0,2.1,1.5,-0.2,-0.5,37.0802
s1_it3,s1_it5,R_B,0,2702265905,1.3333,0.75,2.3333,1.0,-1.0,-0.25,37.1
s1_it3,s1_it5,R_Bp,0,3144875635,1.8333,1.0,2.3333,1.0,-0.5,0.0,37.1236
s1_it3,s1_it5,R_B,2,2684696950,1.8333,1.0,2.3333,1.0,-0.5,0.0,37.1406
s1_it3,s1_it5,R_Bp,2,974722537,1.8333,1.25,2.3333,1.0,-0.5,0.25,37.1574
s1_it3,s1_it5,R_Bp,1,1753969565,1.0,1.0,2.3333,1.0,-1.3333,0.0,37.1737
s1_it3,s1_it5,R_B,1,939568398,1.5,0.5,2.3333,1.0,-0.8333,-0.5,37.1884
s7_it36,s7_it38,R_Bp,2,2609905705,1.5,1.5833,0.9167,1.9167,0.5833,-0.3333,37.2149
s7_it36,s7_it38,R_B,2,1750396174,0.9167,1.6667,0.9167,1.9167,0.0,-0.25,37.2318
s7_it36,s7_it38,R_Bp,1,1073289926,0.6667,1.0833,0.9167,1.9167,-0.25,-0.8333,37.2493
s7_it36,s7_it38,R_Bp,0,1384399224,0.9167,1.0833,0.9167,1.9167,0.0,-0.8333,37.2686
s7_it36,s7_it38,R_B,0,3811672728,1.25,1.9167,0.9167,1.9167,0.3333,0.0,37.2873
s7_it36,s7_it38,R_B,1,3077404567,0.9167,1.8333,0.9167,1.9167,0.0,-0.0833,37.3029
s3_it42,s3_it30,R_B,2,1030737341,2.25,1.7167,2.25,1.0667,0.0,0.65,37.3246
s3_it42,s3_it30,R_Bp,1,342491193,2.0,1.85,2.25,1.0667,-0.25,0.7833,37.3441
s3_it42,s3_it30,R_B,1,3266799554,2.0,0.9333,2.25,1.0667,-0.25,-0.1333,37.3594
s3_it42,s3_it30,R_Bp,2,3169713978,2.75,1.5167,2.25,1.0667,0.5,0.45,37.3738
s3_it42,s3_it30,R_Bp,0,4086703214,2.25,1.3833,2.25,1.0667,0.0,0.3167,37.3868
s3_it42,s3_it30,R_B,0,2942479373,2.5,1.1,2.25,1.0667,0.25,0.0333,37.3987
s6_it57,s6_it43,R_Bp,2,2372512436,1.25,1.25,1.25,1.3333,0.0,-0.0833,37.426
s6_it57,s6_it43,R_B,0,4015283794,1.25,1.0,1.25,1.3333,0.0,-0.3333,37.4464
s6_it57,s6_it43,R_B,1,985787488,1.25,1.25,1.25,1.3333,0.0,-0.0833,37.462
s6_it57,s6_it43,R_B,2,1476158873,1.9167,1.0,1.25,1.3333,0.6667,-0.3333,37.4746
s6_it57,s6_it43,R_Bp,1,2516785189,0.9167,1.25,1.25,1.3333,-0.3333,-0.0833,37.4904
s6_it57,s6_it43,R_Bp,0,3672157539,1.5833,1.0,1.25,1.3333,0.3333,-0.3333,37.5072
s5_it16,s5_it9,R_Bp,1,562056450,0.75,1.5,0.5,1.0,0.25,0.5,37.5256
s5_it16,s5_it9,R_Bp,0,2273692413,0.5,1.5,0.5,1.0,0.0,0.5,37.5419
s5_it16,s5_it9,R_B,1,144609551,0.75,1.5,0.5,1.0,0.25,0.5,37.5574
s5_it16,s5_it9,R_Bp,2,3724372811,0.75,1.5,0.5,1.0,0.25,0.5,37.5681
s5_it16,s5_it9,R_B,2,3207671831,0.75,1.5,0.5,1.0,0.25,0.5,37.5813
s5_it16,s5_it9,R_B,0,2663566479,0.75,1.25,0.5,1.0,0.25,0.25,37.5948
s7_it17,s7_it14,R_Bp,0,3507873222,1.75,1.5333,1.75,0.9333,0.0,0.6,37.6169
s7_it17,s7_it14,R_Bp,2,3486858558,1.75,1.9333,1.75,0.9333,0.0,1.0,37.6324
s7_it17,s7_it14,R_Bp,1,257493698,1.25,1.4333,1.75,0.9333,-0.5,0.5,37.6484
s7_it17,s7_it14,R_B,2,2102707379,1.25,1.4333,1.75,0.9333,-0.5,0.5,37.6755
s7_it17,s7_it14,R_B,1,1076033841,1.25,1.7667,1.75,0.9333,-0.5,0.8333,37.6956
s7_it17,s7_it14,R_B,0,3198715091,1.75,0.7333,1.75,0.9333,0.0,-0.2,37.7147
s6_it38,s6_it21,R_B,0,1248567235,0.8333,0.5833,0.8333,0.9167,0.0,-0.3333,37.7322
s6_it38,s6_it21,R_Bp,2,1798357507,0.8333,1.8333,0.8333,0.9167,0.0,0.9167,37.7548
s6_it38,s6_it21,R_Bp,0,112654263,0.8333,0.5833,0.8333,0.9167,0.0,-0.3333,37.7692
s6_it38,s6_it21,R_Bp,1,1577758498,0.8333,0.9167,0.8333,0.9167,0.0,0.0,37.7849
s6_it38,s6_it21,R_B,1,1880542719,0.8333,1.4167,0.8333,0.9167,0.0,0.5,37.7968
s6_it38,s6_it21,R_B,2,126085723,0.8333,1.9167,0.8333,0.9167,0.0,1.0,37.8115
s6_it14,s6_it6,R_B,0,4120396021,1.75,1.1,1.75,0.8,0.0,0.3,37.8302
s6_it14,s6_it6,R_B,1,1128011649,1.75,0.8,1.75,0.8,0.0,0.0,37.8434
s6_it14,s6_it6,R_Bp,0,3673463201,1.75,1.2,1.75,0.8,0.0,0.4,37.8598
s6_it14,s6_it6,R_Bp,2,2097839200,1.75,1.2,1.75,0.8,0.0,0.4,37.875
s6_it14,s6_it6,R_Bp,1,2619080515,1.75,1.2,1.75,0.8,0.0,0.4,37.8887
s6_it14,s6_it6,R_B,2,453021476,1.5,0.8,1.75,0.8,-0.25,0.0,37.903
s6_it47,s6_it43,R_Bp,1,2951923474,1.0,1.0,1.0,1.25,0.0,-0.25,37.9238
s6_it47,s6_it43,R_B,2,3703222287,1.0,1.5833,1.0,1.25,0.0,0.3333,37.9343
s6_it47,s6_it43,R_B,0,869200935,1.5,1.25,1.0,1.25,0.5,0.0,37.9445
s6_it47,s6_it43,R_B,1,2873703634,2.0,1.25,1.0,1.25,1.0,0.0,37.9558
s6_it47,s6_it43,R_Bp,0,1052991612,1.5,1.0,1.0,1.25,0.5,-0.25,37.9693
s6_it47,s6_it43,R_Bp,2,4107816574,1.5,1.0,1.0,1.25,0.5,-0.25,37.9854
s5_it20,s5_it9,R_B,0,4108638957,1.8333,1.5,1.8333,1.5,0.0,0.0,38.0024
s5_it20,s5_it9,R_B,2,2534649361,2.3333,1.5,1.8333,1.5,0.5,0.0,38.0138
s5_it20,s5_it9,R_Bp,1,1173690629,1.3333,1.5,1.8333,1.5,-0.5,0.0,38.028
s5_it20,s5_it9,R_Bp,0,3685016067,1.3333,1.5,1.8333,1.5,-0.5,0.0,38.0382
s5_it20,s5_it9,R_B,1,2816943044,2.1667,1.25,1.8333,1.5,0.3333,-0.25,38.0495
s5_it20,s5_it9,R_Bp,2,2443662143,1.8333,1.5,1.8333,1.5,0.0,0.0,38.0596
s6_it22,s6_it21,R_Bp,0,3804869271,2.0,0.8333,2.0,0.8333,0.0,0.0,38.0815
s6_it22,s6_it21,R_Bp,1,3188150765,2.0,0.5833,2.0,0.8333,0.0,-0.25,38.0958
s6_it22,s6_it21,R_Bp,2,4113893743,2.0,1.5,2.0,0.8333,0.0,0.6667,38.11
s6_it22,s6_it21,R_B,2,3051582189,2.0,0.8333,2.0,0.8333,0.0,0.0,38.1272
s6_it22,s6_it21,R_B,1,1086371032,2.0,1.25,2.0,0.8333,0.0,0.4167,38.1401
s6_it22,s6_it21,R_B,0,2172174802,2.0,1.1667,2.0,0.8333,0.0,0.3333,38.1525
s6_it58,s6_it43,R_B,0,2374673380,1.5667,1.25,1.7167,1.25,-0.15,0.0,38.1787
s6_it58,s6_it43,R_B,2,887059094,1.7167,1.25,1.7167,1.25,0.0,0.0,38.1994
s6_it58,s6_it43,R_Bp,2,1018736573,1.7167,1.0,1.7167,1.25,0.0,-0.25,38.2301
s6_it58,s6_it43,R_Bp,1,334494631,1.7167,0.75,1.7167,1.25,0.0,-0.5,38.2522
s6_it58,s6_it43,R_B,1,177355552,1.7667,1.25,1.7167,1.25,0.05,0.0,38.2719
s6_it58,s6_it43,R_Bp,0,526088779,1.2667,1.25,1.7167,1.25,-0.45,0.0,38.3037
s1_it6,s1_it5,R_B,2,4000697085,2.2667,1.0,1.8,1.0,0.4667,0.0,38.3271
s1_it6,s1_it5,R_Bp,1,3434999765,2.1333,0.5,1.8,1.0,0.3333,-0.5,38.3504
s1_it6,s1_it5,R_B,0,2215474240,1.6,0.75,1.8,1.0,-0.2,-0.25,38.3694
s1_it6,s1_it5,R_Bp,2,2405268636,1.9333,0.5,1.8,1.0,0.1333,-0.5,38.3871
s1_it6,s1_it5,R_Bp,0,1764482158,1.6,0.5,1.8,1.0,-0.2,-0.5,38.4053
s1_it6,s1_it5,R_B,1,1139638196,2.1333,0.75,1.8,1.0,0.3333,-0.25,38.4264
s4_it45,s4_it46,R_Bp,1,3538064001,1.6667,0.5,1.3333,0.5,0.3333,0.0,38.4442
s4_it45,s4_it46,R_Bp,2,3549233093,0.6667,0.5,1.3333,0.5,-0.6667,0.0,38.4597
s4_it45,s4_it46,R_B,1,1666784028,2.0,0.5,1.3333,0.5,0.6667,0.0,38.4779
s4_it45,s4_it46,R_B,2,2490816656,1.0,0.25,1.3333,0.5,-0.3333,-0.25,38.4901
s4_it45,s4_it46,R_Bp,0,3344743045,1.0,0.5,1.3333,0.5,-0.3333,0.0,38.5085
s4_it45,s4_it46,R_B,0,3101801649,1.3333,0.5,1.3333,0.5,0.0,0.0,38.523
s6_it45,s6_it43,R_Bp,1,4141206099,1.0,1.0,2.0,1.0,-1.0,0.0,38.5494
s6_it45,s6_it43,R_B,2,3653539254,1.5,1.0,2.0,1.0,-0.5,0.0,38.5687
s6_it45,s6_it43,R_B,1,2462306536,2.5,1.25,2.0,1.0,0.5,0.25,38.5827
s6_it45,s6_it43,R_Bp,2,590002604,1.0,1.0,2.0,1.0,-1.0,0.0,38.5994
s6_it45,s6_it43,R_B,0,114483190,1.5,1.25,2.0,1.0,-0.5,0.25,38.6118
s6_it45,s6_it43,R_Bp,0,4076208147,2.0,1.0,2.0,1.0,0.0,0.0,38.6272
s4_it32,s4_it24,R_Bp,0,204236465,2.8,0.7,2.6,1.1,0.2,-0.4,38.6527
s4_it32,s4_it24,R_B,2,1327387346,2.8,0.7,2.6,1.1,0.2,-0.4,38.6731
s4_it32,s4_it24,R_B,0,4180288789,2.8,1.1,2.6,1.1,0.2,0.0,38.6871
s4_it32,s4_it24,R_Bp,2,3981106707,2.6,0.9,2.6,1.1,0.0,-0.2,38.7053
s4_it32,s4_it24,R_B,1,1139619555,2.6,0.7,2.6,1.1,0.0,-0.4,38.7258
s4_it32,s4_it24,R_Bp,1,1477955683,2.4,0.9,2.6,1.1,-0.2,-0.2,38.7445
