pair_id,seed,trace_i,event_ordinal,iteration,comp,parent_candidate_idx,parent_pool_score,accept,diffbest_mean,diffbest_max,diffbest_min,diffbest_std,diffbest_n,diffmean_mean,diffmean_max,diffmean_min,diffmean_std,diffmean_n,peaked_mean,peaked_max,peaked_min,peaked_std,peaked_n,stale_mean,stale_max,stale_min,stale_std,stale_n,visits_mean,visits_max,visits_min,visits_std,visits_n,forget_mean,forget_max,forget_min,forget_std,forget_n,diffbase_mean,diffbase_max,diffbase_min,diffbase_std,ctok_mean,ctok_max,ctok_min,ctok_std,ngold_mean,ngold_max,ngold_min,ngold_std,hardworst_mean,hardworst_max,hardworst_min,hardworst_std,hardmean_mean,hardmean_max,hardmean_min,hardmean_std,repr_mean,repr_max,repr_min,repr_std,vt_count_mean,vt_count_max,vt_count_min,vt_count_std,vt_any_mean,vt_any_max,vt_any_min,vt_any_std,stale_never_share,hard_censored_n,knn_fb_mean,knn_fb_max,knn_fb_min,knn_fb_std,ncd_fb_mean,ncd_fb_max,ncd_fb_min,ncd_fb_std,knn_full_mean,knn_full_max,knn_full_min,knn_full_std,ncd_full_mean,ncd_full_max,ncd_full_min,ncd_full_std,knn_delta_mean,knn_delta_max,knn_delta_min,knn_delta_std,ncd_delta_mean,ncd_delta_max,ncd_delta_min,ncd_delta_std,act_fb_mean,act_fb_max,act_fb_min,act_fb_std,act_full_mean,act_full_max,act_full_min,act_full_std,act_full_n,act_delta_mean,act_delta_max,act_delta_min,act_delta_std,act_delta_n,nxa_fb_mean,nxa_fb_max,nxa_fb_min,nxa_fb_std,nxa_full_mean,nxa_full_max,nxa_full_min,nxa_full_std,nxa_delta_mean,nxa_delta_max,nxa_delta_min,nxa_delta_std,knn_emb_fb_mean,knn_emb_fb_max,knn_emb_fb_min,knn_emb_fb_std,knn_emb_full_mean,knn_emb_full_max,knn_emb_full_min,knn_emb_full_std,knn_emb_delta_mean,knn_emb_delta_max,knn_emb_delta_min,knn_emb_delta_std,nxa_emb_fb_mean,nxa_emb_fb_max,nxa_emb_fb_min,nxa_emb_fb_std,nxa_emb_full_mean,nxa_emb_full_max,nxa_emb_full_min,nxa_emb_full_std,nxa_emb_delta_mean,nxa_emb_delta_max,nxa_emb_delta_min,nxa_emb_delta_std,fm_f1_share,fm_f2_share,fm_f3_share,signov_mean,signov_max,signov_min,signov_std,signov_n,fix_mean,fix_max,fix_min,fix_std,fix_n,cofail_mean,cofail_max,cofail_min,cofail_std,cofail_n
seed0_i0,0,0,0,0,gen_query.predict,0,0.39999999999999997,1,,,,,0,,,,,0,,,,,0,1.0,1.0,1.0,0.0,3,0.0,0.0,0.0,0.0,3,,,,,0,0.3333333333333333,0.33333333333333337,0.33333333333333337,5.551115123125783e-17,22.333333333333332,27.0,19.0,3.39934634239519,3.0,3.0,3.0,0.0,-3.000434077479319,-3.000434077479319,-3.000434077479319,0.0,-1.6654891749826166,-1.1591851107329938,-2.0002893849862127,0.36416505329103205,0.03202993115954587,0.04023001626766798,0.02542669696619582,0.006148008632521636,0.0,0.0,0.0,0.0,0.0,0.0,0.0,0.0,1.0,4,,,,,,,,,,,,,,,,,,,,,,,,,0.5,0.8333333333333333,0.0,0.3600411499115478,0.8333333333333333,0.8888888888888888,0.7777777777777777,0.05555555555555558,2,1.0,1.0,1.0,0.0,2,,,,,,,,,,,,,,,,,,,,,,,,,,,,,,,,,,,,,0.0,0.0,0.6666666666666666,1.0,1.0,1.0,0.0,2,-2.0398076617634717,-1.0791812460476249,-3.000434077479319,0.960626415715847,2,0.0,0.0,0.0,0.0,1
seed0_i1,0,1,1,1,append_notes.predict,0,0.39999999999999997,0,,,,,0,,,,,0,,,,,0,2.0,2.0,2.0,0.0,3,0.0,0.0,0.0,0.0,3,,,,,0,0.3333333333333333,0.33333333333333337,0.33333333333333337,5.551115123125783e-17,17.666666666666668,18.0,17.0,0.4714045207910317,3.0,3.0,3.0,0.0,-3.000434077479319,-3.000434077479319,-3.000434077479319,0.0,-1.9526370888012312,-1.2595284426209874,-2.820086880905956,0.6489128273234143,0.027770147948709297,0.040338366036250045,0.018505116941639966,0.009214335757331901,0.0,0.0,0.0,0.0,0.0,0.0,0.0,0.0,1.0,4,0.4315751722047653,0.4329904555340495,0.43016861661477196,0.0011520274451771938,0.6097560975609756,0.624390243902439,0.6,0.010537789753508725,0.6680949318907228,0.6817203613969859,0.6593212285965632,0.009766770977167185,0.9195849395083044,0.9293865905848787,0.9114452798663325,0.007418190220504113,0.2365197596859574,0.2515517447822139,0.22775478413108868,0.010678026986969858,0.3098288419473288,0.3130448992932141,0.3049963466824397,0.003478932158157711,0.7222222222222222,0.8333333333333333,0.5,0.1571348402636772,0.6666666666666666,0.7222222222222222,0.5555555555555555,0.07856742013183865,3,0.5555555555555555,0.6666666666666666,0.5,0.0785674201318386,3,0.31153592622241005,0.3596387037212287,0.21649522776702476,0.06720560489947551,0.44566616160559863,0.49235359434226755,0.3684684475992328,0.05498509096869095,0.1310516992954548,0.15350183342971307,0.11387739206554434,0.01660120177374903,0.2016859451929728,0.21179497241973877,0.19131533801555634,0.00836282146906493,0.9166203935941061,0.9386439323425293,0.8823861479759216,0.024536511530837135,0.7149344484011332,0.747328594326973,0.6804386228322983,0.027348124428449486,0.14563300708929697,0.1764958103497823,0.10097376257181168,0.03233832884429772,0.6129821649304142,0.6779095066918267,0.49021452665328974,0.08685803094201411,0.395269369913472,0.4536257485548655,0.3585180640220642,0.04172491095014934,0.0,1.0,0.0,1.0,1.0,1.0,0.0,3,-1.556302500767287,-0.7781512503836436,-2.459392487759231,0.6920261509952773,3,0.0,0.0,0.0,0.0,3
seed0_i2,0,2,2,2,append_notes.predict,1,0.5333333333333333,0,,,,,0,,,,,0,,,,,0,3.0,3.0,3.0,0.0,3,0.0,0.0,0.0,0.0,3,,,,,0,0.5555555555555556,0.6666666666666667,0.33333333333333337,0.15713484026367724,27.333333333333332,37.0,21.0,6.944222218666553,3.0,3.0,3.0,0.0,-3.000434077479319,-3.000434077479319,-3.000434077479319,0.0,-1.8129384447636052,-1.1004880243811,-2.3380379249235035,0.5223075212840608,0.0315531454901554,0.033894095220962754,0.030192740069248835,0.001662549818308992,0.0,0.0,0.0,0.0,0.0,0.0,0.0,0.0,1.0,4,0.5257270712236245,0.5398095477346693,0.5079470539961397,0.01326796850367476,0.7227615965480044,0.7346278317152104,0.7119741100323624,0.009279746782138784,0.7218190067847269,0.7656498604317047,0.6844557287845022,0.0334613598502877,0.9601625054234213,0.9691160809371672,0.954561590344338,0.006397319652104421,0.19609193556110227,0.257702806435565,0.14464618104983296,0.04671150699710142,0.23740090887541698,0.24743323304072706,0.22218201327354836,0.010941706673168277,0.6666666666666666,0.8333333333333333,0.5,0.1360827634879543,0.6481481481481481,0.7777777777777777,0.4444444444444444,0.14581496062984833,3,0.611111111111111,1.0,0.3333333333333333,0.28327886186626583,3,0.34990777327160494,0.44118717661672047,0.26990477386733464,0.0703788952138283,0.4721168977983989,0.5955054470024369,0.30420254612644543,0.12302101535578056,0.13296053657259901,0.257702806435565,0.04821539368327765,0.09007800934013134,0.21827257176240286,0.3403383791446686,0.13424807786941528,0.08833141841543253,0.852637767791748,0.9449009895324707,0.741038978099823,0.08434187598632098,0.6343651960293452,0.6917420774698257,0.6045626103878021,0.04058177925934976,0.14806966897514132,0.22689225276311237,0.06712403893470764,0.0652423739171728,0.5646773896835469,0.7349229918585882,0.32935065693325466,0.1718505065105742,0.3842324275109503,0.6045626103878021,0.2022636334101359,0.1664628363548231,0.0,0.6666666666666666,0.3333333333333333,1.0,1.0,1.0,0.0,3,-2.3600164670020876,-1.0791812460476249,-3.000434077479319,0.9056872703194704,3,0.0,0.0,0.0,0.0,2
seed0_i3,0,3,3,3,gen_query.predict,1,0.5333333333333333,1,,,,,0,,,,,0,,,,,0,4.0,4.0,4.0,0.0,3,0.0,0.0,0.0,0.0,3,,,,,0,0.4444444444444445,0.6666666666666667,0.33333333333333337,0.15713484026367724,23.0,25.0,21.0,1.632993161855452,3.0,3.0,3.0,0.0,-2.608980985886488,-1.8260748027008264,-3.000434077479319,0.5535982711634587,-1.1429261606020773,-0.9684186829161504,-1.3011746881570874,0.13633269319449473,0.03613913423987759,0.03898169298032316,0.03389226449297485,0.0021200164487929773,0.0,0.0,0.0,0.0,0.0,0.0,0.0,0.0,1.0,2,0.5936702111294099,0.6244067551309724,0.5666632131780517,0.023720754549868016,0.8116261957321559,0.8189845474613686,0.7991169977924945,0.008891130223395558,0.8286817020636962,0.8363420666931985,0.8219958328856464,0.005897221783965433,0.987026419336706,0.9875210792580101,0.9863069139966273,0.0005205547792148748,0.2350114909342863,0.2553326197075947,0.21193531156222611,0.01782366061199327,0.17540022360455007,0.18840408146551568,0.16732236653525867,0.009284711050963899,0.4444444444444444,0.6666666666666666,0.0,0.31426968052735443,0.611111111111111,0.7777777777777777,0.4444444444444444,0.16666666666666663,2,0.5,1.0,0.0,0.5,2,0.2570230840571682,0.39329377671947024,0.0,0.18185315270340213,0.5035999809249165,0.6393300922443915,0.36786986960544155,0.135730111319475,0.12766630985379734,0.2553326197075947,0.0,0.12766630985379734,0.16269506514072418,0.16971604526042938,0.15196025371551514,0.007709796390347255,0.758677065372467,0.8213183283805847,0.7090079188346863,0.04675905528972863,0.5959820002317429,0.6549094319343567,0.5392918735742569,0.047227175091511926,0.07469443149036831,0.11314403017361958,0.0,0.05282460802753539,0.458240485853619,0.5514506035380893,0.36503036816914874,0.09321011768447027,0.26964593678712845,0.5392918735742569,0.0,0.26964593678712845,0.0,0.3333333333333333,0.3333333333333333,1.0,1.0,1.0,0.0,2,-2.4132544400900726,-1.8260748027008264,-3.000434077479319,0.5871796373892462,2,,,,,0
seed0_i4,0,4,4,4,append_notes.predict,1,0.5333333333333333,0,,,,,0,,,,,0,,,,,0,5.0,5.0,5.0,0.0,3,0.0,0.0,0.0,0.0,3,,,,,0,0.4444444444444445,0.6666666666666667,0.33333333333333337,0.15713484026367724,22.666666666666668,25.0,19.0,2.6246692913372702,3.0,3.0,3.0,0.0,-2.0244729407024162,-1.1139433523068367,-3.000434077479319,0.771545107639267,-0.9934972426589214,-0.4716577826569393,-1.3496488345868307,0.37709983120073803,0.028422773451248714,0.03839777611607063,0.022496720618110377,0.007094898991149481,0.0,0.0,0.0,0.0,0.0,0.0,0.0,0.0,1.0,1,0.6070081115921425,0.6258928090893559,0.5935517842475228,0.013749809061466813,0.855593607305936,0.8613013698630136,0.8493150684931506,0.004910003006302867,0.7683564210654162,0.7799263172049894,0.7501453638657428,0.013033420134874811,0.9773895382574816,0.9805396667495648,0.975006217358866,0.002323181863150361,0.16134830947327372,0.18637453295746664,0.12425255477638697,0.026758677484176697,0.12179593095154555,0.1256911488657153,0.11923829688655119,0.0027990084650856575,0.4444444444444444,0.6666666666666666,0.0,0.31426968052735443,0.611111111111111,0.7777777777777777,0.4444444444444444,0.16666666666666663,2,0.5,1.0,0.0,0.5,2,0.2727716778953122,0.4172618727262372,0.0,0.19299217908272973,0.46808691835231037,0.602775897208735,0.3333979394958857,0.13468897885642467,0.08670892034298378,0.17341784068596755,0.0,0.08670892034298378,0.17492128908634186,0.19407965242862701,0.13944073021411896,0.025115247764109425,0.764542023340861,0.8176285624504089,0.7072153091430664,0.04517562720510613,0.5896207342545191,0.6293414682149887,0.5131356567144394,0.05409658261390775,0.08562736378775702,0.129386434952418,0.0,0.060552609813307366,0.4751256207625071,0.635933326350318,0.31431791517469615,0.1608077055878109,0.31319253891706467,0.6263850778341293,0.0,0.31319253891706467,0.0,0.3333333333333333,0.3333333333333333,1.0,1.0,1.0,0.0,2,-2.479737734900206,-1.9590413923210936,-3.000434077479319,0.5206963425791126,2,,,,,0
seed0_i5,0,5,5,5,gen_query.predict,1,0.5333333333333333,1,,,,,0,,,,,0,,,,,0,6.0,6.0,6.0,0.0,3,0.0,0.0,0.0,0.0,3,,,,,0,0.4444444444444445,0.6666666666666667,0.33333333333333337,0.15713484026367724,18.0,26.0,11.0,6.164414002968976,3.0,3.0,3.0,0.0,-1.647034593243123,-0.8450980400142568,-2.7737864449811935,0.8201985428226892,-0.8583341510002338,-0.38204267855941265,-1.551533345753995,0.5014737116161045,0.02970405723333808,0.032288993266677564,0.02727694135244155,0.0020492025275111385,0.0,0.0,0.0,0.0,0.0,0.0,0.0,0.0,1.0,0,0.6641444616701522,0.7221928447435927,0.634718727129188,0.04104771467341334,0.8771428571428572,0.8857142857142857,0.8642857142857143,0.009258200997725488,0.8119796992299101,0.8403849355526782,0.7739679716551234,0.02795254048053126,0.9908379991670909,0.9919948174540744,0.9899125445375041,0.0008656835377293814,0.147835237559758,0.20486312241500237,0.09939334573833614,0.0434837740261744,0.11369514202423374,0.12562683025178978,0.10489234979540851,0.008749177583337741,0.5,0.8333333333333333,0.0,0.3600411499115478,0.75,0.7777777777777777,0.7222222222222222,0.027777777777777735,2,0.75,1.0,0.5,0.25,2,0.33679805636779503,0.5289322726076566,0.0,0.23893940268318423,0.5989941749517669,0.6390114814859446,0.5589768684175891,0.04001730653417773,0.08450898400065193,0.09939334573833614,0.06962462226296773,0.014884361737684204,0.207504540681839,0.30915796756744385,0.15572424232959747,0.07188404423036575,0.7204660375912985,0.7829618453979492,0.6857663989067078,0.044280988908368436,0.5129614969094595,0.5350384563207626,0.47380387783050537,0.027763646515199875,0.11248827394511964,0.2061053117116292,0.0,0.08519367169423882,0.5546159479353163,0.6089703241984049,0.5002615716722276,0.054354376263088644,0.37066155299544334,0.47380387783050537,0.2675192281603813,0.10314232483506203,0.0,0.3333333333333333,0.3333333333333333,1.0,1.0,1.0,0.0,2,-0.8116246451989503,-0.3010299956639812,-1.3222192947339193,0.510594649534969,2,0.0,0.0,0.0,0.0,1
seed0_i6,0,6,6,6,append_notes.predict,1,0.5333333333333333,0,,,,,0,,,,,0,,,,,0,7.0,7.0,7.0,0.0,3,0.0,0.0,0.0,0.0,3,,,,,0,0.4444444444444445,0.6666666666666667,0.33333333333333337,0.15713484026367724,18.0,22.0,16.0,2.8284271247461903,3.0,3.0,3.0,0.0,-2.6332430568831957,-1.9637878273455553,-3.000434077479319,0.474117848208213,-1.2791210131797068,-1.156312601888487,-1.5018613519330748,0.15777785492915727,0.030353432684057994,0.03439002245290102,0.02727603889117751,0.002982418841516076,0.0,0.0,0.0,0.0,0.0,0.0,0.0,0.0,1.0,1,0.6082220646291399,0.62796392298068,0.5781447009480214,0.021611813494755456,0.8961616161616162,0.8981818181818182,0.8933333333333333,0.0020602099044819467,0.7464418048338451,0.7644411468806251,0.7282424460528691,0.014778734506599105,0.9828787548185322,0.9850316386646302,0.9811913593715906,0.0016019666766090717,0.1382197402047053,0.18629644593260375,0.10968487609415101,0.03419303865434263,0.0867171386569161,0.09169830533129686,0.08422166240189366,0.0035222189993540515,0.611111111111111,0.6666666666666666,0.5,0.0785674201318386,0.5555555555555555,0.7777777777777777,0.4444444444444444,0.1571348402636772,3,0.4444444444444444,1.0,0.0,0.41573970964154905,3,0.3705944918093888,0.41237171330581207,0.31398196149034,0.04151466091615144,0.41266774059869443,0.5664107913744537,0.33184080958579604,0.10876071435353458,0.049748058541090455,0.10968487609415101,0.0,0.045354537579682996,0.15300670762856802,0.19241176545619965,0.11121320724487305,0.03319216732184728,0.7145435810089111,0.7306616902351379,0.6836245059967041,0.02186969922698847,0.5615368733803431,0.6194484829902649,0.5282293558120728,0.041103554588245675,0.09582596023877461,0.1282745103041331,0.05560660362243652,0.030171125724379824,0.3935332033369276,0.5317079491085476,0.3241531319088406,0.09770459200817366,0.24490406115849814,0.5282293558120728,0.0,0.21735333211596844,0.0,0.6666666666666666,0.3333333333333333,1.0,1.0,1.0,0.0,3,-1.5805624132695335,-0.3010299956639812,-2.9355072658247128,1.0768419562954008,3,0.0,0.0,0.0,0.0,1
seed0_i7,0,7,7,7,gen_query.predict,1,0.5333333333333333,0,,,,,0,,,,,0,,,,,0,8.0,8.0,8.0,0.0,3,0.0,0.0,0.0,0.0,3,,,,,0,0.3333333333333333,0.33333333333333337,0.33333333333333337,5.551115123125783e-17,26.666666666666668,29.0,23.0,2.6246692913372702,3.0,3.0,3.0,0.0,-2.4861960895493898,-1.919078092376074,-3.000434077479319,0.44304244579410806,-1.2112646105097709,-1.021735376018104,-1.5063160057857354,0.21143287587149875,0.0323934860111341,0.03626093880427703,0.0289277791674404,0.003007197745494039,0.0,0.0,0.0,0.0,0.0,0.0,0.0,0.0,1.0,1,0.6685491484325358,0.7000684066587702,0.6326603813977872,0.027692115879398984,0.909700176366843,0.9142857142857143,0.9037037037037037,0.0044337936825314065,0.8448661028762179,0.8623968863027156,0.8260172555840911,0.014881136875729168,0.9930548908245855,0.993554768514087,0.9926613700902971,0.0003724012507580206,0.1763169544436822,0.2135237853440599,0.12594884892532088,0.03694371154756048,0.0833547144577425,0.08924483016566875,0.07837565580458283,0.0044838418453153825,0.5,0.8333333333333333,0.0,0.3600411499115478,0.8333333333333333,0.8888888888888888,0.7777777777777777,0.05555555555555558,2,1.0,1.0,1.0,0.0,2,0.3440009256810028,0.5833903388823085,0.0,0.24939092242604588,0.7024953471550965,0.7342375605191921,0.670753133791001,0.03174221336409555,0.15771353899349333,0.18947822906166578,0.12594884892532088,0.03176469006817245,0.1569199413061142,0.16075025498867035,0.15145058929920197,0.003969532336476582,0.7442940870920817,0.8204577565193176,0.674907922744751,0.05961341828415312,0.5873741457859675,0.6690071672201157,0.5163489431142807,0.06277222162156205,0.07779188702503839,0.12620882441600162,0.0,0.05555377328691317,0.6514598959022098,0.7292957835727267,0.5736240082316928,0.07783588767051697,0.6228867471218109,0.6690071672201157,0.5767663270235062,0.04612042009830475,0.0,0.0,0.6666666666666666,1.0,1.0,1.0,0.0,2,-2.0732810565787783,-1.146128035678238,-3.000434077479319,0.9271530209005404,2,0.0,0.0,0.0,0.0,1
seed0_i8,0,8,8,8,append_notes.predict,3,0.6,1,,,,,0,,,,,0,,,,,0,9.0,9.0,9.0,0.0,3,0.0,0.0,0.0,0.0,3,,,,,0,0.4444444444444445,0.6666666666666667,0.33333333333333337,0.15713484026367724,27.333333333333332,32.0,18.0,6.599663291074443,3.0,3.0,3.0,0.0,-2.382332063545625,-1.146128035678238,-3.000434077479319,0.8741282510351532,-1.1916097767193445,-0.8157193437807398,-1.5999248756443,0.32097050567988034,0.03266425831009283,0.038245988424558945,0.028799262702172042,0.0040431456188611496,0.0,0.0,0.0,0.0,0.0,0.0,0.0,0.0,1.0,2,0.6832955630611038,0.6916195001831006,0.6778471561855589,0.005978900146646225,0.9195075757575758,0.9223484848484849,0.915719696969697,0.002787803303765082,0.7949754683271628,0.8372816247603488,0.7553586841784714,0.03349892128471115,0.9885904057536954,0.990189786375722,0.9877448733229425,0.0011315521141416983,0.11167990526605893,0.14566212457724825,0.0775115279929125,0.027822675941161362,0.06908282999611963,0.07211686059272471,0.06539638847445761,0.0027821354369682275,0.5,0.8333333333333333,0.0,0.3600411499115478,0.75,0.7777777777777777,0.7222222222222222,0.027777777777777735,2,0.75,1.0,0.5,0.25,2,0.3396382660453054,0.5670166940122101,0.0,0.24471573475657507,0.5798539118625913,0.5875011988054777,0.5722066249197049,0.007647286942886411,0.06672227980346027,0.0775115279929125,0.05593303161400803,0.010789248189452233,0.1648313750823339,0.1742459386587143,0.14750796556472778,0.012264914305590513,0.759986142317454,0.8260127902030945,0.6968069076538086,0.05278649349267013,0.5951547672351202,0.6517668515443802,0.524066686630249,0.053128767357160864,0.08076294263203938,0.14395018418629962,0.0,0.06006714483586393,0.5460675557454426,0.5888856781853569,0.5032494333055284,0.04281812243991423,0.43583205342292786,0.6096307635307312,0.2620333433151245,0.17379871010780334,0.0,0.3333333333333333,0.3333333333333333,1.0,1.0,1.0,0.0,2,-1.7387776660994907,-0.47712125471966244,-3.000434077479319,1.261656411379828,2,0.0,0.0,0.0,0.0,1
seed0_i9,0,9,9,9,gen_query.predict,4,0.4999999999999999,0,,,,,0,,,,,0,,,,,0,10.0,10.0,10.0,0.0,3,0.0,0.0,0.0,0.0,3,,,,,0,0.4444444444444445,0.6666666666666667,0.33333333333333337,0.15713484026367724,21.666666666666668,23.0,21.0,0.9428090415820634,3.0,3.0,3.0,0.0,-1.7519021941942083,-1.0,-3.000434077479319,0.8889750317641203,-0.9014487865570993,-0.4923737515732208,-1.4338213577144334,0.3941087925916636,0.02804461993426846,0.034652260919818996,0.023372525924778415,0.004804016511350231,0.0,0.0,0.0,0.0,0.0,0.0,0.0,0.0,1.0,1,0.6823611945903267,0.715267092205285,0.6554506396245854,0.024785211988144717,0.9278204035237284,0.9309462915601023,0.9249786871270247,0.0024445368761133045,0.8442658002168231,0.8682765521894535,0.8320694720029717,0.016978881401544774,0.9942640125720272,0.9946306966998428,0.9937401781037192,0.0003801561211293635,0.16190460562649633,0.17661883237838627,0.1530094599841686,0.010480041187322361,0.0664436090482989,0.06965200957281814,0.06279388654361684,0.0028171542010270376,0.5555555555555555,0.8333333333333333,0.0,0.3928371006591931,0.8055555555555556,0.8888888888888888,0.7222222222222222,0.08333333333333331,2,0.75,1.0,0.5,0.25,2,0.38656470670733184,0.5960559101710707,0.0,0.273662725723575,0.6835227000497666,0.7399567790738169,0.6270886210257164,0.05643407902405023,0.11629512725450922,0.15608552451693414,0.0765047299920843,0.03979039726242492,0.1469485660394033,0.15671218931674957,0.12870372831821442,0.012911667093716678,0.7546258171399435,0.7930877804756165,0.6902356743812561,0.045817331496246456,0.6076772511005402,0.664384052157402,0.5348058938980103,0.05412081812028736,0.07928219934304555,0.1305934910972913,0.0,0.0568650081787295,0.6333056969775094,0.6938257747226291,0.5727856192323897,0.060520077745119694,0.4780169166624546,0.6238418072462082,0.332192026078701,0.14582489058375359,0.0,0.3333333333333333,0.3333333333333333,1.0,1.0,1.0,0.0,2,-1.0395906230238126,-1.0,-1.0791812460476249,0.039590623023812443,2,0.0,0.0,0.0,0.0,2
seed0_i10,0,10,10,10,append_notes.predict,4,0.4999999999999999,0,,,,,0,,,,,0,,,,,0,11.0,11.0,11.0,0.0,3,0.0,0.0,0.0,0.0,3,,,,,0,0.4444444444444445,0.6666666666666667,0.33333333333333337,0.15713484026367724,31.666666666666668,39.0,26.0,5.436502143433363,3.0,3.0,3.0,0.0,-2.698096613373624,-2.093421685162235,-3.000434077479319,0.4275697421517621,-1.6664719980079392,-0.7981505602754054,-2.2009760487622,0.6194381183372585,0.038511108799453915,0.05140696632522506,0.031176420517774056,0.00914744767454884,0.0,0.0,0.0,0.0,0.0,0.0,0.0,0.0,1.0,4,0.7183976825046581,0.732367954235325,0.6960623912497543,0.015958354962327368,0.9327048965697826,0.9363707776904949,0.9308719560094265,0.0025921693994793893,0.7793465921451737,0.8399495577861685,0.73795475847538,0.043799052237258856,0.9914716114432398,0.9922231229101226,0.9901205795926639,0.0009573367983787878,0.06094890964051547,0.1131868557572735,0.005586804240054977,0.043983050144720356,0.05876671487345712,0.061199175817506335,0.055852345219627675,0.0022092723332995715,0.6666666666666666,0.8333333333333333,0.5,0.1360827634879543,0.648148148148148,0.7777777777777777,0.4444444444444444,0.14581496062984833,3,0.611111111111111,1.0,0.3333333333333333,0.28327886186626583,3,0.4809487640578593,0.6103066285294374,0.34803119562487717,0.1071030789956985,0.5080331361218162,0.6532941005003532,0.3378379822995432,0.12998570685526142,0.045779315839568985,0.1131868557572735,0.0027934021200274883,0.048263101993909714,0.13786693662405014,0.15338627994060516,0.10928221791982651,0.020237260967477706,0.7474521597226461,0.7892882823944092,0.6847238540649414,0.04517220679728964,0.609585223098596,0.6590621247887611,0.5337915420532227,0.05442186681502438,0.09422518519891632,0.12577692667643228,0.054641108959913254,0.02959127058035755,0.48330001477841966,0.6138908863067626,0.34148637453715003,0.1114914568066335,0.37416171613666743,0.635902002453804,0.21968737492958704,0.18607908941548815,0.0,0.6666666666666666,0.3333333333333333,1.0,1.0,1.0,0.0,3,-1.697951920880518,-0.0,-3.000434077479319,1.2564363398571827,3,0.0,0.0,0.0,0.0,2
seed0_i11,0,11,11,11,gen_query.predict,3,0.6,0,,,,,0,,,,,0,,,,,0,12.0,12.0,12.0,0.0,3,0.0,0.0,0.0,0.0,3,,,,,0,0.3333333333333333,0.33333333333333337,0.33333333333333337,5.551115123125783e-17,24.666666666666668,34.0,17.0,7.039570693980958,3.0,3.0,3.0,0.0,-3.000434077479319,-3.000434077479319,-3.000434077479319,0.0,-1.1943878066049063,-1.1004880243811,-1.3821873710525188,0.13279434552478692,0.0306948583934701,0.03837096008487317,0.02546316687199157,0.005545817476005435,0.0,0.0,0.0,0.0,0.0,0.0,0.0,0.0,1.0,3,0.7187072713698569,0.7400419057908163,0.6938931655091829,0.019000115763160595,0.9408143939393939,0.9417613636363636,0.9403409090909091,0.0006696086943054618,0.8824966135054554,0.9030013249426078,0.8683682261665724,0.014840395647517502,0.9958926235319052,0.9960753360082439,0.9957245280536736,0.00014358922365019974,0.16378934213559845,0.182227123898003,0.1283263203757561,0.025082773010092447,0.055078229592511296,0.05573442691733488,0.05411664289743445,0.0006948636721732103,0.2222222222222222,0.6666666666666666,0.0,0.31426968052735443,0.7777777777777777,0.7777777777777777,0.7777777777777777,0.0,1,1.0,1.0,1.0,0.0,1,0.16445375684240363,0.49336127052721085,0.0,0.23257273330973435,0.6753975092406673,0.6753975092406673,0.6753975092406673,0.0,0.1283263203757561,0.1283263203757561,0.1283263203757561,0.0,0.1832841436068217,0.22201602160930634,0.15973211824893951,0.027600025352461324,0.71700519323349,0.7969618439674377,0.6670661568641663,0.057119846294816624,0.5337210496266683,0.5749458223581314,0.498961865901947,0.03135541729469733,0.035496026277542114,0.10648807883262634,0.0,0.050198961772051826,0.5343236724535624,0.5343236724535624,0.5343236724535624,0.0,0.5272554606199265,0.5272554606199265,0.5272554606199265,0.0,0.0,0.0,0.3333333333333333,1.0,1.0,1.0,0.0,1,-3.000434077479319,-3.000434077479319,-3.000434077479319,0.0,1,,,,,0
seed0_i12,0,12,12,12,gen_query.predict,4,0.4999999999999999,0,,,,,0,,,,,0,,,,,0,13.0,13.0,13.0,0.0,3,0.0,0.0,0.0,0.0,3,,,,,0,0.4444444444444445,0.6666666666666667,0.33333333333333337,0.15713484026367724,20.0,26.0,17.0,4.242640687119285,3.0,3.0,3.0,0.0,-2.418713553353981,-1.255272505103306,-3.000434077479319,0.8226770547288377,-1.3985619373941567,-0.6778079184956499,-1.8333737200325742,0.5132610137012708,0.03190816222347382,0.03566035397478962,0.027057806434917026,0.00359679757872278,0.0,0.0,0.0,0.0,0.0,0.0,0.0,0.0,1.0,2,0.735417577862164,0.791576010354865,0.6962437440542338,0.04073015012547545,0.9462295081967214,0.9488524590163935,0.9442622950819672,0.0019304395336235843,0.8768893017301146,0.8848426697014554,0.8702726723198978,0.006022809887433279,0.9959731160954194,0.9963223502747547,0.9957022814257307,0.0002591411542218059,0.14147172386795048,0.1793088191147566,0.0932666593465904,0.035883463271644885,0.04974360789869803,0.051439986343763455,0.04746989125836121,0.0016714072495102627,0.5555555555555555,0.8333333333333333,0.0,0.3928371006591931,0.6388888888888888,0.7222222222222222,0.5555555555555555,0.08333333333333337,2,0.25,0.5,0.0,0.25,2,0.3929657564532298,0.5986941493144944,0.0,0.27797127411479505,0.5574741769957938,0.6285302633421485,0.4864180906494391,0.07105608634635469,0.03795992328562611,0.07591984657125223,0.0,0.03795992328562611,0.16524730374415716,0.2130081206560135,0.12216696888208389,0.03723312949571733,0.6983481844266256,0.7612207531929016,0.6114705204963684,0.0634479655231503,0.5331008806824684,0.5617864578962326,0.4893035516142845,0.03146126410738117,0.0785371640490161,0.13380568474531174,0.0,0.05705005194357854,0.4307027177678214,0.5216995908154382,0.3397058447202046,0.09099687304761678,0.14044661447405815,0.2808932289481163,0.0,0.14044661447405815,0.0,0.6666666666666666,0.0,1.0,1.0,1.0,0.0,2,-2.125867765218921,-2.0530784434834195,-2.1986570869544226,0.07278932173550157,2,0.0,0.0,0.0,0.0,2
seed0_i13,0,13,13,13,append_notes.predict,3,0.6,0,,,,,0,,,,,0,,,,,0,14.0,14.0,14.0,0.0,3,0.0,0.0,0.0,0.0,3,,,,,0,0.5555555555555556,0.6666666666666667,0.33333333333333337,0.15713484026367724,23.666666666666668,28.0,16.0,5.436502143433363,3.0,3.0,3.0,0.0,-1.725508445511667,-0.7781512503836436,-3.000434077479319,0.9363443282294732,-0.9931948467579416,-0.5604137457918624,-1.7941503733513955,0.5669749096800363,0.03614669653838167,0.03790226357761571,0.035001688499377445,0.0012604022283105923,0.0,0.0,0.0,0.0,0.0,0.0,0.0,0.0,1.0,1,0.70681509301087,0.7337766255225588,0.689954637005191,0.019263358643450114,0.9484515077424612,0.9498777506112469,0.9474327628361858,0.0010389200312943582,0.7855895902133007,0.7873595577312121,0.7820928040758779,0.0024726639379438705,0.9918797620290158,0.9920467592109383,0.9916501409038723,0.00016786470558834214,0.07877449720243057,0.09736177182762085,0.05358293220865329,0.018472667882582262,0.0434282542865545,0.044613996374752496,0.04177239029262536,0.001206770410691748,0.27777777777777773,0.8333333333333333,0.0,0.3928371006591931,0.7222222222222222,0.7222222222222222,0.7222222222222222,0.0,1,0.5,0.5,0.5,0.0,1,0.19165406583477526,0.5749621975043258,0.0,0.2710397791874852,0.568617406379253,0.568617406379253,0.568617406379253,0.0,0.04868088591381042,0.04868088591381042,0.04868088591381042,0.0,0.13457498202721277,0.15725930035114288,0.10333053022623062,0.022833235654123686,0.6440353989601135,0.6636435389518738,0.6223476529121399,0.016922984802992085,0.5094604169329008,0.5190171226859093,0.5029798895120621,0.00689905147183629,0.03975975430674023,0.11927926292022069,0.0,0.0562287837772141,0.46663861473401386,0.46663861473401386,0.46663861473401386,0.0,0.25148994475603104,0.25148994475603104,0.25148994475603104,0.0,0.0,0.3333333333333333,0.0,1.0,1.0,1.0,0.0,1,-2.3820170425748683,-2.3820170425748683,-2.3820170425748683,0.0,1,0.0,0.0,0.0,0.0,1
seed0_i14,0,14,14,14,gen_query.predict,3,0.6,0,,,,,0,,,,,0,,,,,0,15.0,15.0,15.0,0.0,3,0.0,0.0,0.0,0.0,3,,,,,0,0.3333333333333333,0.33333333333333337,0.33333333333333337,5.551115123125783e-17,24.0,31.0,18.0,5.354126134736337,3.0,3.0,3.0,0.0,-2.502437977806322,-2.359835482339888,-2.751279103983342,0.17658239289876573,-1.3540218164544113,-1.2504263679944474,-1.4275633574227395,0.07537376321845056,0.036037218994296204,0.04591873769387093,0.026870342799541907,0.00779287591093502,0.0,0.0,0.0,0.0,0.0,0.0,0.0,0.0,1.0,0,0.7294408571553529,0.7417362228097139,0.7188054581917926,0.009434744601791554,0.953219696969697,0.9545454545454546,0.9511363636363637,0.001491289370077992,0.8583475226900915,0.8639048695196444,0.8531235306528973,0.004407770487302284,0.9961871666787326,0.9966155071309636,0.9957648591906175,0.0003473017680114003,0.12890666553473853,0.14509941132785176,0.1113873078431834,0.013794839728126911,0.04296746970903561,0.044628495554253855,0.04163567916916211,0.0012437937646390563,0.5555555555555555,0.8333333333333333,0.0,0.3928371006591931,0.7222222222222221,0.8888888888888888,0.5555555555555555,0.16666666666666669,2,0.5,1.0,0.0,0.5,2,0.4081991981317406,0.6181135190080949,0.0,0.2886794646966081,0.6175032824839912,0.7583320272470198,0.47667453772096263,0.14082874476302856,0.0556936539215917,0.1113873078431834,0.0,0.0556936539215917,0.22882312287886938,0.3458755314350128,0.1184096708893776,0.09298113155066107,0.7570927937825521,0.8329167366027832,0.6792381405830383,0.06275545424972176,0.5282696709036827,0.6107325702905655,0.4132479727268219,0.08384548527982151,0.1577943604853418,0.2882296095291773,0.0,0.11924894880455501,0.5687539842393663,0.6747764481438531,0.46273152033487946,0.1060224639044868,0.20662398636341095,0.4132479727268219,0.0,0.20662398636341095,0.0,0.3333333333333333,0.3333333333333333,1.0,1.0,1.0,0.0,2,-1.0467108425811176,-0.3010299956639812,-1.792391689498254,0.7456808469171363,2,0.0,0.0,0.0,0.0,2
seed0_i15,0,15,15,15,append_notes.predict,4,0.4999999999999999,0,,,,,0,,,,,0,,,,,0,16.0,16.0,16.0,0.0,3,0.0,0.0,0.0,0.0,3,,,,,0,0.4444444444444445,0.6666666666666667,0.33333333333333337,0.15713484026367724,27.0,31.0,23.0,3.265986323710904,3.0,3.0,3.0,0.0,-2.0303482617692414,-1.3424226808222062,-3.000434077479319,0.7056728450787794,-1.0742818427938834,-0.5478175588287292,-1.700268207532294,0.47571988105424373,0.029137676498459247,0.03485926055825425,0.024748870596071535,0.004233770542475326,0.0,0.0,0.0,0.0,0.0,0.0,0.0,0.0,1.0,1,0.7414807878118248,0.7665818963772053,0.7273280875221625,0.01779730523114699,0.9550080342795929,0.9560792715586502,0.9539367970005356,0.0008746615757126347,0.8149259383842535,0.8321715422107206,0.7809957337381568,0.02399337091209331,0.9938399082163976,0.9938752096019768,0.9938222575236078,2.4961849128467196e-05,0.07344515057242873,0.10484345468855816,0.05046335420204995,0.02298444451081924,0.03883187393680454,0.03988546052307218,0.03779593804332659,0.0008531352798384337,0.6666666666666666,0.6666666666666666,0.6666666666666666,0.0,0.7777777777777777,0.7777777777777777,0.7777777777777777,0.0,3,1.0,1.0,1.0,0.0,3,0.4943205252078832,0.5110545975848035,0.4848853916814416,0.011864870154098001,0.6338312854099749,0.6472445328305604,0.6074411262407885,0.0186615107094059,0.07344515057242873,0.10484345468855816,0.05046335420204995,0.02298444451081924,0.17942816019058228,0.2323368936777115,0.13757109642028809,0.039469343674184025,0.7957085768381754,0.8458011746406555,0.7236359119415283,0.05223938721363894,0.6162804166475931,0.6774246841669083,0.585351750254631,0.04323650620616632,0.11961877346038818,0.15489126245180765,0.09171406428019205,0.02631289578278935,0.6188844486519142,0.6578453580538431,0.5628279315100775,0.04063063449949697,0.6162804166475931,0.6774246841669083,0.585351750254631,0.04323650620616632,0.0,0.0,1.0,1.0,1.0,1.0,0.0,3,-2.0303482617692414,-1.3424226808222062,-3.000434077479319,0.7056728450787794,3,,,,,0
seed0_i16,0,16,16,16,append_notes.predict,3,0.6,0,,,,,0,,,,,0,,,,,0,17.0,17.0,17.0,0.0,3,0.0,0.0,0.0,0.0,3,,,,,0,0.5555555555555556,0.6666666666666667,0.33333333333333337,0.15713484026367724,25.0,32.0,21.0,4.96655480858378,3.0,3.0,3.0,0.0,-2.7275705809678037,-2.1818435879447726,-3.000434077479319,0.38588725744312874,-1.8769833176486532,-0.9279678597575783,-2.7026927082021683,0.7297558320440061,0.03212086050613185,0.03726086160171408,0.028143751856977473,0.0038117941231448145,0.0,0.0,0.0,0.0,0.0,0.0,0.0,0.0,1.0,4,0.7279144722078253,0.7495592970146148,0.6978470137161626,0.021935445130762118,0.9551379718977485,0.9578466226510919,0.9512442864398172,0.0028226395802493504,0.7931125905537879,0.8218601455973378,0.7654777249414529,0.023031469747312266,0.9942712454502294,0.9948093052698211,0.9933850292767843,0.0006314270404576627,0.0651981183459626,0.07230084858272301,0.055662795229874495,0.007006869768566431,0.03913327355248105,0.04337511536426575,0.03696268261872926,0.0029997092724486085,0.7777777777777777,0.8333333333333333,0.6666666666666666,0.0785674201318386,0.7962962962962963,0.8888888888888888,0.7222222222222222,0.06928995160692483,3,0.8333333333333334,1.0,0.5,0.23570226039551584,3,0.5656877765124823,0.6246327475121789,0.49089140392846564,0.055738298891843625,0.6299967427323084,0.6804246443924026,0.5935656607091884,0.03681534083850285,0.053147976915508766,0.0676307112252903,0.036150424291361505,0.012974214163134606,0.17634721597035727,0.2537851631641388,0.13335077464580536,0.05486816611570778,0.7055984338124593,0.7801685333251953,0.6670236587524414,0.052739537334359106,0.529251217842102,0.5362523347139359,0.5251179486513138,0.004977419076130174,0.13954763693941963,0.21148763597011563,0.0889005164305369,0.0522617800185519,0.559055796375981,0.592909918891059,0.5208024183909098,0.029601666547819625,0.44152065614859265,0.5362523347139359,0.26319168508052826,0.1261795283974221,0.0,0.3333333333333333,0.6666666666666666,1.0,1.0,1.0,0.0,3,-1.9032346794850499,-0.6020599913279624,-3.000434077479319,0.9896982717065315,3,0.0,0.0,0.0,0.0,2
seed0_i17,0,17,17,17,gen_query.predict,4,0.4999999999999999,1,,,,,0,,,,,0,,,,,0,18.0,18.0,18.0,0.0,3,0.0,0.0,0.0,0.0,3,,,,,0,0.4444444444444445,0.6666666666666667,0.33333333333333337,0.15713484026367724,19.333333333333332,26.0,15.0,4.784233364802441,3.0,3.0,3.0,0.0,-2.4719471676431515,-1.414973347970818,-3.000434077479319,0.7473933554269544,-1.217601997687776,-0.5720011145449331,-1.9803168541372953,0.5808758144122563,0.02757872990994402,0.029869929851309807,0.023705878989574086,0.002753796848117741,0.0,0.0,0.0,0.0,0.0,0.0,0.0,0.0,1.0,2,0.7167191703899575,0.7635028440454632,0.6788483060366236,0.035130009285653754,0.9576311988444872,0.9600385170919595,0.9561868078960039,0.0017135416870536482,0.8679985522935714,0.8875419197941842,0.8527622263077008,0.014521701569506655,0.9971178960641268,0.9971984812070707,0.9970278303161307,6.998972804997943e-05,0.15127938190361392,0.20869361375756057,0.08925938226223762,0.048867465222466044,0.0394866972196396,0.0409405687731752,0.036989313224171205,0.0017738458718718343,0.27777777777777773,0.8333333333333333,0.0,0.3928371006591931,0.7222222222222222,0.7222222222222222,0.7222222222222222,0.0,1,0.5,0.5,0.5,0.0,1,0.21208412334596197,0.6362523700378859,0.0,0.2999322435998678,0.6158838301111172,0.6158838301111172,0.6158838301111172,0.0,0.04462969113111881,0.04462969113111881,0.04462969113111881,0.0,0.13630515585343042,0.158050075173378,0.1187913790345192,0.01630415551894401,0.6851059198379517,0.7045581936836243,0.6565585732460022,0.020624114554472356,0.5488007639845213,0.5724841803312302,0.5361509174108505,0.016759698586445115,0.03299760528736644,0.09899281586209932,0.0,0.04666566092322777,0.4741811917887794,0.4741811917887794,0.4741811917887794,0.0,0.2688835971057415,0.2688835971057415,0.2688835971057415,0.0,0.0,0.3333333333333333,0.0,1.0,1.0,1.0,0.0,1,-2.940516484932567,-2.940516484932567,-2.940516484932567,0.0,1,0.0,0.0,0.0,0.0,1
seed0_i18,0,18,18,18,append_notes.predict,4,0.4999999999999999,0,,,,,0,,,,,0,,,,,0,19.0,19.0,19.0,0.0,3,0.0,0.0,0.0,0.0,3,,,,,0,0.4444444444444445,0.6666666666666667,0.33333333333333337,0.15713484026367724,23.333333333333332,28.0,20.0,3.39934634239519,3.0,3.0,3.0,0.0,-2.4758110120786188,-1.954242509439325,-3.000434077479319,0.427111380496737,-1.0676974026867365,-0.751757501701102,-1.3508466819780074,0.24567374046967352,0.030511912826219467,0.03350249209969755,0.027875451945920924,0.0023108360825099166,0.0,0.0,0.0,0.0,0.0,0.0,0.0,0.0,1.0,1,0.7583591414563359,0.7946695551433628,0.7367579518092771,0.02582904571826845,0.9596282754418038,0.9611517367458866,0.9579524680073126,0.0013105309669473755,0.8270349053556606,0.8316147648291681,0.8216315418077197,0.0041170219572283775,0.9950202911500802,0.9954205294314755,0.9944432033955098,0.0004181294434866925,0.0686757638993248,0.08487358999844263,0.03694520968580528,0.02243853295642928,0.03539201570827629,0.037468061424162924,0.03404540387736821,0.0014894521397869503,0.38888888888888884,0.6666666666666666,0.0,0.2832788618662658,0.6666666666666665,0.7777777777777777,0.5555555555555555,0.1111111111111111,2,0.8333333333333333,1.0,0.6666666666666666,0.16666666666666669,2,0.2993862264445157,0.5297797034289085,0.0,0.22171548307061764,0.5516367257134874,0.6468114837560195,0.4564619676709553,0.09517475804253209,0.046763801509050185,0.05658239333229509,0.03694520968580528,0.009818591823244904,0.19951341052850088,0.27123764157295227,0.13406606018543243,0.05617567746865061,0.7572566668192545,0.7919098734855652,0.699803352355957,0.04091280561808984,0.5577432562907537,0.645990714430809,0.5065668225288391,0.06266551973031942,0.0924811197651757,0.18082509438196817,0.0,0.07387947692941534,0.5023547708988189,0.6159299015998839,0.38877964019775385,0.11357513070106504,0.4291917234659195,0.5206722319126129,0.3377112150192261,0.09148050844669342,0.0,0.3333333333333333,0.3333333333333333,1.0,1.0,1.0,0.0,2,-1.127636252551653,-0.3010299956639812,-1.954242509439325,0.826606256887672,2,0.0,0.0,0.0,0.0,1
seed0_i19,0,19,19,19,gen_query.predict,3,0.6,0,,,,,0,,,,,0,,,,,0,20.0,20.0,20.0,0.0,3,0.0,0.0,0.0,0.0,3,,,,,0,0.4444444444444445,0.6666666666666667,0.33333333333333337,0.15713484026367724,18.333333333333332,21.0,13.0,3.7712361663282534,3.0,3.0,3.0,0.0,-2.9576748092356433,-2.8721562727482928,-3.000434077479319,0.060470737067354854,-1.822046453984948,-1.6738744588497525,-1.8989775784079461,0.1047991725590161,0.0258562886860368,0.029204707363637592,0.02168654331807165,0.0031237403651433377,0.0,0.0,0.0,0.0,0.0,0.0,0.0,0.0,1.0,2,0.7708307136727526,0.7902699131518961,0.7497493086314861,0.01658317374139758,0.9638794084186576,0.965443686006826,0.962457337883959,0.0012233113292153981,0.8763778743640763,0.8981091006858254,0.8506832832633121,0.019563285934406906,0.9976601370129158,0.9980613770558273,0.997123742429234,0.0003945374808260257,0.10554716069132379,0.13059193051160534,0.07821036402843673,0.021446012326973848,0.03378072859425818,0.03533795366972692,0.03261769104900136,0.0011449876384078263,0.7222222222222222,0.8333333333333333,0.6666666666666666,0.0785674201318386,0.648148148148148,0.7777777777777777,0.4444444444444444,0.14581496062984833,3,0.5,1.0,0.0,0.408248290463863,3,0.5555398818169175,0.6247910905262384,0.5149819461565835,0.04920697772671888,0.565534720000614,0.6616425536492426,0.39915960030481124,0.11811701490592648,0.047835443094746466,0.07821036402843673,0.0,0.034233196714765025,0.12335611631472905,0.14899034798145294,0.09678846597671509,0.02132154738007349,0.7189260919888815,0.7546424865722656,0.6982499957084656,0.02535989203759416,0.5955699756741524,0.607097327709198,0.5739604607224464,0.015291620695290968,0.0905146524310112,0.12415862331787744,0.06452564398447672,0.024939552168080553,0.4676065444946289,0.5474667284223768,0.3103333314259847,0.11121344284254808,0.30330779900153476,0.607097327709198,0.0,0.24784668026227377,0.0,0.6666666666666666,0.3333333333333333,1.0,1.0,1.0,0.0,3,-2.8506727489465766,-2.6794278966121188,-3.000434077479319,0.13192775392853104,3,0.0,0.0,0.0,0.0,1
seed0_i20,0,20,20,20,append_notes.predict,1,0.5333333333333333,1,,,,,0,,,,,0,,,,,0,21.0,21.0,21.0,0.0,3,0.0,0.0,0.0,0.0,3,,,,,0,0.4444444444444445,0.6666666666666667,0.33333333333333337,0.15713484026367724,24.333333333333332,30.0,15.0,6.649979114420001,3.0,3.0,3.0,0.0,-2.39231980467144,-1.1760912590556813,-3.000434077479319,0.8600034520775549,-1.2958534267217665,-0.5927170834612147,-1.725508445511667,0.5012637985530148,0.03174033038858364,0.03730382963233218,0.021269330514745693,0.007408956845769695,0.0,0.0,0.0,0.0,0.0,0.0,0.0,0.0,1.0,2,0.7489430198843484,0.7587135187396191,0.7410073867024881,0.007344014658603467,0.9642760119532735,0.9665851670741646,0.9600651996740016,0.002982137788658013,0.7978708258684937,0.8149610101933206,0.7713485770037076,0.019012872188670465,0.9961643219470752,0.9965141557760064,0.9954646542892126,0.0004947397454515234,0.04892780598414518,0.0662955037059646,0.0242404227927695,0.017932109081826218,0.03188830999380158,0.036448956102004826,0.02887948721504796,0.0032792612523778464,0.7222222222222222,0.8333333333333333,0.6666666666666666,0.0785674201318386,0.7037037037037036,0.8888888888888888,0.4444444444444444,0.18885257457751053,3,0.6666666666666666,1.0,0.0,0.4714045207910317,3,0.5414460976306555,0.6322612656163492,0.4940049244683254,0.06423748405779166,0.5610496178594936,0.7244097868385071,0.358801284625979,0.15177090457184877,0.02682930474882365,0.05624749145370145,0.0,0.023035795421406536,0.16549737751483917,0.21485774219036102,0.1333046555519104,0.035437950018730825,0.6332027912139893,0.6927772164344788,0.551379919052124,0.05983056058702177,0.4677054136991501,0.5594725608825684,0.40305018424987793,0.06667474304548485,0.12226812624269061,0.1790481184919675,0.08886977036794026,0.04035723237337185,0.4555025961663987,0.5826233228047688,0.245057741800944,0.14987731219394546,0.3333553522825241,0.5594725608825684,0.0,0.24066214380395454,0.0,0.3333333333333333,0.6666666666666666,1.0,1.0,1.0,0.0,3,-1.625165113623673,-0.6989700043360189,-3.000434077479319,0.9917777691716871,3,0.0,0.0,0.0,0.0,1
seed0_i21,0,21,21,21,append_notes.predict,3,0.6,0,,,,,0,,,,,0,,,,,0,22.0,22.0,22.0,0.0,3,0.0,0.0,0.0,0.0,3,,,,,0,0.4444444444444445,0.6666666666666667,0.33333333333333337,0.15713484026367724,20.0,26.0,13.0,5.354126134736337,3.0,3.0,3.0,0.0,-2.272842648875318,-1.414973347970818,-3.000434077479319,0.6537842020176412,-1.2594426655648558,-1.1004880243811,-1.3552927842857974,0.11319011141723029,0.025728324881889437,0.03556592034491762,0.008918015255404201,0.011944085524333367,0.0,0.0,0.0,0.0,0.0,0.0,0.0,0.0,1.0,1,0.7602394122580699,0.7675374902383773,0.7526710120701515,0.006072223582484912,0.967202404285901,0.9682477459819678,0.9662877303018425,0.0008054898736402469,0.8292566329171112,0.8432150918824411,0.8203336344959808,0.009996905194483686,0.9963118744401606,0.9968220586517117,0.9960042060988433,0.00036329988332030203,0.0690172206590413,0.0756776016440639,0.059823900030299804,0.006715494578143326,0.029109470154259538,0.029716475797000874,0.028574312669743862,0.00046904567701997775,0.7222222222222222,0.8333333333333333,0.6666666666666666,0.0785674201318386,0.8148148148148148,0.8888888888888888,0.7777777777777777,0.05237828008789243,3,1.0,1.0,1.0,0.0,3,0.5490768156423621,0.6337581120547341,0.5017806747134343,0.0600152668337268,0.6753601083613079,0.7291854528853162,0.6410609118455979,0.038535148677510234,0.0690172206590413,0.0756776016440639,0.059823900030299804,0.006715494578143326,0.18386180947224298,0.24168606102466583,0.1011299267411232,0.06002388018882603,0.757388194402059,0.799171507358551,0.715001106262207,0.03436507445584725,0.5735263849298159,0.6138711795210838,0.5163059085607529,0.04157993908116233,0.13600154303842119,0.20140505085388818,0.0674199511607488,0.05474533099528494,0.6171534834084688,0.6737706396314832,0.5561119715372721,0.04813572295500943,0.5735263849298159,0.6138711795210838,0.5163059085607529,0.04157993908116233,0.0,0.0,1.0,1.0,1.0,1.0,0.0,3,-2.211334506677803,-1.2304489213782739,-3.000434077479319,0.7352089361636298,3,0.0,0.0,0.0,0.0,1
seed0_i22,0,22,22,22,gen_query.predict,1,0.5333333333333333,1,,,,,0,,,,,0,,,,,0,23.0,23.0,23.0,0.0,3,0.0,0.0,0.0,0.0,3,,,,,0,0.4444444444444445,0.6666666666666667,0.33333333333333337,0.15713484026367724,32.0,45.0,24.0,9.273618495495704,3.0,3.0,3.0,0.0,-2.3605217548704043,-1.6901960800285136,-3.000434077479319,0.5353345567564949,-1.2034264081010704,-0.6637420252308316,-1.8678594833665005,0.49943060274510526,0.02857357959268696,0.030862120693389387,0.024084220028944215,0.003174658594213026,0.0,0.0,0.0,0.0,0.0,0.0,0.0,0.0,1.0,1,0.761116050956721,0.7809786072053307,0.7489144225527853,0.014166753237518448,0.9675284126389408,0.9685275384038966,0.9659048332708879,0.0011581888966524121,0.8700893430393609,0.8875284049290508,0.8597683625948704,0.012400411288723255,0.9978311068908216,0.9981440317672702,0.997539763040335,0.0002471632107186801,0.10897329208263984,0.13861398237626554,0.08199265438883052,0.023191961332043706,0.030302694251880664,0.03190469259397166,0.029012224636438377,0.0012012161426334332,0.7777777777777777,0.8333333333333333,0.6666666666666666,0.0785674201318386,0.5740740740740741,0.7222222222222222,0.4444444444444444,0.11415581486979585,3,0.16666666666666666,0.5,0.0,0.23570226039551584,3,0.5926570189887793,0.6508155060044423,0.49927628170185684,0.06669077552998248,0.4984543938167631,0.6232570222624498,0.3944570688573559,0.09455862435339761,0.01366544239813842,0.04099632719441526,0.0,0.019325853975275666,0.2044063707192739,0.25846970081329346,0.1693391352891922,0.03878748197569669,0.700825830300649,0.7383118271827698,0.6648334860801697,0.03001599464177651,0.4964194595813751,0.5689726918935776,0.4408624768257141,0.053663837453942445,0.16003807137409845,0.2153914173444112,0.12360685070355733,0.0397880785140267,0.40357600869955834,0.50507323940595,0.29548154936896426,0.08569251893555224,0.07347707947095235,0.22043123841285706,0.0,0.10391228231138654,0.0,1.0,0.0,1.0,1.0,1.0,0.0,3,-1.712812830887651,-0.8450980400142568,-2.603144372620182,0.7178975623127366,3,0.0,0.0,0.0,0.0,2
seed0_i23,0,23,23,23,gen_query.predict,4,0.4999999999999999,1,,,,,0,,,,,0,,,,,0,24.0,24.0,24.0,0.0,3,0.0,0.0,0.0,0.0,3,,,,,0,0.5555555555555556,0.6666666666666667,0.33333333333333337,0.15713484026367724,27.0,36.0,17.0,7.788880963698615,3.0,3.0,3.0,0.0,-2.1954485959329175,-1.6720978579357175,-3.000434077479319,0.5777011191601673,-1.1257392115849532,-0.7969783690344597,-1.7047924765953855,0.41070373428000256,0.030189350977370955,0.03444989300580633,0.024279880727762826,0.0043125020303627195,0.0,0.0,0.0,0.0,0.0,0.0,0.0,0.0,1.0,1,0.7677112790643607,0.8172885950114245,0.7216211043284807,0.039133849872481134,0.9678414619674856,0.9693841224635101,0.9665361338554646,0.0011747353668697903,0.8846384914972814,0.8963688935997407,0.8760447870905063,0.008588615747032423,0.9977845511246578,0.9979891626449919,0.9975975785284904,0.0001603493660904025,0.11692721243292077,0.1598806894731163,0.05875619207908178,0.04266318640761208,0.029943089157172365,0.03106144467302585,0.02838278973698094,0.001137331343551074,0.7222222222222222,0.8333333333333333,0.6666666666666666,0.0785674201318386,0.8148148148148148,0.8888888888888888,0.7777777777777777,0.05237828008789243,3,1.0,1.0,1.0,0.0,3,0.5518975807278226,0.6013509202737338,0.5094827585687842,0.037833806126405675,0.7207003746386853,0.7835571500458639,0.6813681677370603,0.044912515099591925,0.11692721243292077,0.1598806894731163,0.05875619207908178,0.04266318640761208,0.18177821735541025,0.21011094748973846,0.1320284754037857,0.03529149480304527,0.7497572501500448,0.7508895397186279,0.7478721737861633,0.0013419240569622554,0.5679790327946345,0.6184815615415573,0.5377612262964249,0.035940187330732544,0.13285830865303674,0.1750924562414487,0.0880189836025238,0.035595295771184705,0.6108434972939668,0.6647752655877007,0.5837300287352667,0.03813570946523633,0.5679790327946345,0.6184815615415573,0.5377612262964249,0.035940187330732544,0.0,0.0,1.0,1.0,1.0,1.0,0.0,3,-1.8999516875420905,-1.6720978579357175,-2.113943352306837,0.18064879358317906,3,0.0,0.0,0.0,0.0,1
seed0_i24,0,24,24,24,gen_query.predict,3,0.6,0,,,,,0,,,,,0,,,,,0,25.0,25.0,25.0,0.0,3,0.0,0.0,0.0,0.0,3,,,,,0,0.4444444444444445,0.6666666666666667,0.33333333333333337,0.15713484026367724,25.666666666666668,30.0,23.0,3.0912061651652345,3.0,3.0,3.0,0.0,-2.6187116361049187,-1.954242509439325,-3.000434077479319,0.47158489182179647,-1.5628982222596342,-0.9694950062928833,-2.2596731351140935,0.5317607117305259,0.03185916598011359,0.03662650067098649,0.025031286291119812,0.004952886928901667,0.0,0.0,0.0,0.0,0.0,0.0,0.0,0.0,1.0,2,0.7640893409441943,0.7653713008551156,0.762044023405226,0.0014616725484547083,0.9699453551912568,0.9709699453551912,0.9689207650273224,0.0008365743657046269,0.8773486382110848,0.8889974665125521,0.8659897793834886,0.00939508660520844,0.997508677931473,0.9980819947254855,0.9971855357384841,0.0004064891774630601,0.1132592972668904,0.12362616565743645,0.10113708081124728,0.009264652158500208,0.027563322740216223,0.028337738303127025,0.026215590383292908,0.0009565204504301538,0.5555555555555555,0.8333333333333333,0.0,0.3928371006591931,0.6388888888888888,0.7222222222222222,0.5555555555555555,0.08333333333333337,2,0.25,0.5,0.0,0.25,2,0.42506222206315475,0.637809417379263,0.0,0.3005644314301212,0.561579579402724,0.642053725814621,0.481105432990827,0.08047414641189699,0.030906541414359112,0.061813082828718224,0.0,0.030906541414359112,0.1668136790394783,0.25221994519233704,0.11951128393411636,0.06050799360327244,0.6646952827771505,0.7250483632087708,0.564003050327301,0.07166744304743018,0.49788160373767215,0.6055370792746544,0.4352932423353195,0.07645924660137367,0.10581382032897736,0.21018328766028085,0.0,0.0858130457044363,0.41126328210035956,0.5091915362411075,0.31333502795961166,0.0979282541407479,0.11320362240076065,0.2264072448015213,0.0,0.11320362240076065,0.0,0.6666666666666666,0.0,1.0,1.0,1.0,0.0,2,-2.0002170387396596,-1.0,-3.000434077479319,1.0002170387396594,2,0.0,0.0,0.0,0.0,2
seed0_i25,0,25,25,25,append_notes.predict,3,0.6,0,,,,,0,,,,,0,,,,,0,26.0,26.0,26.0,0.0,3,0.0,0.0,0.0,0.0,3,,,,,0,0.4444444444444445,0.6666666666666667,0.33333333333333337,0.15713484026367724,19.0,20.0,18.0,0.816496580927726,3.0,3.0,3.0,0.0,-3.000434077479319,-3.000434077479319,-3.000434077479319,0.0,-1.6999187061911005,-1.3182255289728813,-1.9904152294506121,0.2818952176808889,0.030022917333344324,0.03196491758463031,0.026442758234001575,0.002534591917453916,0.0,0.0,0.0,0.0,0.0,0.0,0.0,0.0,1.0,3,0.7366813161004989,0.7573228553563478,0.7185042778447538,0.015943145107758013,0.9714912280701755,0.9726973684210526,0.9694078947368421,0.0014792475398280691,0.7867703144509623,0.8227929125956431,0.7409121458240442,0.034143509161669756,0.9964323268739673,0.9965586464009177,0.9963025933057479,0.00010456111018555822,0.05008899835046343,0.06547005723929533,0.022407867979290397,0.019613887169029794,0.02494109880379188,0.027027846178394155,0.023605224884695297,0.001494755797147147,0.5,0.8333333333333333,0.0,0.3600411499115478,0.75,0.7777777777777777,0.7222222222222222,0.027777777777777735,2,0.75,1.0,0.5,0.25,2,0.3636167326044995,0.611847345916996,0.0,0.262773363782518,0.5757957373796726,0.5762650023075898,0.5753264724517554,0.0004692649279172123,0.02680120144784634,0.031194534916402283,0.022407867979290397,0.004393333468555943,0.12609810382127762,0.13936685025691986,0.10388783365488052,0.015804077316369656,0.6780461072921753,0.7373228669166565,0.5867224931716919,0.06552540883935386,0.5519480034708977,0.633435033261776,0.4516828656196594,0.07537871325246903,0.06872182008292939,0.11613904188076654,0.0,0.04974926259629368,0.4845923168791665,0.512844916847017,0.45633971691131586,0.028252599967850595,0.3685229606926441,0.4516828656196594,0.2853630557656288,0.0831599049270153,0.0,0.3333333333333333,0.3333333333333333,1.0,1.0,1.0,0.0,2,-2.3856430445607315,-1.7708520116421442,-3.000434077479319,0.6147910329185873,2,0.0,0.0,0.0,0.0,1
seed0_i26,0,26,26,26,gen_query.predict,3,0.6,1,,,,,0,,,,,0,,,,,0,27.0,27.0,27.0,0.0,3,0.0,0.0,0.0,0.0,3,,,,,0,0.4444444444444445,0.6666666666666667,0.33333333333333337,0.15713484026367724,21.333333333333332,27.0,14.0,5.436502143433364,3.0,3.0,3.0,0.0,-1.811667660504506,-0.9030899869919435,-3.000434077479319,0.8788600030523614,-1.0980661211483396,-0.4013733275519749,-2.0002893849862127,0.6687377265308793,0.03068278749921211,0.03986017244817322,0.019753777426232307,0.00830132210859221,0.0,0.0,0.0,0.0,0.0,0.0,0.0,0.0,1.0,2,0.7560435395919951,0.7629839615413365,0.7436471421644598,0.008786500904511687,0.9726304579339723,0.9741214057507988,0.9712460063897763,0.0011762897781882366,0.8759511058739394,0.8986676937943615,0.8355660557528397,0.028630812053722646,0.9979361945472087,0.9983515114339934,0.9976614464528744,0.0002987385798094788,0.11990756628194432,0.13716817872417275,0.09191891358837989,0.019969846177975998,0.025305736613236467,0.02641544006309804,0.0236742200039598,0.0011783572132873612,0.27777777777777773,0.8333333333333333,0.0,0.3928371006591931,0.7222222222222222,0.7222222222222222,0.7222222222222222,0.0,1,0.5,0.5,0.5,0.0,1,0.21193998931703792,0.6358199679511137,0.0,0.29972840730136385,0.6453919102761122,0.6453919102761122,0.6453919102761122,0.0,0.06531780326664016,0.06531780326664016,0.06531780326664016,0.0,0.16073274364074072,0.21233321726322174,0.1206597313284874,0.03830290484241442,0.7102088530858358,0.7446403503417969,0.6464187502861023,0.04515393278539034,0.5494761094450951,0.6189077273011208,0.43408553302288055,0.08215424630462866,0.04144591175847583,0.12433773527542749,0.0,0.05861337051375505,0.5377958085801866,0.5377958085801866,0.5377958085801866,0.0,0.29771753400564194,0.29771753400564194,0.29771753400564194,0.0,0.0,0.3333333333333333,0.0,1.0,1.0,1.0,0.0,1,-3.000434077479319,-3.000434077479319,-3.000434077479319,0.0,1,0.0,0.0,0.0,0.0,1
seed0_i27,0,27,27,27,append_notes.predict,1,0.5333333333333333,0,,,,,0,,,,,0,,,,,0,28.0,28.0,28.0,0.0,3,0.0,0.0,0.0,0.0,3,,,,,0,0.4444444444444445,0.6666666666666667,0.33333333333333337,0.15713484026367724,18.666666666666668,21.0,17.0,1.699673171197595,3.0,3.0,3.0,0.0,-3.000434077479319,-3.000434077479319,-3.000434077479319,0.0,-1.3567574718867321,-1.3182255289728813,-1.3921751121783335,0.030270000271800858,0.02484782592771707,0.028373490195817617,0.01828631420233611,0.00464399664217323,0.0,0.0,0.0,0.0,0.0,0.0,0.0,0.0,1.0,3,0.7548883355796633,0.7622533315773435,0.7464928501810535,0.0064753185128749915,0.9734358974358974,0.9747692307692307,0.972,0.0011328575402243272,0.8038731204748357,0.852048414032469,0.7512970935378354,0.04124909684716586,0.9958834147844846,0.9964809328829933,0.9948581995207276,0.0007282442539531353,0.04898478489517233,0.08979508245512546,0.004804243356781868,0.03477910858562246,0.022447517348587225,0.02431111194973301,0.02131973798226605,0.0013274405443458365,0.5,0.8333333333333333,0.0,0.3600411499115478,0.8333333333333333,0.8888888888888888,0.7777777777777777,0.05555555555555558,2,1.0,1.0,1.0,0.0,2,0.3753410861570911,0.6220773751508779,0.0,0.26975230682821166,0.64823854029345,0.667819638700298,0.6286574418866019,0.019581098406848074,0.02857963611519576,0.052355028873609655,0.004804243356781868,0.023775392758413894,0.17134199539820352,0.23096857964992523,0.1252107173204422,0.044217446237672375,0.6669642130533854,0.6839492321014404,0.6507676243782043,0.013557801926426786,0.4956222176551819,0.5409650653600693,0.4197990447282791,0.05395732145665819,0.09198254264063305,0.19247381637493768,0.0,0.07880711209910612,0.5482984152105119,0.5784601105584039,0.51813671986262,0.030161695347891926,0.4803820550441742,0.5409650653600693,0.4197990447282791,0.06058301031589508,0.0,0.0,0.6666666666666666,1.0,1.0,1.0,0.0,2,-2.0882626682675003,-1.1760912590556813,-3.000434077479319,0.9121714092118187,2,0.0,0.0,0.0,0.0,1
seed0_i28,0,28,28,28,append_notes.predict,3,0.6,0,,,,,0,,,,,0,,,,,0,29.0,29.0,29.0,0.0,3,0.0,0.0,0.0,0.0,3,,,,,0,0.4444444444444445,0.6666666666666667,0.33333333333333337,0.15713484026367724,22.0,35.0,12.0,9.626352718795768,3.0,3.0,3.0,0.0,-2.805280500976485,-2.4149733479708178,-3.000434077479319,0.2759888346359228,-1.3348374098727742,-0.9640315342301601,-1.8812955846551687,0.394532324147077,0.027934085374374102,0.03760042362098713,0.01115569100406593,0.011909855233518616,0.0,0.0,0.0,0.0,0.0,0.0,0.0,0.0,1.0,2,0.7693301428178393,0.7864496337326434,0.7588332387162079,0.012208202447520211,0.9756799682350605,0.9764740917212626,0.9749851101846337,0.0006119132423038326,0.7797786022169128,0.8393326655173006,0.7317663768272138,0.04466569998262823,0.9964342888255642,0.9975942546184097,0.9956856374337533,0.0008317008844391194,0.010448459399073426,0.08049942680109268,-0.03094117917745287,0.04980532764506649,0.02075432059050364,0.02112016289714702,0.02010493463446794,0.00046041275479626585,0.6666666666666666,0.6666666666666666,0.6666666666666666,0.0,0.7777777777777777,0.7777777777777777,0.7777777777777777,0.0,3,1.0,1.0,1.0,0.0,3,0.5128867618785594,0.5242997558217622,0.5058888258108052,0.008138801631680159,0.6064944683909321,0.6528142954023448,0.5691516264211662,0.0347399888753775,0.010448459399073426,0.08049942680109268,-0.03094117917745287,0.04980532764506649,0.13472191989421844,0.14036925137043,0.12583594024181366,0.006359817324271753,0.6147364179293314,0.7009344100952148,0.5388926267623901,0.06655720344267978,0.48001449803511304,0.5750984698534012,0.40093205869197845,0.07199778457414499,0.0898146132628123,0.09357950091362,0.08389062682787576,0.004239878216181172,0.4781283250561466,0.5451712078518337,0.4191387097040812,0.051766713788750925,0.48001449803511304,0.5750984698534012,0.40093205869197845,0.07199778457414499,0.0,0.0,1.0,1.0,1.0,1.0,0.0,3,-2.686286700645441,-2.4149733479708178,-3.000434077479319,0.2409247900188123,3,,,,,0
seed0_i29,0,29,29,29,gen_query.predict,1,0.5333333333333333,0,,,,,0,,,,,0,,,,,0,30.0,30.0,30.0,0.0,3,0.0,0.0,0.0,0.0,3,,,,,0,0.4444444444444445,0.6666666666666667,0.33333333333333337,0.15713484026367724,19.666666666666668,25.0,17.0,3.7712361663282534,3.0,3.0,3.0,0.0,-3.000434077479319,-3.000434077479319,-3.000434077479319,0.0,-1.3281789157888977,-1.1004880243811,-1.5018613519330748,0.1682514426832811,0.02572748291512797,0.028939776488862257,0.02390329040654404,0.00227840096553847,0.0,0.0,0.0,0.0,0.0,0.0,0.0,0.0,1.0,3,0.7436204232762963,0.7647044131932265,0.7254222939677369,0.01616616562040614,0.9749228395061729,0.9754050925925926,0.9742476851851852,0.0004918035796288969,0.8771659470393341,0.8925554412975253,0.8528368901163876,0.017403594694966072,0.9983809317153778,0.9985144631202951,0.9981639431823872,0.00015478991329632167,0.13354552376303766,0.16068321573635236,0.11210232744846182,0.020237689876657885,0.02345809220920499,0.024266777935109896,0.023048202441646515,0.0005718450959321443,0.7222222222222222,0.8333333333333333,0.6666666666666666,0.0785674201318386,0.7037037037037036,0.8888888888888888,0.4444444444444444,0.18885257457751053,3,0.6666666666666666,1.0,0.0,0.4714045207910317,3,0.538230527361599,0.637253677661022,0.48361486264515796,0.07014385196020048,0.6205381355101621,0.7933826144866891,0.3790386178295056,0.17598365955595832,0.09617808128021706,0.16068321573635236,0.0,0.06931645127113101,0.14254693438609442,0.1852296143770218,0.10710332542657852,0.03230306867095245,0.667393167813619,0.7426638603210449,0.6050806045532227,0.05691059012231697,0.5248462334275246,0.6355605348944664,0.41985099017620087,0.08815585683245167,0.10532182372278637,0.15435801198085147,0.07140221695105234,0.03551337080716856,0.46877896344220193,0.5776274469163682,0.29086001714070636,0.12685145202537992,0.35180384169022244,0.6355605348944664,0.0,0.2638902665776562,0.0,0.3333333333333333,0.6666666666666666,1.0,1.0,1.0,0.0,3,-2.2819887316576315,-0.8450980400142568,-3.000434077479319,1.0160351518848587,3,0.0,0.0,0.0,0.0,1
seed0_i30,0,30,30,30,gen_query.predict,3,0.6,0,,,,,0,,,,,0,,,,,0,31.0,31.0,31.0,0.0,3,0.0,0.0,0.0,0.0,3,,,,,0,0.3333333333333333,0.33333333333333337,0.33333333333333337,5.551115123125783e-17,19.333333333333332,22.0,17.0,2.0548046676563256,3.0,3.0,3.0,0.0,-2.594800646335521,-1.863322860120456,-3.000434077479319,0.5182575858648516,-1.3911395812154488,-1.0982288747598143,-1.6609017701729625,0.2302926937687841,0.02870508152603525,0.0309758125502731,0.026953047834708085,0.0016827446194783901,0.0,0.0,0.0,0.0,0.0,0.0,0.0,0.0,1.0,1,0.7565201641540608,0.7958002834126746,0.7344735096192805,0.02784465868309688,0.9761367906801954,0.9771702367531003,0.9754791431792559,0.0007397602286745504,0.8648870557489793,0.8815635733133472,0.8455751404503897,0.014809924958082568,0.9983660265335321,0.9984429194025424,0.9982863874906287,6.393338181329212e-05,0.10836689159491852,0.13304894386392052,0.08576328990067261,0.0193601521219365,0.022229235853336766,0.02296377622328649,0.021198535954325082,0.0007504670331561937,0.6666666666666666,0.6666666666666666,0.6666666666666666,0.0,0.6666666666666666,0.7777777777777777,0.4444444444444444,0.1571348402636772,3,0.6666666666666666,1.0,0.0,0.4714045207910317,3,0.5043467761027072,0.5305335222751164,0.48964900641285364,0.018563105788731257,0.5787371388658294,0.6856605570214922,0.3758111735335065,0.14355957395282826,0.07293741125486437,0.13304894386392052,0.0,0.055068943081098616,0.14650653302669525,0.18079465627670288,0.09814387559890747,0.035179134638810984,0.6829298535982767,0.7335433959960938,0.6484070420265198,0.03657169584706809,0.5364233205715815,0.5729623287916183,0.4860444664955139,0.036808827714015946,0.09767102201779683,0.12052977085113525,0.06542925039927164,0.02345275642587399,0.45707442804619114,0.5705337524414061,0.2963729434543186,0.11680440508573457,0.3744084984064102,0.5729623287916183,0.0,0.2649089224019129,0.0,0.3333333333333333,0.6666666666666666,1.0,1.0,1.0,0.0,3,-2.011083334313787,-1.4313637641589874,-2.9206450014067875,0.6511971066628119,3,,,,,0
seed0_i31,0,31,31,31,append_notes.predict,3,0.6,1,,,,,0,,,,,0,,,,,0,32.0,32.0,32.0,0.0,3,0.0,0.0,0.0,0.0,3,,,,,0,0.3333333333333333,0.33333333333333337,0.33333333333333337,5.551115123125783e-17,25.0,30.0,17.0,5.715476066494082,3.0,3.0,3.0,0.0,-2.5306442539950456,-1.591064607026499,-3.000434077479319,0.6643831398363216,-1.2188043347837039,-0.7310415327848205,-1.8248834471851911,0.4543285121328185,0.037668862451470504,0.0409246655709279,0.03189627861076998,0.004092968089679597,0.0,0.0,0.0,0.0,0.0,0.0,0.0,0.0,1.0,2,0.7634120587930523,0.76621205463653,0.7619007643114494,0.001981980401325388,0.9767526999816951,0.9774848984074684,0.9758374519494784,0.0006849089120947907,0.8194382541153398,0.8313975362631942,0.8050144476141692,0.010910919664313214,0.9969957466957297,0.9975672079220853,0.9960814087335603,0.0006532345924331439,0.05602619532228755,0.06949677195174486,0.03880239297763921,0.01280888370372644,0.020243046714034502,0.021729755972606957,0.018596510326091886,0.001284125020863997,0.2222222222222222,0.6666666666666666,0.0,0.31426968052735443,0.4444444444444444,0.4444444444444444,0.4444444444444444,0.0,1,0.0,0.0,0.0,0.0,1,0.1693607460958172,0.5080822382874516,0.0,0.2395122640623309,0.3652901237638471,0.3652901237638471,0.3652901237638471,0.0,0.0,0.0,0.0,0.0,0.15999646484851837,0.17947857081890106,0.14751160144805908,0.013956905945942998,0.6953110496203104,0.7628223299980164,0.6440321803092957,0.049835685290400056,0.5353145847717921,0.5833437591791153,0.4910329580307007,0.03777877788122626,0.03278035587734646,0.09834106763203938,0.0,0.04635842386115996,0.30181272824605304,0.30181272824605304,0.30181272824605304,0.0,0.0,0.0,0.0,0.0,0.0,0.3333333333333333,0.0,1.0,1.0,1.0,0.0,1,-2.4742162640762553,-2.4742162640762553,-2.4742162640762553,0.0,1,,,,,0
seed1_i0,1,0,0,0,gen_query.predict,0,0.4333333333333333,0,,,,,0,,,,,0,,,,,0,1.0,1.0,1.0,0.0,3,0.0,0.0,0.0,0.0,3,,,,,0,0.4444444444444445,0.6666666666666667,0.33333333333333337,0.15713484026367724,21.333333333333332,22.0,21.0,0.4714045207910317,3.0,3.0,3.0,0.0,-2.6213970050263646,-1.863322860120456,-3.000434077479319,0.5360393685051614,-1.475112519057131,-1.0982288747598143,-1.8932873246971458,0.3258918069011652,0.027920833628294076,0.0309758125502731,0.026109072958207975,0.002172630092863384,0.0,0.0,0.0,0.0,0.0,0.0,0.0,0.0,1.0,2,,,,,,,,,,,,,,,,,,,,,,,,,0.5,0.8333333333333333,0.0,0.3600411499115478,0.8333333333333333,0.8888888888888888,0.7777777777777777,0.05555555555555558,2,1.0,1.0,1.0,0.0,2,,,,,,,,,,,,,,,,,,,,,,,,,,,,,,,,,,,,,0.0,0.0,0.6666666666666666,1.0,1.0,1.0,0.0,2,-1.2156818820794937,-1.0,-1.4313637641589874,0.21568188207949368,2,0.0,0.0,0.0,0.0,1
seed1_i1,1,1,1,1,append_notes.predict,0,0.4333333333333333,1,,,,,0,,,,,0,,,,,0,2.0,2.0,2.0,0.0,3,0.0,0.0,0.0,0.0,3,,,,,0,0.3333333333333333,0.33333333333333337,0.33333333333333337,5.551115123125783e-17,23.666666666666668,31.0,17.0,5.734883511361751,3.0,3.0,3.0,0.0,-2.715970842852799,-2.3961993470957363,-3.000434077479319,0.24793803974444517,-1.2594925832660957,-1.1004880243811,-1.4275633574227395,0.13368175035156885,0.03703708134488551,0.04591873769387093,0.029869929851309807,0.006663117561936527,0.0,0.0,0.0,0.0,0.0,0.0,0.0,0.0,1.0,1,0.4182905893105177,0.42322120658340134,0.41522045348155223,0.0035212740072839044,0.5980392156862745,0.6127450980392157,0.5882352941176471,0.010589445585633772,0.6722427390771886,0.6842456701706366,0.6578794944789745,0.010892569792645638,0.9238221360076634,0.927494615936827,0.918267266040049,0.003995292289852862,0.25395214976667096,0.2690252166890844,0.2346582878955732,0.014344169109750868,0.32578292032138895,0.33435736103486624,0.3129594280068987,0.009237918744623508,0.0,0.0,0.0,0.0,,,,,0,,,,,0,0.0,0.0,0.0,0.0,,,,,,,,,0.2033505936463674,0.2455378919839859,0.14148910343647003,0.04469782223570368,0.953059454758962,1.039770245552063,0.8493921756744385,0.07864093185258883,0.7497088611125946,0.7942323535680771,0.7079030722379684,0.03529613423883047,0.0,0.0,0.0,0.0,,,,,,,,,0.0,0.0,0.0,,,,,0,,,,,0,,,,,0
seed1_i2,1,2,2,2,gen_query.predict,0,0.4333333333333333,0,,,,,0,,,,,0,,,,,0,3.0,3.0,3.0,0.0,3,0.0,0.0,0.0,0.0,3,,,,,0,0.3333333333333333,0.33333333333333337,0.33333333333333337,5.551115123125783e-17,21.666666666666668,28.0,18.0,4.496912521077347,3.0,3.0,3.0,0.0,-2.6399820824449036,-1.919078092376074,-3.000434077479319,0.5097560999621091,-1.4434587114805326,-1.021735376018104,-1.9904152294506121,0.40525520939464993,0.030031858159029173,0.03199174006168487,0.026442758234001575,0.0025414645848809204,0.0,0.0,0.0,0.0,0.0,0.0,0.0,0.0,1.0,2,0.5337815560867534,0.5384939803919503,0.5301115148624661,0.0035006050861503494,0.7301075268817204,0.7387096774193549,0.7161290322580646,0.009971632790855585,0.7955154126144998,0.8012855207602999,0.7901492799382538,0.00455531645784372,0.9753410491985841,0.9780455792864813,0.972318339100346,0.0023489357769929157,0.26173385652774633,0.2627915403683496,0.2600377650757877,0.001211470951408094,0.2452335223168636,0.2595301969508603,0.23683446813260411,0.010160724117070441,0.4444444444444444,0.6666666666666666,0.0,0.31426968052735443,0.611111111111111,0.7777777777777777,0.4444444444444444,0.16666666666666663,2,0.5,1.0,0.0,0.5,2,0.23805181186617644,0.35899598692796686,0.0,0.16833533716172458,0.4872734523919898,0.6184200066682909,0.3561268981156888,0.13114655427630104,0.13118613206955082,0.26237226413910164,0.0,0.13118613206955082,0.1417232727011045,0.164785698056221,0.11086215823888779,0.022694370821120413,0.7936054865519205,0.8055384159088135,0.7719769477844238,0.01532093702635597,0.6518822138508161,0.661114789545536,0.6407527178525925,0.008420301692359439,0.06984614663653903,0.10985713203748067,0.0,0.049563091101750875,0.4917762941784328,0.6265298790401882,0.3570227093166775,0.13475358486175534,0.32037635892629623,0.6407527178525925,0.0,0.32037635892629623,0.0,0.3333333333333333,0.3333333333333333,1.0,1.0,1.0,0.0,2,-1.9773382934593218,-0.9542425094393249,-3.000434077479319,1.023095784019997,2,,,,,0
seed1_i3,1,3,3,3,append_notes.predict,0,0.4333333333333333,0,,,,,0,,,,,0,,,,,0,4.0,4.0,4.0,0.0,3,0.0,0.0,0.0,0.0,3,,,,,0,0.4444444444444445,0.6666666666666667,0.33333333333333337,0.15713484026367724,27.666666666666668,35.0,17.0,7.71722460186015,3.0,3.0,3.0,0.0,-3.000434077479319,-3.000434077479319,-3.000434077479319,0.0,-1.506785029479417,-1.1591851107329938,-1.700268207532294,0.2463151189458758,0.03354868945745532,0.03760042362098713,0.028186384193124574,0.003953414730333318,0.0,0.0,0.0,0.0,0.0,0.0,0.0,0.0,1.0,3,0.5820448050353696,0.5964439240740133,0.5740537774044538,0.010202202167128542,0.8117647058823528,0.8164705882352942,0.8047058823529412,0.005082933881104224,0.7349317555100282,0.7603060629567585,0.699629774055417,0.025746482505575135,0.9620349278663629,0.9681093394077449,0.9572150143607012,0.0045351886068005515,0.1528869504746587,0.18466934932911694,0.1255759966509632,0.02433106996117673,0.15027022198401,0.15607454747770155,0.14309736730187772,0.005385564373623217,0.7222222222222222,0.8333333333333333,0.6666666666666666,0.0785674201318386,0.8148148148148148,0.8888888888888888,0.7777777777777777,0.05237828008789243,3,1.0,1.0,1.0,0.0,3,0.4211656435832471,0.497036603395011,0.38270251826963586,0.05365059997642163,0.5992009738973519,0.662097270682586,0.5441564909319909,0.04846816905448396,0.1528869504746587,0.18466934932911694,0.1255759966509632,0.02433106996117673,0.1818854957818985,0.18733425438404083,0.17437227070331573,0.005489369824737366,0.8448211948076884,0.8782996535301208,0.8163565993309021,0.025535460434023494,0.6629356990257899,0.6943496912717819,0.6419843286275864,0.02262200467335427,0.13094434556033877,0.14531022558609644,0.12263330817222595,0.010199885142289835,0.6873185811219392,0.7256503105163574,0.6531834801038106,0.029732912681703604,0.6629356990257899,0.6943496912717819,0.6419843286275864,0.02262200467335427,0.0,0.0,1.0,1.0,1.0,1.0,0.0,3,-2.260681953324156,-1.6812412373755872,-3.000434077479319,0.5503588211619296,3,0.0,0.0,0.0,0.0,1
seed1_i4,1,4,4,4,gen_query.predict,0,0.4333333333333333,0,,,,,0,,,,,0,,,,,0,5.0,5.0,5.0,0.0,3,0.0,0.0,0.0,0.0,3,,,,,0,0.4444444444444445,0.6666666666666667,0.33333333333333337,0.15713484026367724,24.333333333333332,30.0,15.0,6.649979114420001,3.0,3.0,3.0,0.0,-1.9473241022424517,-1.414973347970818,-2.4727564493172123,0.43186585158056157,-0.9641142676052746,-0.5720011145449331,-1.3508466819780074,0.31798513459925043,0.03219419465562673,0.03391971097823447,0.029160380888948168,0.0021519816257453152,0.0,0.0,0.0,0.0,0.0,0.0,0.0,0.0,1.0,0,0.6270803109619393,0.6404567777060876,0.6202214651204269,0.009459616113870807,0.8438818565400844,0.8444846292947559,0.8426763110307414,0.0008524494046854294,0.8362973472644538,0.8423102604729146,0.8277788743974316,0.006191320118824592,0.9882953347756144,0.9890719476341044,0.9877406113052644,0.0005657091599925541,0.20921703630251454,0.21824021686371187,0.20185348276682702,0.006792006821176101,0.14441347823553,0.14539713435673296,0.1432559820105085,0.0008827225418017367,0.4444444444444444,0.6666666666666666,0.0,0.31426968052735443,0.611111111111111,0.7777777777777777,0.4444444444444444,0.16666666666666663,2,0.5,1.0,0.0,0.5,2,0.2802265483923091,0.4269711851373917,0.0,0.19822405469090726,0.5133811883529313,0.6524022609401229,0.3743601157657398,0.13902107258719154,0.10912010843185593,0.21824021686371187,0.0,0.10912010843185593,0.21383349100748697,0.28920432925224304,0.13215287029743195,0.06427104172190472,0.8450727462768555,0.9004321098327637,0.7942922711372375,0.04345220365662102,0.6312392552693685,0.6621394008398056,0.6112277805805206,0.022164846559843153,0.09363493323326111,0.19280288616816202,0.0,0.07880862456591647,0.5089874631828731,0.6177828775511847,0.4001920488145616,0.10879541436831153,0.3310697004199028,0.6621394008398056,0.0,0.3310697004199028,0.0,0.3333333333333333,0.3333333333333333,1.0,1.0,1.0,0.0,2,-1.127636252551653,-0.3010299956639812,-1.954242509439325,0.826606256887672,2,,,,,0
seed1_i5,1,5,5,5,append_notes.predict,0,0.4333333333333333,1,,,,,0,,,,,0,,,,,0,6.0,6.0,6.0,0.0,3,0.0,0.0,0.0,0.0,3,,,,,0,0.4444444444444445,0.6666666666666667,0.33333333333333337,0.15713484026367724,19.333333333333332,23.0,16.0,2.8674417556808756,3.0,3.0,3.0,0.0,-2.978791806927784,-2.9355072658247128,-3.000434077479319,0.030606792534529116,-1.2131829615358798,-1.1591851107329938,-1.3011746881570874,0.06275320825334622,0.02958481749653702,0.03898169298032316,0.022496720618110377,0.006925143677554239,0.0,0.0,0.0,0.0,0.0,0.0,0.0,0.0,1.0,2,0.639420496651104,0.6621720673688067,0.5970412621443343,0.02999376976039662,0.8810211946050096,0.888728323699422,0.8742774566473989,0.005938741814035635,0.7692471920174383,0.8055350525869326,0.7109206172969401,0.04165134277453955,0.9794542810709093,0.9820374647164486,0.9777264562483962,0.0018609903349205523,0.12982669536633432,0.19424464402410768,0.04874854992813338,0.06055548401737632,0.09843308646589961,0.1034489996009973,0.09330914101702659,0.004140284713345678,0.6666666666666666,0.6666666666666666,0.6666666666666666,0.0,0.5555555555555555,0.7777777777777777,0.4444444444444444,0.1571348402636772,3,0.3333333333333333,1.0,0.0,0.4714045207910317,3,0.42628033110073593,0.4414480449125378,0.39802750809622284,0.019995846506931085,0.4298082971375772,0.6154445936865659,0.31596471879864,0.13238251308666826,0.06474821467470256,0.19424464402410768,0.0,0.09156780333240902,0.1886455068985621,0.22007562220096588,0.16730009019374847,0.022694934148606592,0.7930814226468405,0.8555478453636169,0.7389410138130188,0.047967212214537834,0.6044359157482783,0.6882477551698685,0.5188653916120529,0.06916124155455915,0.12576367126570806,0.14671708146731058,0.11153339346249898,0.01512995609907106,0.4475415039945531,0.6654261019494797,0.32841822836134166,0.15429177080054074,0.22941591838995615,0.6882477551698685,0.0,0.32444310321135517,0.0,0.6666666666666666,0.3333333333333333,1.0,1.0,1.0,0.0,3,-2.179333778210665,-0.6020599913279624,-3.000434077479319,1.115615920111213,3,,,,,0
seed1_i6,1,6,6,6,gen_query.predict,2,0.4333333333333333,0,,,,,0,,,,,0,,,,,0,7.0,7.0,7.0,0.0,3,0.0,0.0,0.0,0.0,3,,,,,0,0.3333333333333333,0.33333333333333337,0.33333333333333337,5.551115123125783e-17,24.333333333333332,29.0,22.0,3.299831645537222,3.0,3.0,3.0,0.0,-2.7275705809678037,-2.1818435879447726,-3.000434077479319,0.38588725744312874,-1.1978229920921024,-0.9279678597575783,-1.5063160057857354,0.23768509827149037,0.029760029941429744,0.032208558799871355,0.028143751856977473,0.0017607091154520616,0.0,0.0,0.0,0.0,0.0,0.0,0.0,0.0,1.0,2,0.6600918605482912,0.6696538440568194,0.6551833471923495,0.0067621450355105075,0.8956834532374099,0.8992805755395683,0.8896882494004796,0.004267417366918963,0.829560179668928,0.8496104481163278,0.7993557500760811,0.02173651168280193,0.9904318086883878,0.990953947368421,0.990170739348371,0.0003692078013713877,0.1694683191206369,0.18427595041867073,0.14417240288373157,0.01797362367361315,0.0947483554509776,0.10126569796794138,0.09089016380880266,0.00463438164181813,0.4444444444444444,0.6666666666666666,0.0,0.31426968052735443,0.611111111111111,0.7777777777777777,0.4444444444444444,0.16666666666666663,2,0.5,1.0,0.0,0.5,2,0.2944082647220375,0.4464358960378796,0.0,0.2082153306790003,0.5080386742843677,0.6608081263126994,0.355269222256036,0.15276945202833167,0.08997830202975421,0.17995660405950842,0.0,0.08997830202975421,0.15624177952607474,0.19499421119689941,0.13513512909412384,0.027438508513818675,0.7569403847058614,0.7629440426826477,0.7472133040428162,0.006940794474894218,0.6006986051797867,0.6243480443954468,0.565669596195221,0.02527068165405239,0.07336207562022738,0.12999614079793292,0.0,0.05437290321237127,0.461861103773117,0.5916274057494268,0.33209480179680717,0.12976630197630984,0.2828347980976105,0.565669596195221,0.0,0.2828347980976105,0.0,0.3333333333333333,0.3333333333333333,1.0,1.0,1.0,0.0,2,-3.000434077479319,-3.000434077479319,-3.000434077479319,0.0,2,,,,,0
seed1_i7,1,7,7,7,append_notes.predict,2,0.4333333333333333,0,,,,,0,,,,,0,,,,,0,8.0,8.0,8.0,0.0,3,0.0,0.0,0.0,0.0,3,,,,,0,0.4444444444444445,0.6666666666666667,0.33333333333333337,0.15713484026367724,20.0,25.0,12.0,5.715476066494082,3.0,3.0,3.0,0.0,-1.714712712554529,-0.9030899869919435,-2.4149733479708178,0.6222266257254443,-0.7779411815660952,-0.4013733275519749,-0.9684186829161504,0.266279706669507,0.02830270931507133,0.03986017244817322,0.01115569100406593,0.01236713815073091,0.0,0.0,0.0,0.0,0.0,0.0,0.0,0.0,1.0,0,0.6775887772870409,0.700562296386673,0.6548536908880399,0.018661221677978207,0.9120762711864407,0.9184322033898306,0.9088983050847458,0.004494322761778918,0.774829706083795,0.7972223580217387,0.7457545543524331,0.021536411899421615,0.9873419275629222,0.9896500920810313,0.985377532228361,0.0017611217755227294,0.09724092879675421,0.11987201343532905,0.08094990949054037,0.016510196146345205,0.07526565637648135,0.0780998532946281,0.07121788869120071,0.0029376776208243447,0.5,0.8333333333333333,0.0,0.3600411499115478,0.75,0.7777777777777777,0.7222222222222222,0.027777777777777735,2,0.75,1.0,0.5,0.25,2,0.34512293668216687,0.5838019136555608,0.0,0.2499385337982599,0.5922436580196699,0.6200618340169078,0.5644254820224319,0.027818175997237963,0.08017348409029962,0.11987201343532905,0.040474954745270186,0.03969852934502943,0.16116800407568613,0.18280835449695587,0.13484705984592438,0.019857868548778274,0.8114953637123108,0.8465407490730286,0.7631532549858093,0.03531732985127971,0.6503273596366247,0.6637323945760727,0.628306195139885,0.015693569129512117,0.08669313374492855,0.13820716490348178,0.0,0.06166296593446017,0.6270518783066008,0.6584205826123555,0.595683174000846,0.031368704305754724,0.4966020695865154,0.6637323945760727,0.32947174459695816,0.16713032498955727,0.0,0.3333333333333333,0.3333333333333333,1.0,1.0,1.0,0.0,2,-1.7470772970092212,-1.0791812460476249,-2.4149733479708178,0.6678960509615964,2,0.0,0.0,0.0,0.0,1
seed1_i8,1,8,8,8,gen_query.predict,1,0.4333333333333333,0,,,,,0,,,,,0,,,,,0,9.0,9.0,9.0,0.0,3,0.0,0.0,0.0,0.0,3,,,,,0,0.4444444444444445,0.6666666666666667,0.33333333333333337,0.15713484026367724,18.333333333333332,22.0,16.0,2.6246692913372702,3.0,3.0,3.0,0.0,-3.000434077479319,-3.000434077479319,-3.000434077479319,0.0,-1.6094518165510212,-1.2008313562690938,-1.8333737200325742,0.28938167202039433,0.03342472613409546,0.035001688499377445,0.032266163642194125,0.0011552973359271828,0.0,0.0,0.0,0.0,0.0,0.0,0.0,0.0,1.0,3,0.6826950624828171,0.7092354461363062,0.6531175445260994,0.023010473830629086,0.9211195928753181,0.924618320610687,0.9179389312977099,0.002736108545497052,0.8534621840473448,0.879204880382726,0.8381574329900942,0.01831094864800219,0.9939257013189057,0.9956300722375814,0.9922411486667261,0.001383593224190751,0.17076712156452759,0.19347268359668024,0.13378879263290777,0.026373289724880924,0.07280610844358759,0.07430221736901621,0.07101175162689433,0.0013597806326762875,0.5555555555555555,0.8333333333333333,0.0,0.3928371006591931,0.7222222222222222,0.7222222222222222,0.7222222222222222,0.0,2,0.5,0.5,0.5,0.0,2,0.3719027059200403,0.5714434973217047,0.0,0.26320890288912496,0.6201586131624073,0.6349813024986355,0.6053359238261791,0.014822689336228212,0.09462814301516875,0.09673634179834012,0.09251994423199739,0.0021081987831713667,0.1561005860567093,0.18232335150241852,0.13178257644176483,0.020677097749507347,0.7307123343149821,0.752377986907959,0.6950230002403259,0.025428282883904255,0.5746117482582728,0.6129534393548965,0.5408271700143814,0.029621221451402453,0.09347755048010083,0.1519361262520154,0.0,0.06678768877234052,0.5226725786924362,0.5433841016557481,0.5019610557291243,0.020711522963311912,0.27772045135498047,0.28502731770277023,0.2704135850071907,0.007306866347789764,0.0,0.6666666666666666,0.0,1.0,1.0,1.0,0.0,2,-2.2903370647646453,-2.1986570869544226,-2.3820170425748683,0.09167997781022286,2,0.0,0.0,0.0,0.0,2
seed1_i9,1,9,9,9,append_notes.predict,1,0.4333333333333333,0,,,,,0,,,,,0,,,,,0,10.0,10.0,10.0,0.0,3,0.0,0.0,0.0,0.0,3,,,,,0,0.5555555555555556,0.6666666666666667,0.33333333333333337,0.15713484026367724,35.666666666666664,45.0,30.0,6.649979114420001,3.0,3.0,3.0,0.0,-3.000434077479319,-3.000434077479319,-3.000434077479319,0.0,-1.8645524379547933,-1.725508445511667,-2.0002893849862127,0.11220321916547912,0.032664304216443785,0.03726086160171408,0.024084220028944215,0.0060721953812642865,0.0,0.0,0.0,0.0,0.0,0.0,0.0,0.0,1.0,4,0.7217321125834393,0.7380365243823395,0.6933038158910225,0.020174162368827346,0.9272463768115942,0.9321739130434783,0.9208695652173913,0.004727393168202951,0.8171326588669162,0.8278518933920712,0.7963983607159401,0.014664180941419748,0.9895629672225418,0.9912018401380104,0.9880678550891316,0.0012834759947092762,0.09540054628347694,0.13384390660171486,0.05836183633360059,0.030831428931996634,0.0623165904109475,0.06719828987174037,0.05724529339700479,0.004065504899406305,0.7777777777777777,0.8333333333333333,0.6666666666666666,0.0785674201318386,0.574074074074074,0.7222222222222222,0.4444444444444444,0.11415581486979585,3,0.16666666666666666,0.5,0.0,0.23570226039551584,3,0.5606736495152573,0.6150304369852828,0.4892373316513039,0.05275578392460371,0.46925405827225103,0.5973844662447547,0.3679341748409205,0.09557183066837127,0.022307317766952477,0.06692195330085743,0.0,0.03154731132619049,0.23413518071174622,0.24847710132598877,0.22074063122272491,0.011343164681398505,0.8376890420913696,0.9095029830932617,0.8011748194694519,0.05078254520866957,0.6035538613796234,0.661025881767273,0.5679870098829269,0.04101979390882586,0.18130836718612245,0.19432317465543744,0.1656514008839925,0.011853365352607564,0.4762746901423842,0.5795034004582299,0.4042235480414496,0.07487673085660478,0.09694144874811172,0.2908243462443352,0.0,0.1370959115756759,0.0,1.0,0.0,1.0,1.0,1.0,0.0,3,-2.492663136559433,-1.4771212547196624,-3.000434077479319,0.7180965512278497,3,0.0,0.0,0.0,0.0,2
seed1_i10,1,10,10,10,gen_query.predict,2,0.4333333333333333,0,,,,,0,,,,,0,,,,,0,11.0,11.0,11.0,0.0,3,0.0,0.0,0.0,0.0,3,,,,,0,0.4444444444444445,0.6666666666666667,0.33333333333333337,0.15713484026367724,28.333333333333332,32.0,26.0,2.6246692913372702,3.0,3.0,3.0,0.0,-2.382332063545625,-1.146128035678238,-3.000434077479319,0.8741282510351532,-1.6178961405905277,-0.8157193437807398,-2.2009760487622,0.586365426238735,0.04014541509835503,0.05140696632522506,0.028799262702172042,0.00922975022397096,0.0,0.0,0.0,0.0,0.0,0.0,0.0,0.0,1.0,3,0.709940453176034,0.7760827046123738,0.6542802427650838,0.05027500914011917,0.9335839598997494,0.9360902255639098,0.9308270676691729,0.0021559712448728486,0.8385878478310428,0.8818311887588912,0.8088799712874678,0.03128233398916158,0.9947228712666698,0.9950407705879548,0.9943970244623528,0.00026286833259487523,0.1286473946550087,0.17077214068168545,0.10574848414651739,0.029824414393022778,0.06113891136692048,0.0635699567931799,0.058950545024045065,0.0018936580343063387,0.5555555555555555,0.8333333333333333,0.0,0.3928371006591931,0.6388888888888888,0.7222222222222222,0.5555555555555555,0.08333333333333337,2,0.25,0.5,0.0,0.25,2,0.376038515254369,0.5828820101255371,0.0,0.26634323171908647,0.5226244638245188,0.5958711658226666,0.44937776182637096,0.07324670199814784,0.04269303517042136,0.08538607034084272,0.0,0.04269303517042136,0.15707182884216309,0.16925685107707977,0.1356704980134964,0.015181480738042687,0.7338463664054871,0.8294159770011902,0.6544705033302307,0.07233329239732825,0.576774537563324,0.6601591259241104,0.5188000053167343,0.06044200227500546,0.08387739873594707,0.1385734478632609,0.0,0.06021801218303336,0.44094969663355077,0.5183046691947513,0.36359472407235033,0.07735497256120047,0.1378411203622818,0.2756822407245636,0.0,0.1378411203622818,0.0,0.6666666666666666,0.0,1.0,1.0,1.0,0.0,2,-2.0398076617634717,-1.0791812460476249,-3.000434077479319,0.960626415715847,2,0.0,0.0,0.0,0.0,2
seed1_i11,1,11,11,11,gen_query.predict,1,0.4333333333333333,1,,,,,0,,,,,0,,,,,0,12.0,12.0,12.0,0.0,3,0.0,0.0,0.0,0.0,3,,,,,0,0.4444444444444445,0.6666666666666667,0.33333333333333337,0.15713484026367724,18.666666666666668,22.0,17.0,2.3570226039551585,3.0,3.0,3.0,0.0,-3.000434077479319,-3.000434077479319,-3.000434077479319,0.0,-1.1943878066049063,-1.1004880243811,-1.3821873710525188,0.13279434552478692,0.028652454483451315,0.03189627861076998,0.02390329040654404,0.003432346270516651,0.0,0.0,0.0,0.0,0.0,0.0,0.0,0.0,1.0,3,0.7162686059372572,0.7336010366935106,0.7027361442588423,0.012883845699047785,0.9410540915395286,0.9438280166435506,0.9389736477115118,0.002041553598318965,0.8867371118446044,0.8945150117435196,0.8797280221757905,0.00606119168681448,0.9958814658307115,0.9960728475300278,0.9957742920790942,0.00013565169408531204,0.17046850590734716,0.18204637488410103,0.15236726492099228,0.01296477738161643,0.05482737429118293,0.05709919981851597,0.05194627543554353,0.0021473344585938945,0.4444444444444444,0.6666666666666666,0.0,0.31426968052735443,0.611111111111111,0.7777777777777777,0.4444444444444444,0.16666666666666663,2,0.5,1.0,0.0,0.5,2,0.3213488163450953,0.48906735779567373,0.0,0.2273007055839379,0.5433243421264221,0.68908645681128,0.3975622274415642,0.1457621146848579,0.07618363246049614,0.15236726492099228,0.0,0.07618363246049614,0.20486105481783548,0.28850057721138,0.14124612510204315,0.061761404617218456,0.7739077806472778,0.8385553359985352,0.6790536046028137,0.06852994737016156,0.5690467258294424,0.6628682762384415,0.4942171424627304,0.07014899543143717,0.10518600874476962,0.19233371814091998,0.0,0.07954914609229741,0.47700565391116667,0.6522097057766384,0.30180160204569495,0.17520405186547172,0.2750273793935776,0.5500547587871552,0.0,0.2750273793935776,0.0,0.3333333333333333,0.3333333333333333,1.0,1.0,1.0,0.0,2,-3.000434077479319,-3.000434077479319,-3.000434077479319,0.0,2,,,,,0
seed1_i12,1,12,12,12,append_notes.predict,3,0.36666666666666664,0,,,,,0,,,,,0,,,,,0,13.0,13.0,13.0,0.0,3,0.0,0.0,0.0,0.0,3,,,,,0,0.3333333333333333,0.33333333333333337,0.33333333333333337,5.551115123125783e-17,19.666666666666668,27.0,11.0,6.599663291074443,3.0,3.0,3.0,0.0,-1.0625069069454878,-0.8450980400142568,-1.3424226808222062,0.20778720629626174,-0.4740779963204542,-0.38204267855941265,-0.5478175588287292,0.06890272721877999,0.031582050842516175,0.034652260919818996,0.027804898341051962,0.0028397675098012476,0.0,0.0,0.0,0.0,0.0,0.0,0.0,0.0,1.0,0,0.7070446525142856,0.7442529577121912,0.64222448379289,0.04600191030819818,0.9455477258167843,0.9481101857783472,0.9436258808456118,0.0018859194675053732,0.7506438884025299,0.8069797011160659,0.6852004951779582,0.05013152545589623,0.9922548556961267,0.9934383497000068,0.9916631086941866,0.0008368566356372418,0.04359923588824429,0.07232318507829016,0.015498511201374465,0.02320276128525045,0.04670712987934256,0.048531238873613436,0.043552922915839454,0.0022394609321104543,0.2222222222222222,0.6666666666666666,0.0,0.31426968052735443,0.7777777777777777,0.7777777777777777,0.7777777777777777,0.0,1,1.0,1.0,1.0,0.0,1,0.16325700356395015,0.4897710106918505,0.0,0.23088026859253105,0.6276508786458289,0.6276508786458289,0.6276508786458289,0.0,0.07232318507829016,0.07232318507829016,0.07232318507829016,0.0,0.18022355437278748,0.22085446119308472,0.14872078597545624,0.030147514639432535,0.7727311849594116,0.8665927052497864,0.7101638913154602,0.06758693129727222,0.5925076305866241,0.6457382440567017,0.561443105340004,0.037814628590572344,0.04907876915401882,0.14723630746205646,0.0,0.06940786096219173,0.6740165485276115,0.6740165485276115,0.6740165485276115,0.0,0.6457382440567017,0.6457382440567017,0.6457382440567017,0.0,0.0,0.0,0.3333333333333333,1.0,1.0,1.0,0.0,1,-1.3424226808222062,-1.3424226808222062,-1.3424226808222062,0.0,1,,,,,0
seed1_i13,1,13,13,13,gen_query.predict,3,0.36666666666666664,0,,,,,0,,,,,0,,,,,0,14.0,14.0,14.0,0.0,3,0.0,0.0,0.0,0.0,3,,,,,0,0.5555555555555556,0.6666666666666667,0.33333333333333337,0.15713484026367724,25.333333333333332,37.0,17.0,8.498365855987975,3.0,3.0,3.0,0.0,-2.5793361166020223,-1.9637878273455553,-3.000434077479319,0.44498468860113516,-1.5693784442095648,-1.156312601888487,-2.0002893849862127,0.34478306054306385,0.028954639376595277,0.030192740069248835,0.02727694135244155,0.0012302858474436758,0.0,0.0,0.0,0.0,0.0,0.0,0.0,0.0,1.0,2,0.711960275073516,0.7581057071216125,0.6439507755031646,0.04910101960697234,0.9492710205712004,0.951467944877172,0.9466746554823248,0.0019771310039168604,0.8461189038871719,0.8761962899799706,0.8285778406955325,0.021365840680476297,0.9961923326835608,0.9964717348927875,0.9959844054580896,0.00020527055229280683,0.13415862881365595,0.1896318054828483,0.09475349809976152,0.0403659087067792,0.04692131211236039,0.049446202217480306,0.04451646058091763,0.0020143477182771852,0.7222222222222222,0.8333333333333333,0.6666666666666666,0.0785674201318386,0.5925925925925926,0.7777777777777777,0.4444444444444444,0.13857990321384966,3,0.3333333333333333,1.0,0.0,0.4714045207910317,3,0.5167571671113225,0.631754755934677,0.4293005170021097,0.08491488756153953,0.5011248473920026,0.6483420074335655,0.3682568180869033,0.11479358718298974,0.0632106018276161,0.1896318054828483,0.0,0.08939329039038023,0.14799699683984122,0.17382852733135223,0.11960554122924805,0.02221032744646398,0.7330789566040039,0.7763236165046692,0.6647939682006836,0.04885338030845179,0.5850819597641627,0.6385137438774109,0.5142370462417603,0.05220847441217883,0.10832180496719147,0.14485710610946018,0.07973702748616536,0.027173078341647987,0.4284315926057321,0.5170619752671983,0.3369419044918484,0.0735615012298414,0.17141234874725342,0.5142370462417603,0.0,0.2424136683565926,0.0,0.6666666666666666,0.3333333333333333,1.0,1.0,1.0,0.0,3,-2.426456833593473,-1.505149978319906,-3.000434077479319,0.6580005210280627,3,0.0,0.0,0.0,0.0,1
seed1_i14,1,14,14,14,gen_query.predict,0,0.4333333333333333,0,,,,,0,,,,,0,,,,,0,15.0,15.0,15.0,0.0,3,0.0,0.0,0.0,0.0,3,,,,,0,0.5555555555555557,0.6666666666666667,0.33333333333333337,0.15713484026367724,23.333333333333332,26.0,21.0,2.0548046676563256,3.0,3.0,3.0,0.0,-2.0117725492417704,-1.414973347970818,-2.8721562727482928,0.6234062984054483,-1.3987615094854144,-0.9747597620206273,-1.8989775784079461,0.38113961582634803,0.027333778086353604,0.03556592034491762,0.02168654331807165,0.005953743176261591,0.0,0.0,0.0,0.0,0.0,0.0,0.0,0.0,1.0,0,0.7468205174474667,0.7750301373892922,0.7009113087384499,0.03274504310618626,0.9521147754797838,0.9547233091112354,0.9496925656791504,0.0020580139774897172,0.8873783386755494,0.9143047819673865,0.873525597257499,0.019042526739104604,0.9965738703886319,0.9968709701888796,0.9961124175073959,0.0003307662760613662,0.14055782122808272,0.17339332806331287,0.09849545986820685,0.0312652501280799,0.04445909490884792,0.04704565779046954,0.04214766107764423,0.002009040392077737,0.5,0.8333333333333333,0.0,0.3600411499115478,0.75,0.7777777777777777,0.7222222222222222,0.027777777777777735,2,0.75,1.0,0.5,0.25,2,0.36812476477928274,0.637100088512215,0.0,0.26937840725198053,0.6701729744666861,0.680014717512482,0.6603312314208902,0.009841743045795881,0.12414283296983855,0.17339332806331287,0.07489233787636423,0.04925049509347432,0.15149450302124023,0.1803157478570938,0.13362884521484375,0.020574018971374883,0.7424502571423849,0.7720701694488525,0.7135990262031555,0.02387693170402428,0.5909557541211446,0.6080527305603027,0.5730601102113724,0.014296835827495925,0.06873388671212725,0.11711576332648595,0.0,0.04993114419645734,0.5461202611525853,0.5768634478251139,0.5153770744800568,0.030743186672528566,0.44729139283299446,0.6080527305603027,0.2865300551056862,0.16076133772730827,0.0,0.3333333333333333,0.3333333333333333,1.0,1.0,1.0,0.0,2,-2.2864822447408732,-1.7481880270062005,-2.824776462475546,0.5382942177346727,2,0.0,0.0,0.0,0.0,1
seed1_i15,1,15,15,15,append_notes.predict,2,0.4333333333333333,1,,,,,0,,,,,0,,,,,0,16.0,16.0,16.0,0.0,3,0.0,0.0,0.0,0.0,3,,,,,0,0.3333333333333333,0.33333333333333337,0.33333333333333337,5.551115123125783e-17,20.333333333333332,28.0,13.0,6.128258770283411,3.0,3.0,3.0,0.0,-1.982809212547214,-1.591064607026499,-2.403120521175818,0.33213525791065124,-0.9460306062572399,-0.7310415327848205,-1.3552927842857974,0.2895156134137893,0.025659703458012915,0.04018564317271363,0.008918015255404201,0.012860748939183828,0.0,0.0,0.0,0.0,0.0,0.0,0.0,0.0,1.0,0,0.7522417085121234,0.7665960157723927,0.7360428716403394,0.01254127508680359,0.9542897327707455,0.955168776371308,0.9535864978902954,0.0006578159962682806,0.790051073583765,0.8126224618070804,0.770345693216917,0.017377989745298607,0.9923659403492504,0.9940287436254056,0.9905424200278165,0.0014278154720315786,0.03780936507164171,0.05853622368344236,0.02058904995490518,0.015689038295532497,0.03807620757850505,0.04044224573511024,0.03537364365650841,0.0020828856507068764,0.4444444444444444,0.6666666666666666,0.0,0.31426968052735443,0.611111111111111,0.7777777777777777,0.4444444444444444,0.16666666666666663,2,0.5,1.0,0.0,0.5,2,0.3379293897546735,0.5110640105149284,0.0,0.23897641812090098,0.4909498608643752,0.6320396925166181,0.3498600292121324,0.14108983165224284,0.02926811184172118,0.05853622368344236,0.0,0.02926811184172118,0.1670479973157247,0.2216341495513916,0.11860549449920654,0.042285019109251046,0.6833856900533041,0.6962101459503174,0.6714451313018799,0.010129575287487511,0.5163376927375793,0.5638962984085083,0.4745759963989258,0.036694524624487905,0.0756088097890218,0.14775609970092773,0.0,0.060370814359271184,0.42013072967529297,0.5308347278171115,0.3094267315334744,0.11070399814181855,0.28194814920425415,0.5638962984085083,0.0,0.28194814920425415,0.0,0.3333333333333333,0.3333333333333333,1.0,1.0,1.0,0.0,2,-2.1786815153075714,-1.954242509439325,-2.403120521175818,0.2244390058682465,2,,,,,0
seed1_i16,1,16,16,16,gen_query.predict,4,0.5333333333333333,1,,,,,0,,,,,0,,,,,0,17.0,17.0,17.0,0.0,3,0.0,0.0,0.0,0.0,3,,,,,0,0.4444444444444445,0.6666666666666667,0.33333333333333337,0.15713484026367724,20.333333333333332,23.0,17.0,2.494438257849294,3.0,3.0,3.0,0.0,-2.846648084583805,-2.5390760987927767,-3.000434077479319,0.21748623685584836,-1.3232400123512842,-1.1057424497254735,-1.7047924765953855,0.27067907409815384,0.03032463325893789,0.03626093880427703,0.024279880727762826,0.004891847552800084,0.0,0.0,0.0,0.0,0.0,0.0,0.0,0.0,1.0,2,0.711277371594063,0.7375749719071129,0.6811202575814351,0.023208555561780694,0.9571428571428572,0.9576354679802955,0.9566502463054187,0.00040221506449639817,0.8623434492870974,0.8709640637010375,0.8541208101766596,0.006881985448897979,0.9966446760572513,0.9970174898286678,0.9964501645243382,0.00026370218862027846,0.15106607769303448,0.1730005525952245,0.12437050207648226,0.02013655901377858,0.03950181891439408,0.03979991821891948,0.03932351667589051,0.000212136921697089,0.2222222222222222,0.6666666666666666,0.0,0.31426968052735443,0.4444444444444444,0.4444444444444444,0.4444444444444444,0.0,1,0.0,0.0,0.0,0.0,1,0.1513600572403189,0.4540801717209567,0.0,0.214055445750827,0.3796092489674043,0.3796092489674043,0.3796092489674043,0.0,0.0,0.0,0.0,0.0,0.16871350506941477,0.1868676394224167,0.15468738973140717,0.013457897886496378,0.7056025465329488,0.7269843220710754,0.6711029410362244,0.024627089200141217,0.536889041463534,0.5722969323396683,0.5065174549818039,0.0270894589811027,0.03657455245653788,0.10972365736961365,0.0,0.05172422812176208,0.2982679737938775,0.2982679737938775,0.2982679737938775,0.0,0.0,0.0,0.0,0.0,0.0,0.3333333333333333,0.0,1.0,1.0,1.0,0.0,1,-2.5390760987927767,-2.5390760987927767,-2.5390760987927767,0.0,1,,,,,0
seed1_i17,1,17,17,17,append_notes.predict,0,0.4333333333333333,0,,,,,0,,,,,0,,,,,0,18.0,18.0,18.0,0.0,3,0.0,0.0,0.0,0.0,3,,,,,0,0.3333333333333333,0.33333333333333337,0.33333333333333337,5.551115123125783e-17,20.0,24.0,15.0,3.7416573867739413,3.0,3.0,3.0,0.0,-2.045188909618698,-1.1760912590556813,-3.000434077479319,0.7472718050062199,-1.2629564367129147,-0.5927170834612147,-1.8465033920906986,0.5155137927760575,0.030046732555119415,0.03839777611607063,0.021269330514745693,0.0069991546320070435,0.0,0.0,0.0,0.0,0.0,0.0,0.0,0.0,1.0,1,0.7233584403763346,0.7495270649749507,0.6733679178073597,0.03536161800131444,0.9604283054003724,0.9618249534450651,0.9590316573556797,0.0011403583532509788,0.7973354581991816,0.813605766881432,0.7723502341587557,0.017934455801298144,0.9941935552168023,0.9946328760162602,0.9934737042682927,0.0005131228954266895,0.073977017822847,0.14023784907407233,0.022823169183805003,0.04911019891473388,0.033765249816429775,0.03544242801017394,0.032807922571195025,0.0011899002109574319,0.5,0.8333333333333333,0.0,0.3600411499115478,0.75,0.7777777777777777,0.7222222222222222,0.027777777777777735,2,0.75,1.0,0.5,0.25,2,0.35360821382981117,0.5611399315061331,0.0,0.2512943330426656,0.5941605068800332,0.6007168487901432,0.5876041649699232,0.0065563419101100084,0.046471046860420584,0.07011892453703616,0.022823169183805003,0.02364787767661558,0.15484285354614258,0.19595448672771454,0.13056790828704834,0.029228487304837028,0.6554449995358785,0.675088107585907,0.6436840891838074,0.013979744236146714,0.500602145989736,0.5169948935508728,0.47913362085819244,0.01586803140353917,0.08509983867406845,0.16329540560642877,0.0,0.06684359405485084,0.4941034068663914,0.5006431804762945,0.4875636332564884,0.006539773609903071,0.37262236699461937,0.5056779235601425,0.23956681042909622,0.13305555656552315,0.0,0.3333333333333333,0.3333333333333333,1.0,1.0,1.0,0.0,2,-2.3066089670995273,-1.6127838567197355,-3.000434077479319,0.6938251103797917,2,0.0,0.0,0.0,0.0,1
seed1_i18,1,18,18,18,append_notes.predict,4,0.5333333333333333,1,,,,,0,,,,,0,,,,,0,19.0,19.0,19.0,0.0,3,0.0,0.0,0.0,0.0,3,,,,,0,0.5555555555555557,0.6666666666666667,0.33333333333333337,0.15713484026367724,24.0,27.0,21.0,2.449489742783178,3.0,3.0,3.0,0.0,-2.510782357333631,-1.5314789170422551,-3.000434077479319,0.6924721034693471,-1.9516338314076975,-0.8925356509068311,-2.7026927082021683,0.7704255544783759,0.029474555658018205,0.0324344126232308,0.025031286291119812,0.003199161779529673,0.0,0.0,0.0,0.0,0.0,0.0,0.0,0.0,1.0,4,0.7609181176837825,0.7914943651903097,0.7244798437423361,0.027670791298985257,0.9617388715200238,0.962929879410451,0.9606967396159,0.0009177332146745334,0.789670868582044,0.8139430058500275,0.7433413234225759,0.03277241037382085,0.9944067698371297,0.9960151857647945,0.9934793948878456,0.0011417593014231692,0.028752750898261497,0.04716286173132578,0.018861479680239768,0.013029966175205448,0.032667898317106,0.03531844614889457,0.030549515477394595,0.001982939673227211,0.7222222222222222,0.8333333333333333,0.6666666666666666,0.0785674201318386,0.7592592592592592,0.7777777777777777,0.7222222222222222,0.026189140043946166,3,0.8333333333333334,1.0,0.5,0.23570226039551584,3,0.549877642018005,0.6389834534322514,0.4829865624948907,0.06559409643292023,0.5991154347147374,0.6313442150349666,0.5781543626620034,0.02313022605546606,0.020892273943040534,0.02358143086566289,0.018861479680239768,0.0019823497575822825,0.2187648961941401,0.27272501587867737,0.12677396833896637,0.06537167504390343,0.7059921224912008,0.7447757720947266,0.6660193800926208,0.03216315466030213,0.48722722629706067,0.5392454117536545,0.45038551092147827,0.03783089061482185,0.16099465390046436,0.22727084656556445,0.08451597889264424,0.05872424851537552,0.5353128402321427,0.5500298341115315,0.5180150734053717,0.013196755094154104,0.40855210026105243,0.5392454117536545,0.2360253781080246,0.12727430452013766,0.0,0.3333333333333333,0.6666666666666666,1.0,1.0,1.0,0.0,3,-2.382332063545625,-1.146128035678238,-3.000434077479319,0.8741282510351532,3,0.0,0.0,0.0,0.0,1
seed1_i19,1,19,19,19,gen_query.predict,4,0.5333333333333333,1,,,,,0,,,,,0,,,,,0,20.0,20.0,20.0,0.0,3,0.0,0.0,0.0,0.0,3,,,,,0,0.4444444444444445,0.6666666666666667,0.33333333333333337,0.15713484026367724,20.666666666666668,26.0,17.0,3.858612300930075,3.0,3.0,3.0,0.0,-2.973837718788475,-2.9206450014067875,-3.000434077479319,0.03761293117033078,-1.498364325743988,-1.1004880243811,-1.9803168541372953,0.3640753597643323,0.02499943622475326,0.026953047834708085,0.023705878989574086,0.001405413393619489,0.0,0.0,0.0,0.0,0.0,0.0,0.0,0.0,1.0,2,0.7601236369755823,0.7952412133562875,0.6990290140556903,0.04336128867810372,0.9646080090242526,0.9653130287648054,0.9640439932318104,0.0005275884640121279,0.8616310042440655,0.8816919261050052,0.8243967843878987,0.0263549481643768,0.9971774921511386,0.9974637058955628,0.9966314843925443,0.00038623641712505854,0.10150736726848313,0.18266291204931495,0.03829610087312951,0.060287875438746676,0.03256948312688579,0.0333932929334978,0.03131845562773894,0.0008993047977755805,0.6666666666666666,0.6666666666666666,0.6666666666666666,0.0,0.6666666666666666,0.7777777777777777,0.4444444444444444,0.1571348402636772,3,0.6666666666666666,1.0,0.0,0.4714045207910317,3,0.5067490913170548,0.5301608089041916,0.4660193427037935,0.028907525785402458,0.5725125252743517,0.6857603869705595,0.39057968988412994,0.12992595376243643,0.07365300430748149,0.18266291204931495,0.0,0.07865120395320727,0.1475395436088244,0.21474391222000122,0.10579770803451538,0.04798315185629626,0.7321484883626302,0.7699874043464661,0.6752325892448425,0.04096801362327711,0.5846089447538058,0.6454277634620667,0.5531555786728859,0.0430138456581028,0.09835969573921627,0.14316260814666748,0.07053180535634358,0.0319887679041975,0.4838946682435495,0.5842864778306749,0.3422166241539849,0.10304648913413246,0.39952778071165085,0.6454277634620667,0.0,0.28500921001694535,0.0,0.3333333333333333,0.6666666666666666,1.0,1.0,1.0,0.0,3,-2.9538651879395577,-2.9206450014067875,-3.000434077479319,0.0339137638636948,3,,,,,0
seed1_i20,1,20,20,20,append_notes.predict,4,0.5333333333333333,0,,,,,0,,,,,0,,,,,0,21.0,21.0,21.0,0.0,3,0.0,0.0,0.0,0.0,3,,,,,0,0.3333333333333333,0.33333333333333337,0.33333333333333337,5.551115123125783e-17,28.333333333333332,39.0,18.0,8.576453553512405,3.0,3.0,3.0,0.0,-2.1639319237711976,-1.3979400086720377,-3.000434077479319,0.6561125820325595,-1.0076986190167574,-0.6250204211305667,-1.5999248756443,0.42469005604038806,0.033342069299645755,0.03790226357761571,0.0309475238035475,0.003225898047166439,0.0,0.0,0.0,0.0,0.0,0.0,0.0,0.0,1.0,1,0.7411239490587986,0.7698484257441596,0.7116181029502339,0.023778849520849885,0.9643631436314363,0.9666666666666667,0.9630081300813008,0.0016372691021130942,0.8326807802566067,0.8773383032938652,0.7994436347222544,0.03280968977504395,0.9955590082216611,0.9964782805722794,0.9949893183142358,0.0006562052854156303,0.09155683119780811,0.10748987754970563,0.07935508427169813,0.011785120413830195,0.03119586459022483,0.03347015049097857,0.028322651647569086,0.00214370726964086,0.6666666666666666,0.6666666666666666,0.6666666666666666,0.0,0.7777777777777777,0.7777777777777777,0.7777777777777777,0.0,3,1.0,1.0,1.0,0.0,3,0.49408263270586567,0.5132322838294396,0.4744120686334892,0.015852566347233234,0.6476406068662497,0.6823742358952284,0.6217894936728645,0.025518647602811938,0.09155683119780811,0.10748987754970563,0.07935508427169813,0.011785120413830195,0.14463309943675995,0.16093866527080536,0.1286948174238205,0.013166057472374744,0.6879324714342753,0.787127673625946,0.6216375827789307,0.07145425350170914,0.5432993719975153,0.6261890083551407,0.49294276535511017,0.059061768995091586,0.0964220662911733,0.10729244351387024,0.08579654494921365,0.008777371648249833,0.5350585888933251,0.6122104128201802,0.483495897716946,0.05557553050132934,0.5432993719975153,0.6261890083551407,0.49294276535511017,0.059061768995091586,0.0,0.0,1.0,1.0,1.0,1.0,0.0,3,-2.1639319237711976,-1.3979400086720377,-3.000434077479319,0.6561125820325595,3,,,,,0
seed1_i21,1,21,21,21,append_notes.predict,7,0.5333333333333333,0,,,,,0,,,,,0,,,,,0,22.0,22.0,22.0,0.0,3,0.0,0.0,0.0,0.0,3,,,,,0,0.5555555555555557,0.6666666666666667,0.33333333333333337,0.15713484026367724,20.0,21.0,18.0,1.4142135623730951,3.0,3.0,3.0,0.0,-3.000434077479319,-3.000434077479319,-3.000434077479319,0.0,-1.5994659079378615,-1.1004880243811,-2.3380379249235035,0.532876752894626,0.03149293588376891,0.033894095220962754,0.027883673384997476,0.0025981952195479052,0.0,0.0,0.0,0.0,0.0,0.0,0.0,0.0,1.0,3,0.7377206262700439,0.7531739561266398,0.720989846311467,0.01317012124016744,0.9674954674954676,0.9677544677544677,0.9673659673659674,0.00018314083946814036,0.7972706877246774,0.8305984139063284,0.7731724204478144,0.024335479790225358,0.9949176241716821,0.9954769286886741,0.9941394613654325,0.0005675261657799641,0.05955006145463352,0.07742445777968854,0.034174344075789675,0.01843629476538162,0.027422156676214688,0.02811096132270674,0.02677349399946516,0.0005467560354709446,0.611111111111111,0.6666666666666666,0.5,0.0785674201318386,0.6666666666666666,0.7777777777777777,0.4444444444444444,0.1571348402636772,3,0.7777777777777777,1.0,0.3333333333333333,0.3142696805273545,3,0.4517587593849477,0.5021159707510932,0.3604949231557335,0.06464850732366864,0.5325392872503169,0.6460209885938109,0.35024054614217304,0.1301879570869203,0.044649754230539664,0.07742445777968854,0.022350460836140784,0.02367258538573197,0.15665844331185022,0.2241494208574295,0.12183564901351929,0.04773143356139485,0.7110723257064819,0.8207917213439941,0.6406270861625671,0.07862005022114212,0.5544138823946317,0.5966423004865646,0.5166368260979652,0.032813411378179676,0.09755061442653339,0.14943294723828632,0.06199513003230095,0.03751681804092086,0.4818754659758673,0.6383935610453287,0.28472314940558535,0.14721649587164634,0.43960569881730605,0.5966423004865646,0.1722122753659884,0.19003365077680517,0.0,0.3333333333333333,0.6666666666666666,1.0,1.0,1.0,0.0,3,-1.5189121927488687,-0.47712125471966244,-3.000434077479319,1.0760419383062805,3,0.0,0.0,0.0,0.0,1
seed1_i22,1,22,22,22,append_notes.predict,1,0.4333333333333333,1,,,,,0,,,,,0,,,,,0,23.0,23.0,23.0,0.0,3,0.0,0.0,0.0,0.0,3,,,,,0,0.4444444444444445,0.6666666666666667,0.33333333333333337,0.15713484026367724,23.333333333333332,32.0,17.0,6.342099196813483,3.0,3.0,3.0,0.0,-3.000434077479319,-3.000434077479319,-3.000434077479319,0.0,-1.1396194152823624,-1.1004880243811,-1.1591851107329938,0.02767007186354433,0.03308420018096177,0.038245988424558945,0.02546316687199157,0.005500669439857078,0.0,0.0,0.0,0.0,0.0,0.0,0.0,0.0,1.0,3,0.7601119841367762,0.7743970857714951,0.7444810213096167,0.012250203671335547,0.9679990038600423,0.9693686963018304,0.9656331714605902,0.0016798328431368319,0.8338135460735473,0.8484167099738059,0.8253886706710022,0.010366647966872821,0.9954583267756368,0.9957730962070284,0.9950423814555838,0.0003067718287039228,0.0737015619367712,0.10393568866418923,0.05099158489950706,0.02225951709990194,0.027459322915594497,0.029926331203708134,0.025673685153753345,0.0018017489562651154,0.7222222222222222,0.8333333333333333,0.6666666666666666,0.0785674201318386,0.7037037037037036,0.7777777777777777,0.5555555555555555,0.10475656017578482,3,0.6666666666666666,1.0,0.0,0.4714045207910317,3,0.5481013794972739,0.6204008510913472,0.5076385635528109,0.05124459551955888,0.5856759647258104,0.6437163114478707,0.4713426166521143,0.08084903283390422,0.03905633238204146,0.06617741224661733,0.0,0.02830430076162085,0.14095319559176764,0.16944462060928345,0.12224964052438736,0.020472637591413073,0.648914098739624,0.6918303370475769,0.6083545684814453,0.034119559776864,0.5079609031478564,0.5606650114059448,0.4771127700805664,0.037447803640793725,0.10338238709502749,0.1412038505077362,0.08149976034959157,0.026853671147318205,0.4568178256352742,0.5380902621481153,0.3591985503832499,0.07394130774749465,0.34892331312100094,0.5606650114059448,0.0,0.2485966081030046,0.3333333333333333,0.3333333333333333,0.3333333333333333,1.0,1.0,1.0,0.0,3,-2.1593298032261,-0.47712125471966244,-3.000434077479319,1.1895010720188812,3,0.0,0.0,0.0,0.0,1
seed1_i23,1,23,23,23,gen_query.predict,7,0.5333333333333333,0,,,,,0,,,,,0,,,,,0,24.0,24.0,24.0,0.0,3,0.0,0.0,0.0,0.0,3,,,,,0,0.4444444444444445,0.6666666666666667,0.33333333333333337,0.15713484026367724,25.666666666666668,28.0,24.0,1.699673171197595,3.0,3.0,3.0,0.0,-2.5576553376314517,-1.6720978579357175,-3.000434077479319,0.626183699023322,-1.1592653884797297,-0.8754467891250141,-1.5018613519330748,0.25908799666302645,0.03045021895588686,0.031838279198543706,0.028939776488862257,0.0011864688635157624,0.0,0.0,0.0,0.0,0.0,0.0,0.0,0.0,1.0,2,0.7805753880575713,0.7911074739254746,0.7738418587640208,0.007543082515889424,0.9676956209619526,0.9694903086862886,0.9659009332376166,0.0014653563907533029,0.8535079200121799,0.8654545857026877,0.8370717460998458,0.012014245961511603,0.9975873567603465,0.9978275613581451,0.9974142681531092,0.00017527356802817502,0.07293253195460851,0.09161272693866696,0.06029491461662717,0.013480501984131992,0.029891735798393843,0.031513334915492575,0.028029932083496467,0.0014322005234585304,0.7222222222222222,0.8333333333333333,0.6666666666666666,0.0785674201318386,0.648148148148148,0.7777777777777777,0.4444444444444444,0.14581496062984833,3,0.5,1.0,0.0,0.408248290463863,3,0.5635378604541152,0.6473140262360154,0.5158945725093471,0.05942478074590775,0.552176544077696,0.6673313330708935,0.3846464825345279,0.12120246989151284,0.03234580387228166,0.0668899543085314,0.0,0.027351916965858623,0.2116586516300837,0.2872735261917114,0.13392214477062225,0.06262341169586394,0.7323623498280843,0.7897444367408752,0.6859848499298096,0.043068462284451346,0.5207036981980006,0.5874356180429459,0.4722045660018921,0.04877755459025317,0.152982450193829,0.19151568412780762,0.0892814298470815,0.045372706860498616,0.4767608752957096,0.6142456730206807,0.3206034501393636,0.12060386678727311,0.24619106451670328,0.5024709105491638,0.0,0.20525689857896123,0.0,0.6666666666666666,0.3333333333333333,1.0,1.0,1.0,0.0,3,-2.318370221465987,-0.9542425094393249,-3.000434077479319,0.9645839555785432,3,0.0,0.0,0.0,0.0,1
seed1_i24,1,24,24,24,gen_query.predict,4,0.5333333333333333,0,,,,,0,,,,,0,,,,,0,25.0,25.0,25.0,0.0,3,0.0,0.0,0.0,0.0,3,,,,,0,0.4444444444444445,0.6666666666666667,0.33333333333333337,0.15713484026367724,22.333333333333332,26.0,16.0,4.4969125210773475,3.0,3.0,3.0,0.0,-1.8121989081733583,-1.1139433523068367,-3.000434077479319,0.8445005743949678,-0.871648521092436,-0.4716577826569393,-1.5018613519330748,0.4509852232692875,0.02943669438445376,0.03439002245290102,0.024373823619565128,0.004089829619025514,0.0,0.0,0.0,0.0,0.0,0.0,0.0,0.0,1.0,1,0.7500016349884912,0.7629854027525438,0.7339981176704501,0.012025108166783177,0.9694568836835457,0.9707199448846021,0.966930761281433,0.0017862382806411903,0.8630968950476244,0.9039206474153526,0.8415473493118366,0.02888169385666944,0.9975143496112278,0.9978813119248904,0.9972997112768212,0.0002607256213608187,0.11309526005913328,0.15089926287287292,0.08083728566314041,0.028870272900708902,0.028057465927681918,0.030368949995388195,0.02664208074736929,0.0016481572558362171,0.38888888888888884,0.6666666666666666,0.0,0.2832788618662658,0.611111111111111,0.7777777777777777,0.4444444444444444,0.16666666666666663,2,0.6666666666666666,1.0,0.3333333333333333,0.33333333333333337,2,0.2902749266077462,0.4893320784469667,0.0,0.20992376802798074,0.5147845666025329,0.6545368272425395,0.3750323059625263,0.1397522606400066,0.06724749676455,0.10754923164138652,0.02694576188771347,0.040301734876836526,0.15219825754563013,0.2490166872739792,0.10027241706848145,0.06852115443179706,0.6996191740036011,0.7400209903717041,0.6452206373214722,0.03994753116504993,0.547420916457971,0.6063102260231972,0.4910043030977249,0.047105906461329804,0.0720491111278534,0.16601112484931946,0.0,0.06952244178916595,0.4311683045493231,0.5755718814002142,0.28676472769843203,0.14440357685089109,0.3363268549243609,0.4910043030977249,0.1816494067509969,0.154677448173364,0.0,0.3333333333333333,0.3333333333333333,1.0,1.0,1.0,0.0,2,-0.8116246451989503,-0.3010299956639812,-1.3222192947339193,0.510594649534969,2,0.0,0.0,0.0,0.0,1
seed1_i25,1,25,25,25,append_notes.predict,7,0.5333333333333333,1,,,,,0,,,,,0,,,,,0,26.0,26.0,26.0,0.0,3,0.0,0.0,0.0,0.0,3,,,,,0,0.4444444444444445,0.6666666666666667,0.33333333333333337,0.15713484026367724,21.333333333333332,27.0,18.0,4.0276819911981905,3.0,3.0,3.0,0.0,-2.5636880783290503,-1.6901960800285136,-3.000434077479319,0.6176521153104978,-1.7883748302639855,-0.6637420252308316,-2.820086880905956,0.8827727091751358,0.030125074353232167,0.03504614149806924,0.024466960868237884,0.0043502638755447244,0.0,0.0,0.0,0.0,0.0,0.0,0.0,0.0,1.0,3,0.725276776532649,0.757687569785417,0.6699664866005154,0.03930256412253799,0.9713403880070547,0.9722222222222222,0.9699074074074074,0.0010222242609673252,0.8199498956478145,0.8416197460408652,0.8051664138355608,0.015658393093173396,0.9961165247507505,0.9963624440277479,0.9956759193794636,0.0003122563366399979,0.09467311911516556,0.1430970404665024,0.0474788440501438,0.03904564759330989,0.02477613674369587,0.026455036620340433,0.02378438498792923,0.001193656690020126,0.7222222222222222,0.8333333333333333,0.6666666666666666,0.0785674201318386,0.648148148148148,0.7777777777777777,0.4444444444444444,0.14581496062984833,3,0.5,1.0,0.0,0.408248290463863,3,0.5207382113884612,0.5583054055004294,0.4987841821413431,0.02668985069726318,0.5291687706277037,0.626240544094325,0.37405322046260675,0.11083447586438418,0.039675788094465,0.0715485202332512,0.0,0.029726121493590784,0.1506746212641398,0.18860261142253876,0.1286787986755371,0.02693314322711554,0.6746553579966227,0.7001954913139343,0.6404907703399658,0.025125675263011307,0.5239807367324829,0.5546010136604309,0.5057483166456223,0.02178287935117286,0.1079354393813345,0.1257350742816925,0.0857858657836914,0.01659671232316398,0.4350715058821219,0.5314398540390862,0.31119799613952637,0.09199282373515608,0.26915839066108066,0.5546010136604309,0.0,0.22670752561458185,0.0,0.6666666666666666,0.3333333333333333,1.0,1.0,1.0,0.0,3,-2.264347081424644,-1.6901960800285136,-2.6434526764861874,0.41288139343858804,3,0.0,0.0,0.0,0.0,1
seed1_i26,1,26,26,26,gen_query.predict,7,0.5333333333333333,0,,,,,0,,,,,0,,,,,0,27.0,27.0,27.0,0.0,3,0.0,0.0,0.0,0.0,3,,,,,0,0.4444444444444445,0.6666666666666667,0.33333333333333337,0.15713484026367724,22.0,26.0,17.0,3.7416573867739413,3.0,3.0,3.0,0.0,-1.8369930292286434,-1.255272505103306,-3.000434077479319,0.8226770547288377,-1.0468211141778465,-0.6778079184956499,-1.684504173654246,0.45276701832250843,0.028696895444828355,0.03566035397478962,0.023372525924778415,0.005148633419557054,0.0,0.0,0.0,0.0,0.0,0.0,0.0,0.0,1.0,1,0.7310006478297063,0.7433654625424909,0.7212629628833822,0.009212545102651844,0.9721864261168385,0.9729381443298969,0.9716494845360825,0.000547575119586852,0.8727739517330001,0.9024235796762055,0.8503393384101249,0.021866784156866846,0.9977756931617071,0.997920756651161,0.9976499714708471,0.0001113904015884015,0.1417733039032938,0.17405006161295944,0.12219347457017926,0.022995440092633018,0.025589267044868635,0.026106866827030784,0.024711827140950215,0.0006237775331821001,0.5,0.8333333333333333,0.0,0.3600411499115478,0.6666666666666665,0.7777777777777777,0.5555555555555555,0.1111111111111111,2,0.5,1.0,0.0,0.5,2,0.36221160481499415,0.6010524690694852,0.0,0.260424361844876,0.5871478749880035,0.7018850064148264,0.4724107435611804,0.11473713142682301,0.08702503080647972,0.17405006161295944,0.0,0.08702503080647972,0.1338192174832026,0.17331306636333466,0.11233321577310562,0.027962444626989352,0.6406794389088949,0.7495737075805664,0.5502108931541443,0.08242577830090278,0.5068602214256922,0.6337623372673988,0.37689782679080963,0.10488682206808578,0.05693953111767769,0.09361101314425467,0.0,0.040815444837650254,0.46434914072354627,0.5830017725626627,0.3456965088844299,0.11865263183911642,0.3168811686336994,0.6337623372673988,0.0,0.3168811686336994,0.0,0.3333333333333333,0.3333333333333333,1.0,1.0,1.0,0.0,2,-1.6541754742933628,-1.255272505103306,-2.0530784434834195,0.39890296919005674,2,0.0,0.0,0.0,0.0,1
seed1_i27,1,27,27,27,append_notes.predict,4,0.5333333333333333,0,,,,,0,,,,,0,,,,,0,28.0,28.0,28.0,0.0,3,0.0,0.0,0.0,0.0,3,,,,,0,0.5555555555555556,0.6666666666666667,0.33333333333333337,0.15713484026367724,18.333333333333332,28.0,13.0,6.847546194724712,3.0,3.0,3.0,0.0,-3.000434077479319,-3.000434077479319,-3.000434077479319,0.0,-1.747832865009461,-1.5693347511924183,-2.0002893849862127,0.18354446959497162,0.028754104807400694,0.03730382963233218,0.019753777426232307,0.007171860061238098,0.0,0.0,0.0,0.0,0.0,0.0,0.0,0.0,1.0,4,0.7733620991393354,0.7902115420941748,0.7647202798580185,0.011915673917792713,0.9737141674428232,0.9745420676808445,0.9720583669667805,0.0011708277449016867,0.8121562039406159,0.8398436300521096,0.7924769375317892,0.0201494227617271,0.996178469292858,0.9965149163484702,0.9955531856140317,0.00044256935243587586,0.03879410480128057,0.07512335019409111,0.013936502143774177,0.02626349220074621,0.022464301850034934,0.02445654938168973,0.021011117933187218,0.0014573244095920413,0.7222222222222222,0.8333333333333333,0.6666666666666666,0.0785674201318386,0.7592592592592592,0.7777777777777777,0.7222222222222222,0.026189140043946166,3,0.8333333333333334,1.0,0.5,0.23570226039551584,3,0.5580591927516689,0.6372668998816821,0.5101029836438751,0.05642196673110321,0.6161243876935881,0.625448478851738,0.6065537328154125,0.00771571781907274,0.026273546435598722,0.037561675097045555,0.013936502143774177,0.009673412609406408,0.12084273497263591,0.1467697024345398,0.0972084030508995,0.020298156442375665,0.696247398853302,0.7380122542381287,0.6457313895225525,0.03817832299182831,0.5754046638806661,0.6077901497483253,0.5271812900900841,0.03476181894209802,0.08871569567256503,0.12230808536211649,0.064805602033933,0.024453275715675155,0.5278588610666769,0.5483322077327304,0.5022355251842074,0.019167991151773933,0.47686423858006793,0.6077901497483253,0.29562127590179443,0.13231579826095105,0.0,0.3333333333333333,0.6666666666666666,1.0,1.0,1.0,0.0,3,-3.000434077479319,-3.000434077479319,-3.000434077479319,0.0,3,0.0,0.0,0.0,0.0,1
seed1_i28,1,28,28,28,gen_query.predict,9,0.5666666666666667,0,,,,,0,,,,,0,,,,,0,29.0,29.0,29.0,0.0,3,0.0,0.0,0.0,0.0,3,,,,,0,0.3333333333333333,0.33333333333333337,0.33333333333333337,5.551115123125783e-17,29.666666666666668,36.0,23.0,5.312459150169742,3.0,3.0,3.0,0.0,-2.638227335780785,-1.9138138523837167,-3.000434077479319,0.5122376864930352,-1.3931517083577305,-0.7969783690344597,-2.0002893849862127,0.49131084036966305,0.03188342692823817,0.03444989300580633,0.028250448223545558,0.0026408793724738747,0.0,0.0,0.0,0.0,0.0,0.0,0.0,0.0,1.0,3,0.7603316303978059,0.7785743184853465,0.7450511932208821,0.013845123803884403,0.9750553208609937,0.9755582377791189,0.9746529873264936,0.0003763485603272978,0.8670761025302016,0.9093112754507308,0.8259540728309048,0.03403953704173927,0.9977984793803741,0.9980799658660598,0.997511066863411,0.0002322898436418792,0.10674447213239562,0.13073695696538423,0.06858469334371531,0.027279542174122484,0.02274315851938043,0.023151418085158082,0.02195282908429208,0.000558949572576729,0.5555555555555555,0.6666666666666666,0.5,0.0785674201318386,0.5185185185185185,0.7777777777777777,0.3333333333333333,0.1888525745775105,3,0.4444444444444444,1.0,0.0,0.41573970964154905,3,0.4234199440036445,0.5190495456568976,0.37252559661044105,0.06766707294455516,0.4543290406446534,0.707242103128346,0.28865431976965644,0.1816807259622622,0.05119950713776311,0.13073695696538423,0.0,0.05701062606253002,0.13100461413462958,0.15439338982105255,0.10659197717905045,0.019528269791366536,0.7368843952814738,0.7846505641937256,0.7101365923881531,0.03385667616231429,0.6058797811468443,0.6780585870146751,0.5557432025671005,0.05231098135831053,0.0728372223675251,0.0880189836025238,0.05329598858952522,0.014506902869739102,0.3807434903250799,0.556784689426422,0.23671219746271768,0.1326149202290479,0.26995236095454955,0.583837553858757,0.0,0.24036658477733813,0.0,0.6666666666666666,0.3333333333333333,1.0,1.0,1.0,0.0,3,-0.738281282682566,-0.0,-1.9138138523837167,0.8402628086471943,3,0.0,0.0,0.0,0.0,2
seed1_i29,1,29,29,29,append_notes.predict,9,0.5666666666666667,0,,,,,0,,,,,0,,,,,0,30.0,30.0,30.0,0.0,3,0.0,0.0,0.0,0.0,3,,,,,0,0.3333333333333333,0.33333333333333337,0.33333333333333337,5.551115123125783e-17,25.0,30.0,21.0,3.7416573867739413,3.0,3.0,3.0,0.0,-2.797267754020672,-2.3909351071033793,-3.000434077479319,0.28732057005269696,-1.4319120916898012,-1.0786777157058787,-1.8248834471851911,0.30593029606830924,0.03335751794082426,0.0409246655709279,0.028373490195817617,0.005439815075274851,0.0,0.0,0.0,0.0,0.0,0.0,0.0,0.0,1.0,2,0.7628951192638045,0.7734881035831505,0.7477175767457499,0.011008894700114218,0.9754816112084063,0.9769410391126678,0.9746059544658494,0.001038828395799892,0.7903907089826109,0.8054174340153324,0.7814548390477803,0.010688790897083564,0.9967739023843424,0.9970563315077348,0.9965497060698968,0.00021088800913361634,0.02749558971880654,0.0379377565528195,0.010811750301569667,0.011921239064874592,0.021292291175936045,0.02194375160404738,0.02011529239506693,0.0008338499824672185,0.8333333333333334,0.8333333333333333,0.8333333333333333,1.1102230246251565e-16,0.7222222222222222,0.8888888888888888,0.5555555555555555,0.13608276348795434,3,0.5,1.0,0.0,0.408248290463863,3,0.6357459327198369,0.6445734196526253,0.6230979806214582,0.009174078916761847,0.5695064789892438,0.6946265235980269,0.4474541300085179,0.10093101969675985,0.01304771248427176,0.033737262302030446,0.0,0.014795246427656127,0.18238190313180289,0.23964720964431763,0.1374056339263916,0.0426348861831297,0.6913458307584127,0.7063150405883789,0.6623949408531189,0.020475340021359114,0.5089639276266098,0.5689094066619873,0.42274773120880127,0.06249491598874954,0.1519849192765024,0.19970600803693134,0.11450469493865965,0.03552907181927475,0.4969201794377079,0.5887955029805501,0.39184861712985564,0.0809428790350701,0.2357341448465983,0.42274773120880127,0.0,0.17599087225349835,0.0,0.6666666666666666,0.3333333333333333,1.0,1.0,1.0,0.0,3,-1.4984685210487312,-0.8450980400142568,-2.4742162640762553,0.7030656068392345,3,0.0,0.0,0.0,0.0,3
seed1_i30,1,30,30,30,gen_query.predict,9,0.5666666666666667,0,,,,,0,,,,,0,,,,,0,31.0,31.0,31.0,0.0,3,0.0,0.0,0.0,0.0,3,,,,,0,0.4444444444444445,0.6666666666666667,0.33333333333333337,0.15713484026367724,20.0,23.0,17.0,2.449489742783178,3.0,3.0,3.0,0.0,-2.9674421587849165,-2.9014583213961123,-3.000434077479319,0.046657618866334016,-1.6763126094661611,-1.459526525371925,-1.7911153601498084,0.15338022266574466,0.036309928097288946,0.040338366036250045,0.03196491758463031,0.0034257673971239727,0.0,0.0,0.0,0.0,0.0,0.0,0.0,0.0,1.0,2,0.7652698634529852,0.805884572178876,0.7196896320118843,0.03536367476638773,0.975448536355052,0.9773371104815864,0.9722379603399434,0.0022819727995457132,0.8465488697973762,0.8496013701523507,0.8442888417070807,0.002240051909839709,0.9983167026795181,0.9983895376597312,0.9982195893725672,7.147345866067915e-05,0.08127900634439089,0.12459920969519644,0.04371679797347472,0.03327017694694805,0.02286816632446605,0.02615157731978779,0.021003870524669233,0.00232882477740093,0.7222222222222222,0.8333333333333333,0.5,0.1571348402636772,0.537037037037037,0.7222222222222222,0.3333333333333333,0.15930231976004863,3,0.16666666666666666,0.5,0.0,0.23570226039551584,3,0.5521431766365771,0.6715704768157299,0.3851176930840978,0.12169083674687234,0.4545612412761432,0.6097641634551139,0.2819187991775657,0.13440919700883405,0.020766534949199406,0.06229960484759822,0.0,0.029368315368652673,0.13069721311330795,0.1395474523305893,0.12103799730539322,0.0075780742353882885,0.6608142654101054,0.6866445541381836,0.621483564376831,0.02826286722866231,0.5301170522967974,0.5656065568327904,0.4899773746728897,0.031050081919962082,0.09430254540509647,0.1162895436088244,0.06575309485197067,0.021146827955465946,0.3585451432952174,0.48700504501660663,0.20716118812561035,0.11539000600797183,0.08912787089745204,0.2673836126923561,0.0,0.12604584380861494,0.0,1.0,0.0,1.0,1.0,1.0,0.0,3,-1.2264456768402647,-0.47712125471966244,-1.7708520116421442,0.5476789721084041,3,0.0,0.0,0.0,0.0,3
seed1_i31,1,31,31,31,append_notes.predict,9,0.5666666666666667,0,,,,,0,,,,,0,,,,,0,32.0,32.0,32.0,0.0,3,0.0,0.0,0.0,0.0,3,,,,,0,0.3333333333333333,0.33333333333333337,0.33333333333333337,5.551115123125783e-17,23.333333333333332,34.0,18.0,7.542472332656507,3.0,3.0,3.0,0.0,-2.786901212432842,-2.359835482339888,-3.000434077479319,0.3019810737611115,-1.248030730316045,-1.1004880243811,-1.3840757239460473,0.11605930632603352,0.027915473275351682,0.03837096008487317,0.018505116941639966,0.008143797403811326,0.0,0.0,0.0,0.0,0.0,0.0,0.0,0.0,1.0,2,0.7623629766478294,0.77678174253198,0.7450452969813129,0.01311750153766094,0.9753120411160059,0.9768722466960352,0.973568281938326,0.0013550681956895458,0.8052746550737725,0.8256655894257626,0.7823637720028834,0.01776746941633317,0.9970633656869884,0.9974554503772814,0.996735294823682,0.0002974663374559158,0.042911678425943234,0.08062029244444968,0.005582029470903471,0.030635414565621764,0.0217513245709825,0.023167012885355942,0.02058320368124622,0.0010692628997325327,0.6666666666666666,0.6666666666666666,0.6666666666666666,0.0,0.7777777777777777,0.7777777777777777,0.7777777777777777,0.0,3,1.0,1.0,1.0,0.0,3,0.5082419844318862,0.51785449502132,0.4966968646542086,0.008745001025107309,0.6263247317240453,0.6421843473311486,0.6085051560022426,0.013819142879370212,0.042911678425943234,0.08062029244444968,0.005582029470903471,0.030635414565621764,0.21665088832378387,0.327377051115036,0.11475050449371338,0.08702847374176301,0.7180585066477457,0.7581976056098938,0.6687345504760742,0.03709609826687719,0.5014076183239619,0.6434471011161804,0.3998663127422333,0.10348261330370943,0.14443392554918924,0.218251367410024,0.07650033632914224,0.05801898249450867,0.5584899496149133,0.5897092488076952,0.5201268725925021,0.028852520874237814,0.5014076183239619,0.6434471011161804,0.3998663127422333,0.10348261330370943,0.0,0.0,1.0,1.0,1.0,1.0,0.0,3,-2.786901212432842,-2.359835482339888,-3.000434077479319,0.3019810737611115,3,,,,,0
seed1_i32,1,32,32,32,gen_query.predict,9,0.5666666666666667,0,,,,,0,,,,,0,,,,,0,33.0,33.0,33.0,0.0,3,0.0,0.0,0.0,0.0,3,,,,,0,0.4444444444444445,0.6666666666666667,0.33333333333333337,0.15713484026367724,17.0,19.0,15.0,1.632993161855452,3.0,3.0,3.0,0.0,-3.000434077479319,-3.000434077479319,-3.000434077479319,0.0,-1.7439501293118547,-1.3182255289728813,-2.0002893849862127,0.3031185930295342,0.026556983960113884,0.03595794071180972,0.01828631420233611,0.0072585470258194175,0.0,0.0,0.0,0.0,0.0,0.0,0.0,0.0,1.0,4,0.7721406541788552,0.7899763327686674,0.7582933618582036,0.013238405749997377,0.9771713929017299,0.9777956126270733,0.9761904761904762,0.00070215871892382,0.8549632762668882,0.8987270951901197,0.829946600075902,0.031051362262189828,0.9982909640134583,0.9984259549334087,0.9981738020829354,0.00010371007552613719,0.08282262208803293,0.13057482728042513,0.046239800765975225,0.03532388735053952,0.02111957111172839,0.022235478742932524,0.02047752239695766,0.0007920476976802617,0.7777777777777777,0.8333333333333333,0.6666666666666666,0.0785674201318386,0.7407407407407408,0.7777777777777777,0.7222222222222222,0.026189140043946166,3,0.6666666666666666,1.0,0.5,0.23570226039551584,3,0.600775419154063,0.6583136106405562,0.5121015119397964,0.06362163702719757,0.6341165716592362,0.6990099629256485,0.5994058778325959,0.04592377641528504,0.06317378225742065,0.13057482728042513,0.023119900382987613,0.04794121975808395,0.14977940420309702,0.16145016252994537,0.12731142342090607,0.015891263565271298,0.615831176439921,0.6560823917388916,0.5712209343910217,0.034781389386241514,0.46605177223682404,0.49550576508045197,0.40977077186107635,0.03981112504001784,0.11589524646600087,0.1345418021082878,0.10609285285075505,0.013190907978220845,0.4569166346832558,0.5102863046858045,0.4125484526157379,0.04040579183401751,0.31561018029848736,0.49550576508045197,0.20488538593053818,0.128331601406109,0.0,0.6666666666666666,0.3333333333333333,1.0,1.0,1.0,0.0,3,-2.913480166469576,-2.739572344450092,-3.000434077479319,0.12297140025136075,3,0.0,0.0,0.0,0.0,2
seed1_i33,1,33,33,33,append_notes.predict,9,0.5666666666666667,1,0.6666666666666667,0.6666666666666667,0.6666666666666667,0.0,1,0.6666666666666667,0.6666666666666667,0.6666666666666667,0.0,1,0.22222222222222224,0.22222222222222224,0.22222222222222224,0.0,1,23.0,34.0,1.0,15.556349186104045,3,0.3333333333333333,1.0,0.0,0.4714045207910317,3,0.0,0.0,0.0,0.0,1,0.6666666666666666,0.6666666666666667,0.6666666666666667,1.1102230246251565e-16,23.0,27.0,15.0,5.656854249492381,3.0,3.0,3.0,0.0,-1.5189121927488687,-0.7781512503836436,-3.000434077479319,1.0475941711691759,-1.0113876551867318,-0.5604137457918624,-1.9133354739764703,0.6377734189426395,0.03567673859603781,0.03595794071180972,0.035536137538151845,0.00019883992294632836,0.0,0.0,0.0,0.0,0.0,0.0,0.0,0.0,0.6666666666666666,1,0.7142986522351981,0.7794946159698585,0.5839067247658769,0.09220101612554138,0.975376316018446,0.9770294962150874,0.9720699556251632,0.0023379498551368907,0.78833136923211,0.8266950854653272,0.7119690332538727,0.053996531313911314,0.996426922232568,0.9966086041529459,0.9960786985518437,0.00024630889140037847,0.07403271699691198,0.12806230848799582,0.046835373007271364,0.03820498127540852,0.021050606214122025,0.024008742926680537,0.019563967777826985,0.0020917276613286774,0.27777777777777773,0.8333333333333333,0.0,0.3928371006591931,0.7222222222222222,0.7222222222222222,0.7222222222222222,0.0,1,0.5,0.5,0.5,0.0,1,0.1621963124349658,0.4865889373048974,0.0,0.2293802248124325,0.5141998573500192,0.5141998573500192,0.5141998573500192,0.0,0.06403115424399791,0.06403115424399791,0.06403115424399791,0.0,0.1233014166355133,0.14365257322788239,0.08259910345077515,0.028780881662906974,0.5603369275728861,0.6411479115486145,0.4230661392211914,0.09757286845565488,0.43703551093737286,0.4974953383207321,0.34046703577041626,0.06900409545347436,0.022944195402993094,0.06883258620897928,0.0,0.032447992316651256,0.3055477672153049,0.3055477672153049,0.3055477672153049,0.0,0.17023351788520813,0.17023351788520813,0.17023351788520813,0.0,0.0,0.3333333333333333,0.0,0.0,0.0,0.0,0.0,1,-2.739572344450092,-2.739572344450092,-2.739572344450092,0.0,1,1.0,1.0,1.0,0.0,1
seed2_i0,2,0,0,0,gen_query.predict,0,0.4999999999999999,0,,,,,0,,,,,0,,,,,0,1.0,1.0,1.0,0.0,3,0.0,0.0,0.0,0.0,3,,,,,0,0.4444444444444445,0.6666666666666667,0.33333333333333337,0.15713484026367724,23.666666666666668,30.0,13.0,7.586537784494028,3.0,3.0,3.0,0.0,-3.000434077479319,-3.000434077479319,-3.000434077479319,0.0,-1.6893642190757872,-1.5693347511924183,-1.8248834471851911,0.10490069434087554,0.03581106752229923,0.0409246655709279,0.029204707363637592,0.0048997012924613,0.0,0.0,0.0,0.0,0.0,0.0,0.0,0.0,1.0,3,,,,,,,,,,,,,,,,,,,,,,,,,0.5,0.8333333333333333,0.0,0.3600411499115478,0.5833333333333333,0.7222222222222222,0.4444444444444444,0.1388888888888889,2,0.25,0.5,0.0,0.25,2,,,,,,,,,,,,,,,,,,,,,,,,,,,,,,,,,,,,,0.0,0.6666666666666666,0.0,1.0,1.0,1.0,0.0,2,-2.0908932200870955,-1.7075701760979363,-2.4742162640762553,0.3833230439891595,2,0.0,0.0,0.0,0.0,1
seed2_i1,2,1,1,1,append_notes.predict,0,0.4999999999999999,0,,,,,0,,,,,0,,,,,0,2.0,2.0,2.0,0.0,3,0.0,0.0,0.0,0.0,3,,,,,0,0.4444444444444445,0.6666666666666667,0.33333333333333337,0.15713484026367724,19.0,24.0,16.0,3.559026084010437,3.0,3.0,3.0,0.0,-3.000434077479319,-3.000434077479319,-3.000434077479319,0.0,-1.2342791335650916,-1.1004880243811,-1.5018613519330748,0.18920920113294049,0.032286300747975206,0.03439002245290102,0.03057260118025462,0.0015826695262216332,0.0,0.0,0.0,0.0,0.0,0.0,0.0,0.0,1.0,3,0.42568300362329164,0.4281609662745847,0.42302782623770335,0.0020993388572114946,0.6019417475728155,0.6116504854368932,0.5922330097087378,0.007927151271142968,0.6709204525102862,0.7108041705178637,0.6279971927829258,0.033874060880447074,0.9236304574960448,0.9337365960956833,0.9115572436245253,0.009160893619216421,0.2452374488869945,0.282643204243279,0.20213697442533896,0.03311229005612622,0.32168870992322934,0.3236557851951105,0.31932423391578746,0.0017905361636149596,0.5,0.8333333333333333,0.0,0.3600411499115478,0.8333333333333333,0.8888888888888888,0.7777777777777777,0.05555555555555558,2,1.0,1.0,1.0,0.0,2,0.21230068870770816,0.35488351529798895,0.0,0.1530381490157121,0.5412054167707716,0.5582197269181562,0.5241911066233869,0.017014310147384692,0.22653457120885226,0.25093216799236556,0.20213697442533896,0.024397596783513303,0.24576379855473837,0.33530282974243164,0.14444255828857422,0.07836251715770169,0.9291211167971293,1.017412543296814,0.8440951704978943,0.07079418737525736,0.683357318242391,0.7598665356636047,0.590552806854248,0.0700758500718261,0.11463467280069987,0.22353521982828775,0.0,0.0913479019087891,0.7352083788977728,0.7503068182203504,0.7201099395751952,0.015098439322577595,0.6451027095317841,0.6996526122093201,0.590552806854248,0.05454990267753601,0.0,0.0,0.6666666666666666,1.0,1.0,1.0,0.0,2,-1.65073203657165,-0.3010299956639812,-3.000434077479319,1.3497020409076688,2,0.0,0.0,0.0,0.0,1
seed2_i2,2,2,2,2,gen_query.predict,0,0.4999999999999999,1,,,,,0,,,,,0,,,,,0,3.0,3.0,3.0,0.0,3,0.0,0.0,0.0,0.0,3,,,,,0,0.3333333333333333,0.33333333333333337,0.33333333333333337,5.551115123125783e-17,24.0,26.0,23.0,1.4142135623730951,3.0,3.0,3.0,0.0,-2.287243157002005,-1.3222192947339193,-3.000434077479319,0.7078917465189823,-1.0161145221899515,-0.6414264286872938,-1.3011746881570874,0.2766969648238425,0.03492962295516511,0.03898169298032316,0.02954623708089513,0.0039653716450529794,0.0,0.0,0.0,0.0,0.0,0.0,0.0,0.0,1.0,1,0.5739176938232312,0.6415782992349985,0.5345346921306766,0.04805760855162429,0.7551789077212806,0.7655367231638418,0.7401129943502824,0.01090003474839007,0.8041649870391853,0.8352582855398656,0.7753164297619861,0.024522583685170993,0.9791574279379157,0.9817073170731707,0.9758314855875831,0.0024607644958738344,0.23024729321595405,0.2896181954358469,0.13373813052698758,0.06884323472934295,0.22397852021663514,0.2357184912373007,0.2143967579891516,0.0088373252391031,0.5,0.8333333333333333,0.0,0.3600411499115478,0.75,0.7777777777777777,0.7222222222222222,0.027777777777777735,2,0.75,1.0,0.5,0.25,2,0.29105481431074315,0.4454455767755638,0.0,0.205934031132039,0.5910942558964434,0.603023889814878,0.5791646219780087,0.011929633918434657,0.1337154536847507,0.13373813052698758,0.13369277684251385,2.2676842236862838e-05,0.24246871968110403,0.2765754163265228,0.18911345303058624,0.03821238317025723,0.7447351813316345,0.787540853023529,0.7164008021354675,0.03079275282661675,0.5022664616505305,0.5411504358053207,0.4398253858089447,0.044593678319567114,0.11399271835883458,0.18438361088434854,0.0,0.08134358570363588,0.5423067162434259,0.5572006238831413,0.5274128086037105,0.014893907639715376,0.35520030185580254,0.4398253858089447,0.27057521790266037,0.08462508395314217,0.0,0.3333333333333333,0.3333333333333333,1.0,1.0,1.0,0.0,2,-0.9621396430309408,-0.6020599913279624,-1.3222192947339193,0.36007965170297845,2,0.0,0.0,0.0,0.0,1
seed2_i3,2,3,3,3,append_notes.predict,0,0.4999999999999999,1,,,,,0,,,,,0,,,,,0,4.0,4.0,4.0,0.0,3,0.0,0.0,0.0,0.0,3,,,,,0,0.3333333333333333,0.33333333333333337,0.33333333333333337,5.551115123125783e-17,23.0,29.0,18.0,4.546060565661952,3.0,3.0,3.0,0.0,-2.6548853274347306,-1.9637878273455553,-3.000434077479319,0.48867972877412674,-1.8275718295267263,-1.156312601888487,-2.820086880905956,0.7162123479786572,0.02759632558125791,0.02939423670809545,0.024466960868237884,0.0022209740039945956,0.0,0.0,0.0,0.0,0.0,0.0,0.0,0.0,1.0,3,0.6017299979207181,0.6254690726980764,0.5859360969588502,0.017089146319976087,0.8353096179183136,0.8379446640316206,0.8300395256916996,0.0037265179509172776,0.7458480870951201,0.7564564381196904,0.7384285491726317,0.007697514391969974,0.9675392329230971,0.9706974018362962,0.9626880250048838,0.0034820793702676498,0.14411808917440208,0.15672317703418814,0.13098736542161404,0.010513173312832651,0.1322296150047834,0.13919274623641142,0.12474336097326322,0.005910523198417457,0.6666666666666666,0.6666666666666666,0.6666666666666666,0.0,0.7777777777777777,0.7777777777777777,0.7777777777777777,0.0,3,1.0,1.0,1.0,0.0,3,0.40115333194714536,0.4169793817987176,0.39062406463923344,0.011392764213317395,0.5801040677406489,0.5883550074264258,0.5743333160231578,0.005986955638198862,0.14411808917440208,0.15672317703418814,0.13098736542161404,0.010513173312832651,0.17324969669183096,0.17966370284557343,0.16392016410827637,0.0067498135167026645,0.7191250125567118,0.7424764037132263,0.6972346901893616,0.018498724319059842,0.5458753158648809,0.5663111805915833,0.5175709873437881,0.020661335086272083,0.11549979779455395,0.11977580189704895,0.10928010940551758,0.004499875677801775,0.5593194542107758,0.5774816473325093,0.542293647925059,0.014387896692602082,0.5458753158648809,0.5663111805915833,0.5175709873437881,0.020661335086272083,0.0,0.0,1.0,1.0,1.0,1.0,0.0,3,-2.3216588478528184,-1.505149978319906,-3.000434077479319,0.6181674805267291,3,,,,,0
seed2_i4,2,4,4,4,append_notes.predict,1,0.5333333333333332,0,,,,,0,,,,,0,,,,,0,5.0,5.0,5.0,0.0,3,0.0,0.0,0.0,0.0,3,,,,,0,0.5555555555555556,0.6666666666666667,0.33333333333333337,0.15713484026367724,22.0,28.0,17.0,4.546060565661952,3.0,3.0,3.0,0.0,-2.5576553376314517,-1.6720978579357175,-3.000434077479319,0.626183699023322,-1.3241381259662444,-0.8754467891250141,-1.7047924765953855,0.341979863881919,0.028163883374041382,0.031838279198543706,0.024279880727762826,0.003089260766545619,0.0,0.0,0.0,0.0,0.0,0.0,0.0,0.0,1.0,2,0.6623629534999195,0.6867209583958737,0.6449595991198424,0.017744072343441608,0.8697068403908795,0.8713355048859935,0.8680781758957655,0.001329798991738968,0.7453138613672188,0.784364005627847,0.6973473358206919,0.03607955651527615,0.9749440437702064,0.9781148967918428,0.9702810246207411,0.0033677201104080974,0.08295090786729926,0.12895570264380474,0.05238773670084951,0.03311088599384761,0.10523720337932689,0.10840805640096329,0.10220284872497554,0.0025351034730674484,0.7777777777777777,0.8333333333333333,0.6666666666666666,0.0785674201318386,0.7962962962962963,0.8888888888888888,0.7222222222222222,0.06928995160692483,3,0.8333333333333334,1.0,0.5,0.23570226039551584,3,0.5155575555285972,0.5722674653298947,0.43693886865602816,0.0573785857499614,0.5947091727205319,0.6704268823583264,0.5036397425371664,0.06895043628197857,0.07421961841715768,0.12895570264380474,0.026193868350424754,0.04221982224215149,0.26996857424577075,0.29749223589897156,0.24849410355091095,0.02045562313623276,0.8014072974522909,0.8201757073402405,0.7881863713264465,0.013635990043972363,0.5314387232065201,0.5716816037893295,0.498367577791214,0.030356898622857745,0.21031162391106287,0.2479101965824763,0.1759462555249532,0.02946797595804124,0.6389555202590095,0.7290450731913248,0.5747876432206895,0.06558855914538436,0.44837746024131775,0.5716816037893295,0.249183788895607,0.14217506925108148,0.0,0.3333333333333333,0.6666666666666666,1.0,1.0,1.0,0.0,3,-1.0227286205820538,-0.0,-2.113943352306837,0.8643714034893247,3,0.0,0.0,0.0,0.0,2
seed2_i6,2,6,5,5,gen_query.predict,0,0.4999999999999999,1,,,,,0,,,,,0,,,,,0,6.0,6.0,6.0,0.0,3,0.0,0.0,0.0,0.0,3,,,,,0,0.3333333333333333,0.33333333333333337,0.33333333333333337,5.551115123125783e-17,21.666666666666668,30.0,13.0,6.944222218666553,3.0,3.0,3.0,0.0,-2.452599036031487,-1.954242509439325,-3.000434077479319,0.42853649539935124,-1.1752063822825916,-0.9694950062928833,-1.3552927842857974,0.15854013339409076,0.025034629958610933,0.03391971097823447,0.008918015255404201,0.011416143739367396,0.0,0.0,0.0,0.0,0.0,0.0,0.0,0.0,1.0,1,0.6484461075076927,0.6597912859378517,0.6324162155573051,0.01165642956083124,0.8893298059964726,0.8915343915343915,0.8849206349206349,0.003117754767136459,0.8269191315545025,0.860679028527728,0.7837010992600048,0.0321298681541363,0.9920436369601772,0.9933970389205594,0.991264405528442,0.0009606543406341044,0.17847302404680968,0.20396105131846942,0.13057027823208334,0.03389558574089969,0.10271383096370452,0.10654883151089523,0.09973001399405046,0.002848093303013824,0.4444444444444444,0.6666666666666666,0.0,0.31426968052735443,0.7777777777777777,0.7777777777777777,0.7777777777777777,0.0,2,1.0,1.0,1.0,0.0,2,0.2871572225544793,0.43986085729190116,0.0,0.20318746500387425,0.659966337101362,0.6694170221882328,0.6505156520144912,0.009450685086870803,0.20242439695417286,0.20396105131846942,0.2008877425898763,0.0015366543642965635,0.13530347992976507,0.1465756744146347,0.11436333507299423,0.014821395565429682,0.7422697941462199,0.7901676297187805,0.6711753010749817,0.05127284699430211,0.6069663142164549,0.6758042946457863,0.524599626660347,0.062465896522493514,0.05798644655280643,0.09771711627642313,0.0,0.04192941484664344,0.5683000286420186,0.614574823114607,0.5220252341694301,0.04627479447258842,0.6002019606530666,0.6758042946457863,0.524599626660347,0.07560233399271965,0.0,0.0,0.6666666666666666,1.0,1.0,1.0,0.0,2,-2.7017772993275684,-2.403120521175818,-3.000434077479319,0.2986567781517504,2,,,,,0
seed2_i7,2,7,6,6,append_notes.predict,3,0.4,1,,,,,0,,,,,0,,,,,0,7.0,7.0,7.0,0.0,3,0.0,0.0,0.0,0.0,3,,,,,0,0.4444444444444445,0.6666666666666667,0.33333333333333337,0.15713484026367724,24.0,26.0,22.0,1.632993161855452,3.0,3.0,3.0,0.0,-2.2742661099736226,-1.863322860120456,-3.000434077479319,0.5149630712489174,-1.4760648544946469,-1.0982288747598143,-1.9803168541372953,0.3710395831602174,0.031026489218639274,0.03839777611607063,0.023705878989574086,0.00599804892652196,0.0,0.0,0.0,0.0,0.0,0.0,0.0,0.0,1.0,1,0.6676597618851821,0.6833254814188567,0.6589655400988524,0.011099640261721387,0.8987194412107101,0.9045401629802096,0.8940628637951106,0.004355829321040691,0.7457576897404867,0.8000735083901355,0.6838457581200922,0.04775282317941795,0.9852355737641556,0.9877478452440769,0.9830325049279172,0.0019374060459706694,0.07809792785530452,0.11674802697127873,0.023157493982254973,0.039906793249316744,0.08651613255344559,0.09368498144896631,0.08038620814026354,0.005478677817324682,0.27777777777777773,0.8333333333333333,0.0,0.3928371006591931,0.7222222222222222,0.7222222222222222,0.7222222222222222,0.0,1,0.5,0.5,0.5,0.0,1,0.18304598336079234,0.549137950082377,0.0,0.2588661122067524,0.5440888575136678,0.5440888575136678,0.5440888575136678,0.0,0.047194131306189935,0.047194131306189935,0.047194131306189935,0.0,0.13467422624429068,0.19189810752868652,0.08746298402547836,0.04321931251247003,0.6791788538297018,0.694100558757782,0.6686558127403259,0.010843429889343314,0.5445046275854111,0.6066375747323036,0.4828820824623108,0.050524257206589936,0.034628218660751976,0.10388465598225592,0.0,0.04897169647085653,0.48291808697912425,0.48291808697912425,0.48291808697912425,0.0,0.2719971127808094,0.2719971127808094,0.2719971127808094,0.0,0.0,0.3333333333333333,0.0,1.0,1.0,1.0,0.0,1,-2.940516484932567,-2.940516484932567,-2.940516484932567,0.0,1,0.0,0.0,0.0,0.0,1
seed2_i8,2,8,7,7,append_notes.predict,0,0.4999999999999999,0,,,,,0,,,,,0,,,,,0,8.0,8.0,8.0,0.0,3,0.0,0.0,0.0,0.0,3,,,,,0,0.3333333333333333,0.33333333333333337,0.33333333333333337,5.551115123125783e-17,26.333333333333332,35.0,17.0,7.363574011458175,3.0,3.0,3.0,0.0,-2.510782357333631,-1.5314789170422551,-3.000434077479319,0.6924721034693471,-1.2950314938907999,-0.8925356509068311,-1.8333737200325742,0.39592486487704304,0.03434705416831091,0.03760042362098713,0.0324344126232308,0.002312297688287578,0.0,0.0,0.0,0.0,0.0,0.0,0.0,0.0,1.0,2,0.6980391234706076,0.731559489177655,0.6605959477180171,0.029103234449266952,0.9115504682622269,0.9157127991675338,0.9094693028095734,0.0029432124086848734,0.7584836550619162,0.7748750453087068,0.7454480899928176,0.012245614092625385,0.9859793771826504,0.9884384105139173,0.9823941479139545,0.0025928768528976328,0.06044453159130847,0.0945318821662069,0.013888600815162633,0.034082584271561384,0.07442890892042357,0.07896910770434395,0.07139277395254562,0.0032707658890750923,0.27777777777777773,0.8333333333333333,0.0,0.3928371006591931,0.8888888888888888,0.8888888888888888,0.8888888888888888,0.0,1,1.0,1.0,1.0,0.0,1,0.18349887436611587,0.5504966230983476,0.0,0.2595065968087577,0.6712247376748658,0.6712247376748658,0.6712247376748658,0.0,0.0945318821662069,0.0945318821662069,0.0945318821662069,0.0,0.18184116234381995,0.25222015380859375,0.11972584575414658,0.054405279514263515,0.7545367280642191,0.8130483031272888,0.6656836271286011,0.06387249317849558,0.5726955657203993,0.6394708156585693,0.5326581001281738,0.04752838368485358,0.04821596874131096,0.1446479062239329,0.0,0.06818767691691918,0.7227096027798122,0.7227096027798122,0.7227096027798122,0.0,0.6394708156585693,0.6394708156585693,0.6394708156585693,0.0,0.0,0.0,0.3333333333333333,1.0,1.0,1.0,0.0,1,-2.1986570869544226,-2.1986570869544226,-2.1986570869544226,0.0,1,0.0,0.0,0.0,0.0,1
seed2_i9,2,9,8,8,gen_query.predict,0,0.4999999999999999,0,,,,,0,,,,,0,,,,,0,9.0,9.0,9.0,0.0,3,0.0,0.0,0.0,0.0,3,,,,,0,0.3333333333333333,0.33333333333333337,0.33333333333333337,5.551115123125783e-17,23.333333333333332,28.0,21.0,3.299831645537222,3.0,3.0,3.0,0.0,-2.466269387876892,-1.3979400086720377,-3.000434077479319,0.7554229485765669,-1.4549370459728037,-0.6250204211305667,-1.8932873246971458,0.5871503993751964,0.0316843233295196,0.03790226357761571,0.026677615376401145,0.004661794687639442,0.0,0.0,0.0,0.0,0.0,0.0,0.0,0.0,1.0,2,0.6871990899280015,0.699239129623126,0.6762169620343189,0.009428482845665113,0.9233610341643582,0.9261311172668514,0.9215143120960295,0.0019946878111443416,0.8581562241206256,0.8710734444615987,0.8486819206348531,0.009459927490025036,0.9950589613631154,0.995848508774164,0.9945750452079566,0.0005630187753216095,0.17095713419262418,0.19485648242727982,0.1554741776422991,0.017143866138891194,0.07169792719875716,0.07323901801119614,0.0697173915073126,0.0014708947751798163,0.6666666666666666,0.6666666666666666,0.6666666666666666,0.0,0.6666666666666666,0.7777777777777777,0.4444444444444444,0.1571348402636772,3,0.6666666666666666,1.0,0.0,0.4714045207910317,3,0.4581327266186676,0.46615941974875064,0.4508113080228793,0.006285655230443411,0.572486695730995,0.6775015679145767,0.37987258100685556,0.13638419735484675,0.11913240831185783,0.19485648242727982,0.0,0.08526615113578305,0.13476733366648355,0.1499646157026291,0.12147301435470581,0.011709221072584798,0.6829590598742167,0.6967479586601257,0.6601496338844299,0.01624575385290469,0.5481917262077332,0.5591152161359787,0.5386766195297241,0.008403242046692867,0.08984488911098903,0.09997641046841939,0.08098200956980386,0.0078061473817232,0.4543037591157135,0.5419150789578755,0.3075464831458197,0.10442171795313583,0.36181998749574024,0.5467833429574966,0.0,0.2558667716537219,0.0,0.3333333333333333,0.6666666666666666,1.0,1.0,1.0,0.0,3,-2.466269387876892,-1.3979400086720377,-3.000434077479319,0.7554229485765669,3,,,,,0
seed2_i10,2,10,9,9,append_notes.predict,0,0.4999999999999999,0,,,,,0,,,,,0,,,,,0,10.0,10.0,10.0,0.0,3,0.0,0.0,0.0,0.0,3,,,,,0,0.5555555555555557,0.6666666666666667,0.33333333333333337,0.15713484026367724,23.333333333333332,27.0,17.0,4.496912521077347,3.0,3.0,3.0,0.0,-2.2596731351140935,-0.7781512503836436,-3.000434077479319,1.0475941711691759,-1.4740971882423415,-0.5604137457918624,-2.2009760487622,0.6826581044488472,0.038376496018833826,0.05140696632522506,0.028186384193124574,0.00969018699036961,0.0,0.0,0.0,0.0,0.0,0.0,0.0,0.0,1.0,3,0.7275390647914466,0.7389204407167306,0.7059570250588472,0.01526841728407599,0.9283093423652272,0.930567315834039,0.9254868755292125,0.0021121407771797726,0.7808450818769556,0.8339741983284291,0.7153971725454866,0.04918632773713522,0.9887875051376901,0.9919112207151665,0.9859186189889025,0.002453096327868074,0.053306017085508826,0.12801717326958195,-0.02352326817124395,0.061884253253400384,0.06047816277246291,0.06134390488112751,0.059658839976571176,0.0006887074839100605,0.7222222222222222,0.8333333333333333,0.6666666666666666,0.0785674201318386,0.648148148148148,0.7777777777777777,0.4444444444444444,0.14581496062984833,3,0.5,1.0,0.0,0.408248290463863,3,0.5260771787896716,0.6157670339306087,0.4706380167058981,0.06400750159850854,0.505946537365647,0.6486465986998893,0.3525172776697558,0.12113210547870086,0.03875184639465332,0.12801717326958195,-0.011761634085621975,0.06330249044946498,0.16373424232006073,0.19291432201862335,0.12629395723342896,0.02781775806708019,0.7327301899592081,0.8811461329460144,0.6542381048202515,0.10500419905643524,0.5689959476391474,0.688231810927391,0.4822436571121216,0.08717479281136176,0.11617249250411987,0.12860954801241556,0.10524496436119078,0.009598088245369944,0.4849339447639607,0.6853358811802334,0.2907724910312229,0.1611402596695659,0.3188293327887853,0.688231810927391,0.0,0.2832360483954795,0.0,0.6666666666666666,0.3333333333333333,1.0,1.0,1.0,0.0,3,-1.8199421884128497,-0.7781512503836436,-3.000434077479319,0.9125289789974041,3,0.0,0.0,0.0,0.0,1
seed2_i11,2,11,10,10,gen_query.predict,4,0.5333333333333332,0,,,,,0,,,,,0,,,,,0,11.0,11.0,11.0,0.0,3,0.0,0.0,0.0,0.0,3,,,,,0,0.6666666666666666,0.6666666666666667,0.6666666666666667,1.1102230246251565e-16,21.333333333333332,25.0,18.0,2.8674417556808756,3.0,3.0,3.0,0.0,-2.608980985886488,-1.8260748027008264,-3.000434077479319,0.5535982711634587,-1.6769943885424332,-0.9684186829161504,-2.7026927082021683,0.7426760904297375,0.03091130197922544,0.03389226449297485,0.027883673384997476,0.0024532189830257177,0.0,0.0,0.0,0.0,0.0,0.0,0.0,0.0,1.0,3,0.7088997422183062,0.7273444354334483,0.6847325443206819,0.01786063849049711,0.9348216576853989,0.9361046959199384,0.9330254041570438,0.0013084473989204166,0.8403654066191422,0.8679901073640967,0.8255697815588631,0.01955010481724482,0.9952515022902046,0.9954826238601504,0.9949573475648191,0.00021902614854967737,0.13146566440083587,0.18325756304341478,0.09822534612541478,0.03711010939610919,0.06042984460480564,0.062289131288600585,0.059377927940212016,0.0013184993982671,0.6666666666666666,0.6666666666666666,0.6666666666666666,0.0,0.6666666666666666,0.7777777777777777,0.4444444444444444,0.1571348402636772,3,0.6666666666666666,1.0,0.0,0.4714045207910317,3,0.4725998281455375,0.4848962902889655,0.4564883628804546,0.011907092326998069,0.5618875627527924,0.6751034168387418,0.3669199029150502,0.13846007335774377,0.09872388235903096,0.18325756304341478,0.0,0.07548445743254326,0.13725267350673676,0.1574116349220276,0.11695539951324463,0.016516478511669944,0.702992856502533,0.7459856867790222,0.6724379658699036,0.031287309138260604,0.5657401829957962,0.5885740518569946,0.5350469797849655,0.02254792988968953,0.09150178233782451,0.10494108994801839,0.07797026634216309,0.011010985674446628,0.4638849231931898,0.5370982686678568,0.33154919412400985,0.09375214732787204,0.369548832376798,0.5735995173454285,0.0,0.2617840448045918,0.0,0.3333333333333333,0.6666666666666666,1.0,1.0,1.0,0.0,3,-1.7678767116332692,-0.47712125471966244,-3.000434077479319,1.0309597999691862,3,,,,,0
seed2_i12,2,12,11,11,append_notes.predict,4,0.5333333333333332,1,,,,,0,,,,,0,,,,,0,12.0,12.0,12.0,0.0,3,0.0,0.0,0.0,0.0,3,,,,,0,0.3333333333333333,0.33333333333333337,0.33333333333333337,5.551115123125783e-17,19.0,27.0,12.0,6.164414002968976,3.0,3.0,3.0,0.0,-2.0390771703776376,-1.3424226808222062,-2.4149733479708178,0.4931231451472592,-0.9653082723349788,-0.5478175588287292,-1.3840757239460473,0.34140215994872986,0.021943644048219937,0.027804898341051962,0.01115569100406593,0.007637770035693031,0.0,0.0,0.0,0.0,0.0,0.0,0.0,0.0,1.0,0,0.711447659639152,0.720874994495393,0.7046017851595225,0.006889716432446118,0.9408679065331426,0.9434907010014306,0.9384835479256081,0.002051102829528506,0.8220923572765768,0.8489216980381356,0.806588921677179,0.019047713500809676,0.9933065868344771,0.9940940472068917,0.992525914913549,0.0006402053236585842,0.11064469763742468,0.144319912878613,0.08989145761902262,0.024025642804165647,0.052438680301334584,0.05404236698794096,0.05060334620546103,0.0014134971706721742,0.4444444444444444,0.6666666666666666,0.0,0.31426968052735443,0.7777777777777777,0.7777777777777777,0.7777777777777777,0.0,2,1.0,1.0,1.0,0.0,2,0.3177202652795408,0.48058332966359535,0.0,0.22468592700259882,0.6289715342522868,0.6305961294223232,0.6273469390822503,0.0016245951700364913,0.09380709001683052,0.09772272241463842,0.08989145761902262,0.0039156323978079,0.24226632714271545,0.36167946457862854,0.1548311859369278,0.08742042772879843,0.782249649365743,0.8072466850280762,0.7348393797874451,0.03354071410471455,0.5399833222230276,0.64983169734478,0.44556722044944763,0.08410156726978191,0.12710395455360413,0.241119643052419,0.0,0.09887078300378463,0.599700136317147,0.6278585327996147,0.5715417398346794,0.02815839648246765,0.48505913466215134,0.524551048874855,0.44556722044944763,0.039491914212703705,0.0,0.0,0.6666666666666666,1.0,1.0,1.0,0.0,2,-1.851129081581047,-1.3424226808222062,-2.359835482339888,0.5087064007588409,2,,,,,0
seed2_i13,2,13,12,12,gen_query.predict,0,0.4999999999999999,1,,,,,0,,,,,0,,,,,0,13.0,13.0,13.0,0.0,3,0.0,0.0,0.0,0.0,3,,,,,0,0.5555555555555557,0.6666666666666667,0.33333333333333337,0.15713484026367724,25.666666666666668,31.0,22.0,3.8586123009300755,3.0,3.0,3.0,0.0,-3.000434077479319,-3.000434077479319,-3.000434077479319,0.0,-1.6868097890091625,-1.1004880243811,-2.2596731351140935,0.4733310166667181,0.030016113760804663,0.03485926055825425,0.025031286291119812,0.004013504255097446,0.0,0.0,0.0,0.0,0.0,0.0,0.0,0.0,1.0,4,0.7277919637622757,0.746561688352774,0.7091871654448703,0.015258530753975479,0.9425517702070808,0.9432197728790915,0.9418837675350702,0.0005454218977472974,0.8788719102384114,0.8852259306565798,0.868269819108059,0.007545948506461642,0.9964966074353195,0.99691529055377,0.9962503232479959,0.00029758631580023597,0.15107994647613565,0.17603876521170958,0.13655829259782115,0.01772714936939396,0.053944837228238805,0.0543665557129257,0.053104435625101476,0.0005942549645165725,0.5555555555555555,0.8333333333333333,0.0,0.3928371006591931,0.6388888888888888,0.7222222222222222,0.5555555555555555,0.08333333333333337,2,0.25,0.5,0.0,0.25,2,0.4094968682894324,0.6221347402939783,0.0,0.28962965672721164,0.5600904984288424,0.6378088751309854,0.48237212172669935,0.07771837670214302,0.03413957314945529,0.06827914629891058,0.0,0.03413957314945529,0.19851047297318777,0.25347593426704407,0.15600168704986572,0.0407568709021686,0.7606815695762634,0.7897995114326477,0.7234034538269043,0.027713419671932592,0.5621710966030756,0.6128400564193726,0.46992751955986023,0.06533164060432464,0.1220915921860271,0.2112299452225367,0.0,0.08932696277352072,0.48615078296926284,0.5704107582569122,0.40189080768161345,0.08425997528764939,0.15093642845749855,0.3018728569149971,0.0,0.15093642845749855,0.0,0.6666666666666666,0.0,1.0,1.0,1.0,0.0,2,-2.550402311298441,-2.100370545117563,-3.000434077479319,0.4500317661808779,2,0.0,0.0,0.0,0.0,2
seed2_i14,2,14,13,13,append_notes.predict,6,0.6,0,,,,,0,,,,,0,,,,,0,14.0,14.0,14.0,0.0,3,0.0,0.0,0.0,0.0,3,,,,,0,0.4444444444444445,0.6666666666666667,0.33333333333333337,0.15713484026367724,22.666666666666668,28.0,17.0,4.496912521077347,3.0,3.0,3.0,0.0,-2.8245415347586165,-2.4727564493172123,-3.000434077479319,0.24874961943590604,-1.2778406924705419,-1.1004880243811,-1.3821873710525188,0.1260582837599316,0.03054095672485097,0.03350249209969755,0.028250448223545558,0.0021960113870404885,0.0,0.0,0.0,0.0,0.0,0.0,0.0,0.0,1.0,2,0.7167573214469174,0.7330545175292444,0.6985346034004366,0.014158315436305644,0.9473575981904174,0.9494139420111043,0.9450956199876619,0.0017689338406421513,0.8108599619608036,0.8369757166892445,0.7971422718575848,0.018474483964423534,0.9942938914229497,0.9951346033449602,0.9937393793041768,0.0006044806456923369,0.09410264051388599,0.10392119916000009,0.07977905392450968,0.010358000184078585,0.046936293232532234,0.04864375931651488,0.044593749608607736,0.001713308158668384,0.6666666666666666,0.6666666666666666,0.6666666666666666,0.0,0.6666666666666666,0.7777777777777777,0.4444444444444444,0.1571348402636772,3,0.6666666666666666,1.0,0.0,0.4714045207910317,3,0.47783821429794493,0.4887030116861629,0.46568973560029103,0.009438876957537097,0.5376715574484866,0.6210259201498963,0.371989207417442,0.11715586255200984,0.059462240793885957,0.09860766845714819,0.0,0.04274301300779834,0.1850987027088801,0.2353033423423767,0.14711427688598633,0.03702546903327054,0.7101709445317587,0.7816019058227539,0.6583154797554016,0.05220016450140837,0.5250722418228785,0.6087234169244766,0.4230121374130249,0.07692566257174259,0.12339913513925338,0.1568688948949178,0.09807618459065755,0.02468364602218035,0.4655105228777285,0.5371297929022046,0.34737862481011283,0.0841583621263623,0.3221644361813863,0.543481171131134,0.0,0.23305312695648983,0.0,0.3333333333333333,0.6666666666666666,1.0,1.0,1.0,0.0,3,-2.1006327168742063,-0.3010299956639812,-3.000434077479319,1.2725112876095142,3,,,,,0
seed2_i16,2,16,14,14,gen_query.predict,6,0.6,1,,,,,0,,,,,0,,,,,0,15.0,15.0,15.0,0.0,3,0.0,0.0,0.0,0.0,3,,,,,0,0.4444444444444445,0.6666666666666667,0.33333333333333337,0.15713484026367724,22.333333333333332,24.0,21.0,1.247219128924647,3.0,3.0,3.0,0.0,-2.797267754020672,-2.3909351071033793,-3.000434077479319,0.28732057005269696,-1.2238947280511019,-1.0786777157058787,-1.4338213577144334,0.15203563736805728,0.02969734327126887,0.032208558799871355,0.026109072958207975,0.0026039671195705176,0.0,0.0,0.0,0.0,0.0,0.0,0.0,0.0,1.0,2,0.7333092989633244,0.7422039422734454,0.7199088300059199,0.00964347296804703,0.9508165225744477,0.9521613832853026,0.9498559077809798,0.00097963871538768,0.8468028078697971,0.8576690508090897,0.8384222689345836,0.008051653926497567,0.9963445318310572,0.9969458642571171,0.995220989666577,0.0007951206811750854,0.1134935089064727,0.12440827385979814,0.09621832666113816,0.012356090586216322,0.04552800925660957,0.04651358760005653,0.04470535828417499,0.0007471422492279539,0.27777777777777773,0.8333333333333333,0.0,0.3928371006591931,0.5555555555555555,0.5555555555555555,0.5555555555555555,0.0,1,0.0,0.0,0.0,0.0,1,0.20494864572516888,0.6148459371755066,0.0,0.28984115437453245,0.4764828060050498,0.4764828060050498,0.4764828060050498,0.0,0.0,0.0,0.0,0.0,0.1423147146900495,0.17235253751277924,0.11939362436532974,0.02219831121993966,0.7369666894276937,0.7720591425895691,0.6919901371002197,0.03342686516610957,0.5946519747376442,0.6526655182242393,0.5567921549081802,0.04165377038811952,0.0478757048646609,0.1436271145939827,0.0,0.067706471127775,0.4149171047740512,0.4149171047740512,0.4149171047740512,0.0,0.0,0.0,0.0,0.0,0.0,0.3333333333333333,0.0,1.0,1.0,1.0,0.0,1,-0.8450980400142568,-0.8450980400142568,-0.8450980400142568,0.0,1,0.0,0.0,0.0,0.0,1
seed2_i17,2,17,15,15,append_notes.predict,6,0.6,0,,,,,0,,,,,0,,,,,0,16.0,16.0,16.0,0.0,3,0.0,0.0,0.0,0.0,3,,,,,0,0.4444444444444445,0.6666666666666667,0.33333333333333337,0.15713484026367724,18.666666666666668,20.0,17.0,1.247219128924647,3.0,3.0,3.0,0.0,-2.973837718788475,-2.9206450014067875,-3.000434077479319,0.03761293117033078,-1.4352971610814924,-1.1004880243811,-1.7911153601498084,0.2823385258325315,0.02812704409710999,0.03196491758463031,0.02546316687199157,0.002781113805705048,0.0,0.0,0.0,0.0,0.0,0.0,0.0,0.0,1.0,2,0.7417761825020327,0.7756165820123573,0.6820385292231234,0.04236518858309668,0.9547081990691013,0.9559613319011815,0.9538131041890441,0.0009128212519857924,0.7943385060203095,0.8398711131325887,0.7593030356477278,0.03371889862970581,0.9940239145922064,0.9956178790534619,0.9926964650891031,0.0012074594692926322,0.05256232351827683,0.07726450642460447,0.01616793300999464,0.02627709534565677,0.039315715523105164,0.04126771793638351,0.036735133187921654,0.0019030529269507942,0.7222222222222222,0.8333333333333333,0.6666666666666666,0.0785674201318386,0.6481481481481481,0.7777777777777777,0.4444444444444444,0.14581496062984833,3,0.5,1.0,0.0,0.408248290463863,3,0.5324084844026397,0.5683654410192694,0.5117822908470782,0.02551715034871185,0.5104386581186988,0.6096543983293649,0.3732760502811505,0.1001620501271807,0.018266728740765625,0.03863225321230224,0.0,0.01584122164280028,0.1716898481051127,0.21767282485961914,0.14066021144390106,0.03317064406207205,0.7355123162269592,0.7987105250358582,0.6650206446647644,0.054821783855262166,0.5638224681218466,0.6419740170240402,0.5243604332208633,0.05526239012803148,0.12316748251517612,0.1451152165730794,0.09377347429593404,0.021611399371281977,0.4747402237521277,0.5768464903036753,0.33013590176900226,0.10510658767930227,0.28178248057762784,0.5243604332208633,0.0,0.21585676151839178,0.0,0.6666666666666666,0.3333333333333333,1.0,1.0,1.0,0.0,3,-2.5639770301760834,-1.7708520116421442,-3.000434077479319,0.5617692559722798,3,0.0,0.0,0.0,0.0,1
seed2_i18,2,18,16,16,append_notes.predict,0,0.4999999999999999,0,,,,,0,,,,,0,,,,,0,17.0,17.0,17.0,0.0,3,0.0,0.0,0.0,0.0,3,,,,,0,0.3333333333333333,0.33333333333333337,0.33333333333333337,5.551115123125783e-17,28.0,39.0,15.0,9.899494936611665,3.0,3.0,3.0,0.0,-2.089982340565745,-1.1760912590556813,-3.000434077479319,0.7447888074713598,-1.0387920297494289,-0.5927170834612147,-1.725508445511667,0.4927712823795591,0.029697860683730936,0.036647831018673055,0.021269330514745693,0.006364703387928236,0.0,0.0,0.0,0.0,0.0,0.0,0.0,0.0,1.0,1,0.7378058132135908,0.7454184384026193,0.7253132251576287,0.008903760557338408,0.9557371467483827,0.9591419816138917,0.9535240040858018,0.002443428684781636,0.835963749617112,0.8578602271833544,0.8162011930872893,0.01707403476425602,0.995189578839823,0.9955868997616074,0.9945084572596209,0.00048385029903294275,0.09815793640352122,0.11244178878073507,0.09088796792966058,0.010100749935106847,0.03945243209144019,0.04104144521615283,0.03633139788434869,0.002207027097643461,0.7777777777777777,0.8333333333333333,0.6666666666666666,0.0785674201318386,0.8518518518518517,0.8888888888888888,0.7777777777777777,0.05237828008789243,3,1.0,1.0,1.0,0.0,3,0.5735778567846298,0.6211820320021827,0.49512385072034937,0.05589543997187762,0.7121963023048146,0.7625424241629817,0.6485343111183159,0.047486466436787514,0.09815793640352122,0.11244178878073507,0.09088796792966058,0.010100749935106847,0.1783283402522405,0.21681220829486847,0.1467887908220291,0.029005601980616923,0.7058866620063782,0.7668606638908386,0.6090473532676697,0.06923871955908886,0.5275583217541376,0.5703679472208023,0.46225856244564056,0.04691314214790029,0.13908561567465463,0.1806768402457237,0.11425601442654927,0.02959330485026377,0.59998251552935,0.6816539234585232,0.5413754251268175,0.05954542428979112,0.5275583217541376,0.5703679472208023,0.46225856244564056,0.04691314214790029,0.0,0.0,1.0,1.0,1.0,1.0,0.0,3,-0.9307972298327513,-0.0,-2.093421685162235,0.870215101699194,3,0.0,0.0,0.0,0.0,2
seed2_i19,2,19,17,17,gen_query.predict,1,0.5333333333333332,0,,,,,0,,,,,0,,,,,0,18.0,18.0,18.0,0.0,3,0.0,0.0,0.0,0.0,3,,,,,0,0.5555555555555556,0.6666666666666667,0.33333333333333337,0.15713484026367724,32.0,37.0,27.0,4.08248290463863,3.0,3.0,3.0,0.0,-3.000434077479319,-3.000434077479319,-3.000434077479319,0.0,-1.6654891749826166,-1.1591851107329938,-2.0002893849862127,0.36416505329103205,0.03622291492049192,0.04023001626766798,0.030192740069248835,0.004340226428270103,0.0,0.0,0.0,0.0,0.0,0.0,0.0,0.0,1.0,4,0.7451960331134456,0.7976351599432366,0.7018183429006646,0.039638347024192784,0.9562500000000002,0.9591346153846154,0.9543269230769231,0.0020771604802589222,0.8769040257118151,0.8863302714238145,0.8695976030217483,0.006993605898562511,0.9972837608649566,0.9977210091159635,0.9968465126139495,0.00035701170196383885,0.13170799259836954,0.1845119285231499,0.07714904274664602,0.043848279069061746,0.04103376086495647,0.04339408603904038,0.0377118972293341,0.002417331114687039,0.7777777777777777,0.8333333333333333,0.6666666666666666,0.0785674201318386,0.6296296296296297,0.8888888888888888,0.4444444444444444,0.18885257457751053,3,0.3333333333333333,1.0,0.0,0.4714045207910317,3,0.5801003277891804,0.6646959666193638,0.49075639766429036,0.07108986385664147,0.5534427258121082,0.7878491301545018,0.38648782356522143,0.17065560535372343,0.0615039761743833,0.1845119285231499,0.0,0.08697975724568457,0.1581689417362213,0.16291029751300812,0.15087324380874634,0.005235530112408692,0.713204046090444,0.7617893218994141,0.6614744067192078,0.04101370355187622,0.5550351043542227,0.598879024386406,0.5007511228322983,0.04073505802774265,0.12287838011980057,0.1357585812608401,0.10714885592460632,0.011852371840097018,0.45131968568872516,0.63675414191352,0.29398862520853675,0.14133742250324693,0.18849172194798788,0.5654751658439636,0.0,0.26656754957390283,0.0,0.6666666666666666,0.3333333333333333,1.0,1.0,1.0,0.0,3,-2.360016467002087,-1.0791812460476249,-3.000434077479319,0.9056872703194704,3,0.0,0.0,0.0,0.0,2
seed2_i20,2,20,18,18,gen_query.predict,0,0.4999999999999999,0,,,,,0,,,,,0,,,,,0,19.0,19.0,19.0,0.0,3,0.0,0.0,0.0,0.0,3,,,,,0,0.5555555555555556,0.6666666666666667,0.33333333333333337,0.15713484026367724,19.666666666666668,21.0,19.0,0.9428090415820634,3.0,3.0,3.0,0.0,-2.9576748092356433,-2.8721562727482928,-3.000434077479319,0.060470737067354854,-1.9268541826831092,-1.8812955846551687,-2.0002893849862127,0.05242588373912019,0.027386460594112236,0.03504614149806924,0.02168654331807165,0.005627327429057054,0.0,0.0,0.0,0.0,0.0,0.0,0.0,0.0,1.0,3,0.7502499935583914,0.7689682006489975,0.7250458973217963,0.01850841702041197,0.9619869756171436,0.9622898682417084,0.9618355293048614,0.00021417742880106092,0.8850276451445898,0.9120381707327173,0.8423503762794325,0.03053066554162753,0.997460210686088,0.9976456282421122,0.9971540561168389,0.0002180884504939687,0.13477765158619837,0.143958505717239,0.1173044789576363,0.012360722610313051,0.03547323506894436,0.035810098937250845,0.03486418787513057,0.00043147016611699336,0.7222222222222222,0.8333333333333333,0.6666666666666666,0.0785674201318386,0.7592592592592592,0.7777777777777777,0.7222222222222222,0.026189140043946166,3,0.8333333333333334,1.0,0.5,0.23570226039551584,3,0.5428871179638719,0.6408068338741645,0.48336393154786417,0.06977481389506462,0.6714652393581492,0.7005400798834818,0.6551614037728919,0.020609544500417427,0.11093265657224506,0.143958505717239,0.0715349850418599,0.02990810009721442,0.13479655981063843,0.14981485903263092,0.12713110446929932,0.010620308065912,0.6538557608922323,0.6963240504264832,0.5856698751449585,0.048697246281082886,0.5190592010815939,0.5688803344964981,0.4358550161123276,0.05921573513356833,0.09692721234427558,0.10594258705774942,0.08496247728665669,0.008815338765715384,0.49596978889571286,0.5415853725539312,0.4555210140016343,0.03532506558482683,0.4269854923089345,0.5688803344964981,0.2762211263179779,0.11964211736757203,0.0,0.3333333333333333,0.6666666666666666,1.0,1.0,1.0,0.0,3,-2.822887738813684,-2.6434526764861874,-3.000434077479319,0.14574316592681769,3,0.0,0.0,0.0,0.0,1
seed2_i21,2,21,19,19,append_notes.predict,0,0.4999999999999999,1,,,,,0,,,,,0,,,,,0,20.0,20.0,20.0,0.0,3,0.0,0.0,0.0,0.0,3,,,,,0,0.5555555555555557,0.6666666666666667,0.33333333333333337,0.15713484026367724,24.0,32.0,17.0,6.164414002968976,3.0,3.0,3.0,0.0,-2.418713553353981,-1.255272505103306,-3.000434077479319,0.8226770547288377,-1.4876482696747007,-0.7781512503836435,-2.0002893849862127,0.51798944018269,0.032097913833760705,0.03726086160171408,0.023372525924778415,0.006204283562594563,0.0,0.0,0.0,0.0,0.0,0.0,0.0,0.0,1.0,3,0.7356448293026031,0.7529286725916849,0.7113772822057416,0.01766745784217157,0.9617008883063929,0.963739624290083,0.9584971603320227,0.002293289026943882,0.810795257919038,0.8360649075389058,0.7970571004986525,0.017891035684246128,0.9953493527032155,0.9954985485376677,0.9951404785349821,0.00015215049424384514,0.0751504286164348,0.0878864835138139,0.05442856738826962,0.014780344265963636,0.03364846439682249,0.037001388205645025,0.03166940674691332,0.002383713872094019,0.7777777777777777,0.8333333333333333,0.6666666666666666,0.0785674201318386,0.7407407407407408,0.7777777777777777,0.7222222222222222,0.026189140043946166,3,0.6666666666666666,1.0,0.5,0.23570226039551584,3,0.5712079870526312,0.618857110925319,0.5019524483944566,0.05011189413220233,0.6010570364144701,0.6502727058635933,0.575652350360138,0.03480681505620971,0.05143125346608755,0.08313623494722089,0.02721428369413481,0.023435996494079406,0.14752326160669327,0.20322169363498688,0.11771503835916519,0.03941720611736515,0.6899673938751221,0.7754636406898499,0.5978193283081055,0.07267535322666445,0.5424441322684288,0.6577486023306847,0.47618627548217773,0.0818347820837631,0.11639632698562408,0.16935141136248905,0.07847669223944345,0.03859276446106395,0.5126702222559186,0.6031383872032164,0.43175840377807617,0.07029114452562542,0.3808468331893285,0.6577486023306847,0.23809313774108887,0.19583063515302832,0.0,0.6666666666666666,0.3333333333333333,1.0,1.0,1.0,0.0,3,-2.1029283420220146,-1.255272505103306,-3.000434077479319,0.7133306796115952,3,0.0,0.0,0.0,0.0,2
seed2_i22,2,22,20,20,gen_query.predict,6,0.6,0,,,,,0,,,,,0,,,,,0,21.0,21.0,21.0,0.0,3,0.0,0.0,0.0,0.0,3,,,,,0,0.4444444444444445,0.6666666666666667,0.33333333333333337,0.15713484026367724,25.333333333333332,32.0,18.0,5.734883511361751,3.0,3.0,3.0,0.0,-1.8538451537094582,-1.146128035678238,-3.000434077479319,0.8181560855848224,-1.2460638024842368,-0.8157193437807398,-1.5999248756443,0.3246863720058599,0.031770902283545725,0.03556592034491762,0.028799262702172042,0.0028231634743699522,0.0,0.0,0.0,0.0,0.0,0.0,0.0,0.0,1.0,1,0.7563147817409,0.7659252343324653,0.751090021732277,0.006804244155782544,0.964151729887453,0.9654022509378908,0.9620675281367236,0.0014835456790373046,0.8687617838095613,0.8902212463286471,0.8408770339302301,0.020650683000025583,0.9976412979489039,0.9977426636568849,0.9975555269652276,7.718994714647436e-05,0.1124470020686611,0.12429601199618179,0.08894794477227208,0.01661654129452871,0.03348956806145079,0.03567513552016133,0.03215327602733686,0.0015581666859736689,0.27777777777777773,0.8333333333333333,0.0,0.3928371006591931,0.7222222222222222,0.7222222222222222,0.7222222222222222,0.0,1,0.5,0.5,0.5,0.0,1,0.20886919143276608,0.6266075742982983,0.0,0.2953856432861201,0.6073000800607217,0.6073000800607217,0.6073000800607217,0.0,0.04447397238613604,0.04447397238613604,0.04447397238613604,0.0,0.16497836510340372,0.1893746703863144,0.1473485827445984,0.017811744907581455,0.7219254573186239,0.8065027594566345,0.6528670191764832,0.06367423093449585,0.5569470922152201,0.6482909172773361,0.5055184364318848,0.06476064069894345,0.04093016187349955,0.12279048562049864,0.0,0.05788399003162923,0.47151506940523785,0.47151506940523785,0.47151506940523785,0.0,0.2527592182159424,0.2527592182159424,0.2527592182159424,0.0,0.0,0.3333333333333333,0.0,1.0,1.0,1.0,0.0,1,-0.8450980400142568,-0.8450980400142568,-0.8450980400142568,0.0,1,0.0,0.0,0.0,0.0,1
seed2_i23,2,23,21,21,append_notes.predict,6,0.6,1,,,,,0,,,,,0,,,,,0,22.0,22.0,22.0,0.0,3,0.0,0.0,0.0,0.0,3,,,,,0,0.3333333333333333,0.33333333333333337,0.33333333333333337,5.551115123125783e-17,18.0,21.0,16.0,2.160246899469287,3.0,3.0,3.0,0.0,-2.978791806927784,-2.9355072658247128,-3.000434077479319,0.030606792534529116,-1.3722233797757675,-1.1591851107329938,-1.77829594287675,0.2872527744355099,0.03438595005792078,0.040338366036250045,0.02727603889117751,0.00539511778954676,0.0,0.0,0.0,0.0,0.0,0.0,0.0,0.0,1.0,2,0.73286483307061,0.7794121246525263,0.6587872609914321,0.052952977199951096,0.9669049510193276,0.9682287529785544,0.9646544876886418,0.001599555993327286,0.8011376116780274,0.8128842703563942,0.7947150262523985,0.008318239991249508,0.9960616235584435,0.9961953220797378,0.9959317449949003,0.00010763879093453502,0.0682727786074175,0.13702627743385754,0.015302901599872243,0.050931241848835296,0.02915667253911595,0.03127725730625852,0.027966569101183447,0.001503221147139747,0.7222222222222222,0.8333333333333333,0.6666666666666666,0.0785674201318386,0.648148148148148,0.7777777777777777,0.4444444444444444,0.14581496062984833,3,0.5,1.0,0.0,0.408248290463863,3,0.5318772289722137,0.6495101038771052,0.4391915073276214,0.08765556972408457,0.5199663598828336,0.6322433213883065,0.35369490596679537,0.11995515506906357,0.02004686919615295,0.05248915678852273,0.0,0.023151856556303547,0.14417660981416702,0.18094587326049805,0.12363032251596451,0.02605963424678558,0.6585022608439127,0.7134757041931152,0.5823147892951965,0.05560768917785916,0.5143256510297457,0.551762655377388,0.458684466779232,0.04012008161034035,0.10322627507978015,0.12063058217366536,0.082420215010643,0.0157836831815163,0.4203060081711521,0.4909062087535858,0.31710031297471786,0.0746076897785628,0.244855264822642,0.458684466779232,0.0,0.18853792270851552,0.0,0.6666666666666666,0.3333333333333333,1.0,1.0,1.0,0.0,3,-2.45576836915434,-1.4313637641589874,-3.000434077479319,0.7248482456209581,3,0.0,0.0,0.0,0.0,1
seed2_i24,2,24,22,22,gen_query.predict,8,0.5333333333333333,0,,,,,0,,,,,0,,,,,0,23.0,23.0,23.0,0.0,3,0.0,0.0,0.0,0.0,3,,,,,0,0.4444444444444445,0.6666666666666667,0.33333333333333337,0.15713484026367724,21.333333333333332,27.0,15.0,4.9216076867444665,3.0,3.0,3.0,0.0,-2.2908245818175352,-1.6901960800285136,-3.000434077479319,0.5404248608024957,-1.1683484529882933,-0.6637420252308316,-1.9133354739764703,0.5377162008522511,0.031654604420725534,0.03595794071180972,0.028143751856977473,0.003238972029138831,0.0,0.0,0.0,0.0,0.0,0.0,0.0,0.0,1.0,1,0.7639718226357756,0.7814605323656685,0.7478345625072617,0.013760965912038346,0.9674395033574053,0.9676928924363359,0.9669327251995439,0.00035834627198100575,0.8602615170650328,0.8821605987528259,0.8459827873757716,0.015721764795861324,0.9976057377913722,0.997785043771754,0.9974580740428225,0.00013534702074267555,0.09628969442925735,0.1195402257184296,0.06452225501010311,0.023254355409779087,0.03016623443396697,0.03052534884327862,0.029881203123204192,0.00026813821845024017,0.5,0.8333333333333333,0.0,0.3600411499115478,0.5833333333333333,0.7222222222222222,0.4444444444444444,0.1388888888888889,2,0.25,0.5,0.0,0.25,2,0.38325782843652156,0.6512171103047236,0.0,0.2780782231902669,0.4949695987893622,0.6109875686602795,0.37895162891844486,0.11601796987091731,0.01613056375252578,0.03226112750505156,0.0,0.01613056375252578,0.15000281731287637,0.1900692582130432,0.1284848004579544,0.02835717881088482,0.6783843239148458,0.7206066250801086,0.6503497958183289,0.030386128336982905,0.5283815066019694,0.5921218246221542,0.47412729263305664,0.04863583742046746,0.07875272217724057,0.12671283880869547,0.0,0.05612589596590492,0.3824477709001965,0.46969707475768196,0.295198467042711,0.08724930385748547,0.12972385063767433,0.25944770127534866,0.0,0.12972385063767433,0.0,0.6666666666666666,0.0,1.0,1.0,1.0,0.0,2,-2.2148842122393027,-1.6901960800285136,-2.739572344450092,0.5246881322107891,2,0.0,0.0,0.0,0.0,1
seed2_i25,2,25,23,23,gen_query.predict,6,0.6,1,,,,,0,,,,,0,,,,,0,24.0,24.0,24.0,0.0,3,0.0,0.0,0.0,0.0,3,,,,,0,0.4444444444444445,0.6666666666666667,0.33333333333333337,0.15713484026367724,24.333333333333332,30.0,17.0,5.436502143433364,3.0,3.0,3.0,0.0,-2.343164342521273,-1.255272505103306,-3.000434077479319,0.7748005226162973,-1.409876883078619,-0.6778079184956499,-2.0002893849862127,0.5491139665352008,0.029094895780907067,0.03294993955536263,0.027057806434917026,0.0027273952048607413,0.0,0.0,0.0,0.0,0.0,0.0,0.0,0.0,1.0,2,0.7420945343333574,0.7435927892902111,0.740873239112051,0.0011273917728451639,0.9686505020818026,0.9698750918442322,0.9673034533431301,0.00105343194551096,0.8386829866378216,0.8582199553857176,0.8258773373559878,0.014035531852406913,0.9977210700580469,0.9979842899297618,0.9975582893479074,0.0001878565814987102,0.09658845230446411,0.11734671627366655,0.08228454806577667,0.015024046936112367,0.0290705679762443,0.0303171775533414,0.028109198085529696,0.0009236935247816073,0.5555555555555555,0.8333333333333333,0.0,0.3928371006591931,0.8055555555555556,0.8888888888888888,0.7222222222222222,0.08333333333333331,2,0.75,1.0,0.5,0.25,2,0.41261398996889476,0.6196606577418425,0.0,0.29176277538938195,0.6674835853035742,0.7341131887608779,0.6008539818462705,0.06662960345730373,0.06367579717637561,0.08228454806577667,0.045067046286974555,0.01860875088940106,0.1501594583193461,0.1760108470916748,0.13062261044979095,0.019060046807821363,0.6960908770561218,0.7690186500549316,0.6015145778656006,0.07007566179831183,0.5459314187367758,0.6383960396051407,0.4255037307739258,0.08913373334815257,0.07624097996287875,0.11987076451381047,0.0,0.054097859451975226,0.5966964695188735,0.6379905806647407,0.5554023583730062,0.04129411114586723,0.4465462528169155,0.5738944858312607,0.31919801980257034,0.12734823301434517,0.0,0.3333333333333333,0.3333333333333333,1.0,1.0,1.0,0.0,2,-1.65073203657165,-0.3010299956639812,-3.000434077479319,1.3497020409076688,2,0.0,0.0,0.0,0.0,2
seed2_i26,2,26,24,24,append_notes.predict,8,0.5333333333333333,1,,,,,0,,,,,0,,,,,0,25.0,25.0,25.0,0.0,3,0.0,0.0,0.0,0.0,3,,,,,0,0.3333333333333333,0.33333333333333337,0.33333333333333337,5.551115123125783e-17,21.0,25.0,17.0,3.265986323710904,3.0,3.0,3.0,0.0,-2.3716038357551583,-1.1139433523068367,-3.000434077479319,0.8893002562766598,-0.8908779438063797,-0.4716577826569393,-1.1004880243811,0.29643341875888657,0.02713808150496308,0.0327010390453465,0.02433938184997761,0.0039336301305498665,0.0,0.0,0.0,0.0,0.0,0.0,0.0,0.0,1.0,2,0.7348642993201762,0.754379498575025,0.7071725646748748,0.020120726466453787,0.9703677676270791,0.9715390021082221,0.9694307800421644,0.0008764716296027117,0.8309203331184353,0.8652023498577733,0.7949251768690786,0.028716097646399437,0.9966252539538796,0.9970390419112933,0.9962657332695692,0.0003180254356062849,0.09605603379825896,0.12216151514714446,0.0782539740534286,0.018862275383687656,0.02625748632680062,0.026834953227404812,0.02550003980307125,0.0005596385507162634,0.4444444444444444,0.6666666666666666,0.0,0.31426968052735443,0.7777777777777777,0.7777777777777777,0.7777777777777777,0.0,2,1.0,1.0,1.0,0.0,2,0.3222696443078897,0.49536055647375254,0.0,0.22808805437100146,0.6456051492826647,0.6729351610004903,0.6182751375648389,0.02733001171782573,0.10495706367067414,0.12216151514714446,0.08775261219420383,0.017204451476470317,0.14133506019910178,0.20601923763751984,0.10718230158090591,0.04576250746077814,0.7540060679117838,0.8420658111572266,0.6914112567901611,0.06408611791403729,0.6126710077126821,0.6360465735197067,0.5842289552092552,0.021455665256920303,0.07040508422586653,0.13734615842501322,0.0,0.05612480932484979,0.6107915904786851,0.6549400753445095,0.5666431056128607,0.0441484848658244,0.6268920339643955,0.6360465735197067,0.6177374944090843,0.009154539555311203,0.0,0.0,0.6666666666666666,1.0,1.0,1.0,0.0,2,-3.000434077479319,-3.000434077479319,-3.000434077479319,0.0,2,,,,,0
seed2_i27,2,27,25,25,gen_query.predict,8,0.5333333333333333,0,,,,,0,,,,,0,,,,,0,26.0,26.0,26.0,0.0,3,0.0,0.0,0.0,0.0,3,,,,,0,0.3333333333333333,0.33333333333333337,0.33333333333333337,5.551115123125783e-17,18.0,28.0,11.0,7.2571803523590805,3.0,3.0,3.0,0.0,-1.2837119983371912,-0.8450980400142568,-1.591064607026499,0.31836947739561805,-0.561695108629722,-0.38204267855941265,-0.7310415327848205,0.14266443233711093,0.03387833910944645,0.04018564317271363,0.029160380888948168,0.004639225313375813,0.0,0.0,0.0,0.0,0.0,0.0,0.0,0.0,1.0,0,0.7497159497192497,0.7749790198502335,0.7212824037360669,0.022035888657295385,0.9704455724760294,0.9715736040609138,0.9688663282571912,0.0011503710126549026,0.8624853551723485,0.8640168459986302,0.8600125049912397,0.0017650882512512003,0.998144499493085,0.9984218681255619,0.9978001798113894,0.0002581807147952449,0.11276940545309866,0.14273444226256327,0.08844769467694202,0.02251885265571786,0.027698927017055563,0.028933851554198142,0.026637846481389782,0.0009453662874701105,0.4444444444444444,0.6666666666666666,0.0,0.31426968052735443,0.7777777777777777,0.7777777777777777,0.7777777777777777,0.0,2,1.0,1.0,1.0,0.0,2,0.3395256545381516,0.5166526799001556,0.0,0.24015617693592936,0.6702263631460503,0.6715541112989143,0.6688986149931864,0.0013277481528639612,0.09778688704836636,0.10712607941979069,0.08844769467694202,0.009339192371424332,0.16339430709679922,0.17388369143009186,0.14601631462574005,0.012375711805675626,0.6700018048286438,0.7411124110221863,0.6269643902778625,0.050652546673193306,0.5066074977318445,0.5672287195920944,0.4566814750432968,0.04575998093913282,0.07028871774673462,0.11352194348971048,0.0,0.05013852576674843,0.4934583902359008,0.4992778102556864,0.48763897021611524,0.005819420019785582,0.47629688680171967,0.4959122985601425,0.4566814750432968,0.01961541175842285,0.0,0.0,0.6666666666666666,1.0,1.0,1.0,0.0,2,-0.7235790156711096,-0.6020599913279624,-0.8450980400142568,0.12151902434314721,2,,,,,0
seed2_i28,2,28,26,26,append_notes.predict,8,0.5333333333333333,1,,,,,0,,,,,0,,,,,0,27.0,27.0,27.0,0.0,3,0.0,0.0,0.0,0.0,3,,,,,0,0.4444444444444445,0.6666666666666667,0.33333333333333337,0.15713484026367724,26.0,36.0,19.0,7.2571803523590805,3.0,3.0,3.0,0.0,-2.555175677948793,-1.9138138523837167,-3.000434077479319,0.46477829386606134,-1.0688632825873003,-0.7969783690344597,-1.2504263679944474,0.19582695834143876,0.030756396704464162,0.03532257648947578,0.022496720618110377,0.005851329245238829,0.0,0.0,0.0,0.0,0.0,0.0,0.0,0.0,1.0,1,0.7553348288811009,0.7811656501140772,0.711907546250341,0.030891183510216226,0.9735673274834795,0.9753006174845629,0.9723756906077348,0.0012540176473610995,0.8401933833711178,0.8578124998357154,0.8193235551538446,0.015880282551123275,0.996487341172906,0.9968850006627659,0.996042341267587,0.00034563907019966353,0.08485855449001693,0.13153654887345245,0.03815790503976735,0.038121675076816804,0.022920013689426606,0.02385932630462484,0.021234064103802797,0.0011947385990168065,0.6666666666666666,0.8333333333333333,0.5,0.1360827634879543,0.6296296296296294,0.7777777777777777,0.5555555555555555,0.10475656017578482,3,0.5555555555555555,1.0,0.0,0.41573970964154905,3,0.5074042250242748,0.6509713750950643,0.3559537731251705,0.12056936096096693,0.5303157685273406,0.667187499872223,0.4551797528632469,0.09693742016001834,0.057524080713044205,0.08769103258230163,0.0,0.04069183925366555,0.1684302588303884,0.22021622955799103,0.1335342526435852,0.03734875684758011,0.7437741359074911,0.8188979625701904,0.7002741694450378,0.053341369025821386,0.5753438770771027,0.5986817330121994,0.5487338751554489,0.020521977335489935,0.11610216895739238,0.18351352463165918,0.07577014714479446,0.0479730937774016,0.46595972555655013,0.5538946588834126,0.38904120524724317,0.06775045540202758,0.31481286883354187,0.5786160230636597,0.0,0.2389569260688956,0.0,0.6666666666666666,0.3333333333333333,1.0,1.0,1.0,0.0,3,-0.738281282682566,-0.0,-1.9138138523837167,0.8402628086471943,3,0.0,0.0,0.0,0.0,2
seed2_i29,2,29,27,27,gen_query.predict,8,0.5333333333333333,0,,,,,0,,,,,0,,,,,0,28.0,28.0,28.0,0.0,3,0.0,0.0,0.0,0.0,3,,,,,0,0.5555555555555556,0.6666666666666667,0.33333333333333337,0.15713484026367724,31.0,45.0,17.0,11.430952132988164,3.0,3.0,3.0,0.0,-2.7990225006847917,-2.3961993470957363,-3.000434077479319,0.28483898352177095,-1.5592034039472529,-1.3821873710525188,-1.8678594833665005,0.21903755622664844,0.03130208270978639,0.04591873769387093,0.02390329040654404,0.010335799794077795,0.0,0.0,0.0,0.0,0.0,0.0,0.0,0.0,1.0,2,0.7853092723864972,0.812842465883271,0.7686561105412172,0.019611048181347384,0.9726501100282929,0.9732788431310908,0.9720213769254952,0.0005133584287504991,0.8876684132724836,0.8928284237738606,0.8813513046073892,0.004756414841082522,0.9982926130405372,0.998378277784178,0.9981301454232873,0.00011493890602186687,0.10235914088598641,0.11839918303885721,0.07598304555293,0.018795525643336652,0.02564250301224417,0.026348038988651012,0.024851302292196453,0.0006140352980384322,0.7777777777777777,0.8333333333333333,0.6666666666666666,0.0785674201318386,0.7962962962962963,0.8888888888888888,0.7222222222222222,0.06928995160692483,3,0.8333333333333334,1.0,0.5,0.23570226039551584,3,0.6117212764031245,0.6773687215693924,0.5124374070274781,0.07141027659156587,0.7070167535843672,0.7936252655767649,0.6419295360372563,0.06377184946396273,0.08969529996049808,0.11839918303885721,0.037991522776465,0.03663417624634346,0.18598238875468573,0.25016435980796814,0.12037650495767593,0.05299523539769992,0.6700226267178854,0.749979555606842,0.5714362859725952,0.07407075906413862,0.4840402379631996,0.5682755336165428,0.38402998447418213,0.07604052676360805,0.1482977403534783,0.20847029983997342,0.08025100330511728,0.05264059906688112,0.5284045062683246,0.5416519012716081,0.5079433653089735,0.014676397087956537,0.400737705330054,0.5682755336165428,0.24990759789943695,0.13050899477390085,0.0,0.3333333333333333,0.6666666666666666,1.0,1.0,1.0,0.0,3,-1.149414137544813,-0.0,-2.603144372620182,1.0842958918389392,3,0.0,0.0,0.0,0.0,2
seed3_i0,3,0,0,0,gen_query.predict,0,0.4333333333333333,0,,,,,0,,,,,0,,,,,0,1.0,1.0,1.0,0.0,3,0.0,0.0,0.0,0.0,3,,,,,0,0.3333333333333333,0.33333333333333337,0.33333333333333337,5.551115123125783e-17,25.0,30.0,15.0,7.0710678118654755,3.0,3.0,3.0,0.0,-2.043589281991442,-1.1760912590556813,-3.000434077479319,0.7474596150105525,-1.1290318456464297,-0.5927170834612147,-1.8248834471851911,0.5155239983462659,0.03203790235463602,0.0409246655709279,0.021269330514745693,0.008133836807418887,0.0,0.0,0.0,0.0,0.0,0.0,0.0,0.0,1.0,1,,,,,,,,,,,,,,,,,,,,,,,,,0.7222222222222222,0.8333333333333333,0.6666666666666666,0.0785674201318386,0.6481481481481481,0.7777777777777777,0.4444444444444444,0.14581496062984833,3,0.5,1.0,0.0,0.408248290463863,3,,,,,,,,,,,,,,,,,,,,,,,,,,,,,,,,,,,,,0.0,0.6666666666666666,0.3333333333333333,1.0,1.0,1.0,0.0,3,-1.0254254184680727,-0.0,-2.4742162640762553,1.0535227395198175,3,0.0,0.0,0.0,0.0,1
seed3_i1,3,1,1,1,append_notes.predict,0,0.4333333333333333,0,,,,,0,,,,,0,,,,,0,2.0,2.0,2.0,0.0,3,0.0,0.0,0.0,0.0,3,,,,,0,0.4444444444444445,0.6666666666666667,0.33333333333333337,0.15713484026367724,26.666666666666668,31.0,21.0,4.189935029992178,3.0,3.0,3.0,0.0,-2.3562437608369247,-1.6720978579357175,-3.000434077479319,0.5430264663241935,-1.2317284195753624,-0.8754467891250141,-1.4275633574227395,0.25234306294228165,0.03537683569607741,0.04591873769387093,0.028373490195817617,0.0075872684591432515,0.0,0.0,0.0,0.0,0.0,0.0,0.0,0.0,1.0,1,0.3929559492333379,0.39449814582046155,0.391164357500549,0.001372390759345982,0.5674157303370787,0.5842696629213483,0.5449438202247191,0.016538878026831166,0.655926972542554,0.6629721357408006,0.6502037902357127,0.005295808836067433,0.9192801961928421,0.9387997623291741,0.9035283608753908,0.014643878966338215,0.2629710233092161,0.26847398992033905,0.2590394327351637,0.004008710042519521,0.3518644658557634,0.37056864514924215,0.3192586979540425,0.023138975700005254,0.611111111111111,0.6666666666666666,0.5,0.0785674201318386,0.7037037037037036,0.7777777777777777,0.5555555555555555,0.10475656017578482,3,0.8888888888888888,1.0,0.6666666666666666,0.15713484026367724,3,0.24012589146783622,0.2629987638803077,0.19660267218950156,0.03078893596963939,0.4616761644478273,0.5156449944650671,0.36366943980619376,0.06941971106095612,0.2339266180567555,0.26847398992033905,0.1742664315147638,0.04236158724590809,0.2503245820601781,0.29015037417411804,0.1814659684896469,0.048889355017525074,0.9301116863886515,0.9626069068908691,0.9112971425056458,0.023072980805643236,0.6797871043284734,0.7298311740159988,0.6370736062526703,0.03822123802685329,0.1513631989558538,0.19343358278274536,0.12097731232643127,0.030712357862136216,0.6555364220230667,0.7486942609151204,0.5091283387607998,0.10480028358272087,0.6090011480781766,0.7298311740159988,0.42471573750178016,0.13239787707144357,0.3333333333333333,0.0,0.6666666666666666,1.0,1.0,1.0,0.0,3,-0.5573659526452391,-0.0,-1.6720978579357175,0.7882344894358976,3,0.0,0.0,0.0,0.0,1
seed3_i2,3,2,2,2,gen_query.predict,0,0.4333333333333333,1,,,,,0,,,,,0,,,,,0,3.0,3.0,3.0,0.0,3,0.0,0.0,0.0,0.0,3,,,,,0,0.3333333333333333,0.33333333333333337,0.33333333333333337,5.551115123125783e-17,19.666666666666668,28.0,13.0,6.236095644623235,3.0,3.0,3.0,0.0,-2.5306442539950456,-1.591064607026499,-3.000434077479319,0.6643831398363216,-1.2214814780851868,-0.7310415327848205,-1.6738744588497525,0.3858489862202843,0.029298489159330393,0.04018564317271363,0.018505116941639966,0.008851286184616365,0.0,0.0,0.0,0.0,0.0,0.0,0.0,0.0,1.0,2,0.5172251962364374,0.5287226812642145,0.49760655260269426,0.013940786169785207,0.7394514767932489,0.75,0.7310126582278481,0.007893791955219278,0.8042319550035963,0.8133864862606478,0.7940895994360776,0.007908826627312479,0.9772473789872853,0.9803702877537364,0.9751282623243364,0.0022546849877398156,0.2870067587671589,0.29648304683338333,0.276497098049849,0.00819188344120866,0.23779590219403635,0.24935762952588825,0.2262435868837832,0.009436270741307198,0.4444444444444444,0.6666666666666666,0.0,0.31426968052735443,0.7777777777777777,0.7777777777777777,0.7777777777777777,0.0,2,1.0,1.0,1.0,0.0,2,0.22807316308153527,0.35248178750947634,0.0,0.1614942827928506,0.6219536472917215,0.6262820505776049,0.6176252440058381,0.004328403285883409,0.2864900724416162,0.29648304683338333,0.276497098049849,0.009992974391767162,0.1695303519566854,0.2198498249053955,0.13760292530059814,0.03600776442910512,0.8459084232648214,0.8948743939399719,0.8095245361328125,0.03596184252454751,0.676378071308136,0.7572714686393738,0.6134765148162842,0.06006677916474,0.0641647179921468,0.10075887044270833,0.0,0.04552061479106478,0.662821806139416,0.6960134175088669,0.6296301947699652,0.03319161136945087,0.7078288495540619,0.7572714686393738,0.65838623046875,0.04944261908531189,0.0,0.0,0.6666666666666666,1.0,1.0,1.0,0.0,2,-3.000434077479319,-3.000434077479319,-3.000434077479319,0.0,2,,,,,0
seed3_i3,3,3,3,3,append_notes.predict,0,0.4333333333333333,0,,,,,0,,,,,0,,,,,0,4.0,4.0,4.0,0.0,3,0.0,0.0,0.0,0.0,3,,,,,0,0.5555555555555556,0.6666666666666667,0.33333333333333337,0.15713484026367724,22.0,26.0,19.0,2.943920288775949,3.0,3.0,3.0,0.0,-2.471947167643152,-1.414973347970818,-3.000434077479319,0.7473933554269543,-1.2136391364978858,-1.1591851107329938,-1.3225471880276702,0.07700962176252443,0.029498573735933935,0.03556592034491762,0.022496720618110377,0.005376242317585317,0.0,0.0,0.0,0.0,0.0,0.0,0.0,0.0,1.0,2,0.5932852427879034,0.612976348973684,0.5764578934349891,0.0150454915978453,0.809415337889142,0.8132118451025057,0.806378132118451,0.002841045851764569,0.762510090365736,0.7821854013790418,0.7515016465913925,0.013945349111693036,0.9678342602530328,0.9718996975314664,0.9642891989462387,0.003128686150535962,0.16922484757783252,0.17738532969178455,0.16108016063635522,0.0066565667625855356,0.15841892236389085,0.16324366108499722,0.151077353843733,0.005276083278989863,0.2222222222222222,0.6666666666666666,0.0,0.31426968052735443,0.7777777777777777,0.7777777777777777,0.7777777777777777,0.0,1,1.0,1.0,1.0,0.0,1,0.13120477465667493,0.3936143239700248,0.0,0.18555157176757547,0.5845012806821941,0.5845012806821941,0.5845012806821941,0.0,0.16108016063635522,0.16108016063635522,0.16108016063635522,0.0,0.1952910323937734,0.19560907781124115,0.19493518769741058,0.0002764097929926788,0.8585240642229716,0.921848475933075,0.8254950642585754,0.04479102562612548,0.6632330318291982,0.7269132882356644,0.6298859864473343,0.04504554799591342,0.04346868395805359,0.13040605187416077,0.0,0.06147400239198918,0.6420517166455586,0.6420517166455586,0.6420517166455586,0.0,0.6298859864473343,0.6298859864473343,0.6298859864473343,0.0,0.0,0.0,0.3333333333333333,1.0,1.0,1.0,0.0,1,-3.000434077479319,-3.000434077479319,-3.000434077479319,0.0,1,,,,,0
seed3_i4,3,4,4,4,append_notes.predict,1,0.4666666666666666,0,,,,,0,,,,,0,,,,,0,5.0,5.0,5.0,0.0,3,0.0,0.0,0.0,0.0,3,,,,,0,0.3333333333333333,0.33333333333333337,0.33333333333333337,5.551115123125783e-17,16.333333333333332,19.0,13.0,2.494438257849294,3.0,3.0,3.0,0.0,-2.7747332000206413,-2.403120521175818,-3.000434077479319,0.2647811190068714,-1.5343182010106469,-1.3552927842857974,-1.8333737200325742,0.2128313328659006,0.02295912978360903,0.0330063262607148,0.008918015255404201,0.01023149444350834,0.0,0.0,0.0,0.0,0.0,0.0,0.0,0.0,1.0,1,0.6328301534926665,0.6504729112565545,0.6220148337903152,0.012581096299122938,0.8550207961972668,0.8627450980392157,0.8502673796791443,0.005510171417406868,0.7664198083150314,0.7769646051062303,0.7557297533158244,0.008669700402373472,0.9752081406105457,0.979463459759482,0.969472710453284,0.004210844283715488,0.13358965482236482,0.1405623510919094,0.12649169384967585,0.0057450046267167485,0.12018734441327901,0.12741354888604173,0.11394315357965568,0.005542932468057479,0.5,0.8333333333333333,0.0,0.3600411499115478,0.6666666666666666,0.8888888888888888,0.4444444444444444,0.2222222222222222,2,0.5,1.0,0.0,0.5,2,0.31843917901010377,0.5216689295259417,0.0,0.2280197759240296,0.5133543862560687,0.6813911702427017,0.3453176022694357,0.168036783986633,0.0702811755459547,0.1405623510919094,0.0,0.0702811755459547,0.1839686632156372,0.24488694965839386,0.12671588361263275,0.04831271170124975,0.8048141598701477,0.857827365398407,0.7766132354736328,0.037511515530390255,0.6208454966545105,0.6498973518610001,0.5996987223625183,0.02124214880969788,0.10450353225072224,0.16325796643892923,0.0,0.07408565259928926,0.5372958050833807,0.6933350033230251,0.3812566068437364,0.15603919823964435,0.29984936118125916,0.5996987223625183,0.0,0.29984936118125916,0.0,0.3333333333333333,0.3333333333333333,1.0,1.0,1.0,0.0,2,-2.559651044180605,-2.1986570869544226,-2.9206450014067875,0.36099395722618244,2,0.0,0.0,0.0,0.0,1
seed3_i5,3,5,5,5,gen_query.predict,1,0.4666666666666666,0,,,,,0,,,,,0,,,,,0,6.0,6.0,6.0,0.0,3,0.0,0.0,0.0,0.0,3,,,,,0,0.3333333333333333,0.33333333333333337,0.33333333333333337,5.551115123125783e-17,19.0,22.0,17.0,2.160246899469287,3.0,3.0,3.0,0.0,-2.786901212432842,-2.359835482339888,-3.000434077479319,0.30198107376111155,-1.1950172575694158,-1.1004880243811,-1.3840757239460473,0.13368452361564506,0.027122506360853147,0.03015779443303992,0.02433938184997761,0.0023820398951213137,0.0,0.0,0.0,0.0,0.0,0.0,0.0,0.0,1.0,2,0.6487604275627826,0.6587683516291888,0.6346726272385961,0.010251342227108643,0.8751258811681772,0.877643504531722,0.8716012084592145,0.0025674821317184073,0.8466552907638613,0.854455834043986,0.8346483940108902,0.008616021019785028,0.9904777932040333,0.9908704615255164,0.9901973158315452,0.0002860319190874743,0.19789486320107863,0.21618901699811155,0.1758800423817014,0.0166650508745092,0.115351912035856,0.11926925306630187,0.11255381129982323,0.0028535140508058818,0.4444444444444444,0.6666666666666666,0.0,0.31426968052735443,0.7777777777777777,0.7777777777777777,0.7777777777777777,0.0,2,1.0,1.0,1.0,0.0,2,0.2914685900999448,0.43917890108612584,0.0,0.20610573160414114,0.656873866465785,0.6645767598119889,0.6491709731195812,0.007702893346203887,0.18874778630256217,0.20161553022342293,0.1758800423817014,0.012867743920860764,0.21320974578460059,0.3680655062198639,0.10827895253896713,0.11177847177941908,0.8183844288190206,0.8799670338630676,0.7463091015815735,0.055067737861122894,0.60517468303442,0.7166822552680969,0.46081164479255676,0.10701106971163533,0.10585432416862911,0.24537700414657593,0.0,0.10296483923542153,0.6125724315643309,0.644682228565216,0.5804626345634459,0.03210979700088501,0.5494208969175816,0.6380301490426064,0.46081164479255676,0.0886092521250248,0.0,0.0,0.6666666666666666,1.0,1.0,1.0,0.0,2,-2.6801347799096034,-2.359835482339888,-3.000434077479319,0.3202992975697154,2,,,,,0
seed3_i6,3,6,6,6,append_notes.predict,1,0.4666666666666666,0,,,,,0,,,,,0,,,,,0,7.0,7.0,7.0,0.0,3,0.0,0.0,0.0,0.0,3,,,,,0,0.4444444444444445,0.6666666666666667,0.33333333333333337,0.15713484026367724,23.666666666666668,31.0,19.0,5.2493385826745405,3.0,3.0,3.0,0.0,-3.000434077479319,-3.000434077479319,-3.000434077479319,0.0,-1.621665709531958,-1.3182255289728813,-1.8465033920906986,0.22271527366273658,0.030591703275599253,0.03485926055825425,0.026442758234001575,0.003437046163140103,0.0,0.0,0.0,0.0,0.0,0.0,0.0,0.0,1.0,3,0.6600909275609941,0.6780921473148217,0.6501529107860106,0.012751775462309635,0.8939779474130619,0.8969465648854962,0.8918575063613231,0.002162434060047839,0.7830570006714758,0.7972366116827109,0.7748878867901494,0.010065152189355444,0.9847575534647204,0.9857513454911526,0.9842412978665738,0.0007028948415322178,0.12296607311048165,0.1452088871005608,0.09895435622674531,0.01892471346633953,0.09077960605165847,0.09262157449878616,0.08733345215093857,0.0024387315990884667,0.5,0.8333333333333333,0.0,0.3600411499115478,0.75,0.7777777777777777,0.7222222222222222,0.027777777777777735,2,0.75,1.0,0.5,0.25,2,0.33283735442878615,0.5650767894290181,0.0,0.2414096111492762,0.5819454155861794,0.6026905786145605,0.5612002525577984,0.020745163028381086,0.08710607705875575,0.12473497600413885,0.049477178113372655,0.0376288989453831,0.1391973520318667,0.176446333527565,0.10512766987085342,0.029202384658784684,0.7800680796305338,0.8707232475280762,0.7312450408935547,0.06416638686038612,0.6408707275986671,0.6942769140005112,0.602217897772789,0.039003946508844464,0.07923910435703065,0.14703861127297083,0.0,0.060570821322270395,0.6015195979012383,0.6288556787702773,0.5741835170321994,0.027336080869038937,0.4746781773865223,0.602217897772789,0.3471384570002556,0.1275397203862667,0.0,0.3333333333333333,0.3333333333333333,1.0,1.0,1.0,0.0,2,-2.550402311298441,-2.100370545117563,-3.000434077479319,0.4500317661808779,2,0.0,0.0,0.0,0.0,1
seed3_i7,3,7,7,7,gen_query.predict,1,0.4666666666666666,0,,,,,0,,,,,0,,,,,0,8.0,8.0,8.0,0.0,3,0.0,0.0,0.0,0.0,3,,,,,0,0.3333333333333333,0.33333333333333337,0.33333333333333337,5.551115123125783e-17,29.0,36.0,17.0,8.524474568362947,3.0,3.0,3.0,0.0,-2.638227335780785,-1.9138138523837167,-3.000434077479319,0.5122376864930352,-0.9993181392655531,-0.7969783690344597,-1.1004880243811,0.1430758236341341,0.0342302609806631,0.03837096008487317,0.029869929851309807,0.00347400416693676,0.0,0.0,0.0,0.0,0.0,0.0,0.0,0.0,1.0,2,0.6669576622688139,0.6731940194239049,0.6632831229001714,0.004433106529606605,0.9044419559537141,0.9059350503919373,0.9036954087346024,0.0010557772022196012,0.85780065393286,0.8685659792689105,0.8399627698638948,0.012703062946646354,0.9932561433762395,0.9936256697665825,0.9929789985834822,0.00027196405944226375,0.19084299166404609,0.20047736818340922,0.1766796469637234,0.01022958286541471,0.0888141874225254,0.08946835304405132,0.08769061937464517,0.0007980552312697656,0.6666666666666666,0.6666666666666666,0.6666666666666666,0.0,0.7777777777777777,0.7777777777777777,0.7777777777777777,0.0,3,1.0,1.0,1.0,0.0,3,0.44463844151254256,0.4487960129492699,0.44218874860011426,0.0029554043530710785,0.6671782863922243,0.6755513172091525,0.653304376560807,0.009880160069613836,0.19084299166404609,0.20047736818340922,0.1766796469637234,0.01022958286541471,0.17278106013933817,0.2164636105298996,0.13347458839416504,0.034021140457019046,0.7984029650688171,0.8223701119422913,0.7817419171333313,0.01737233173041653,0.625621904929479,0.6482673287391663,0.6059065014123917,0.017417399100487403,0.11518737342622544,0.14430907368659973,0.08898305892944336,0.022680760304679366,0.6209800839424133,0.6396211981773375,0.6080214911037021,0.013511813568101718,0.625621904929479,0.6482673287391663,0.6059065014123917,0.017417399100487403,0.0,0.0,1.0,1.0,1.0,1.0,0.0,3,-2.638227335780785,-1.9138138523837167,-3.000434077479319,0.5122376864930352,3,,,,,0
seed3_i8,3,8,8,8,gen_query.predict,0,0.4333333333333333,0,,,,,0,,,,,0,,,,,0,9.0,9.0,9.0,0.0,3,0.0,0.0,0.0,0.0,3,,,,,0,0.3333333333333333,0.33333333333333337,0.33333333333333337,5.551115123125783e-17,21.333333333333332,24.0,17.0,3.0912061651652345,3.0,3.0,3.0,0.0,-1.954188485597452,-0.9030899869919435,-3.000434077479319,0.8562440156494837,-1.1764393683385184,-0.4013733275519749,-1.77829594287675,0.5753144714251059,0.03953210486683129,0.040338366036250045,0.03839777611607063,0.0008255073442116853,0.0,0.0,0.0,0.0,0.0,0.0,0.0,0.0,1.0,1,0.6895275267141878,0.7331055796999202,0.661662367170761,0.031211156331976252,0.9166666666666666,0.922244094488189,0.9124015748031497,0.0041239518011733966,0.8236167050476794,0.8406617353310842,0.803550890419492,0.015300273549979966,0.9932880004689606,0.994108681634328,0.992760419719796,0.0005881515893191543,0.13408917833349163,0.16684710205920217,0.07044531071957183,0.045009498929089876,0.07662133380229397,0.08035884491664635,0.07075080556456903,0.004202453774024329,0.5,0.8333333333333333,0.0,0.3600411499115478,0.6666666666666665,0.7777777777777777,0.5555555555555555,0.1111111111111111,2,0.5,1.0,0.0,0.5,2,0.35008308250883835,0.561512194393235,0.0,0.24932265412582572,0.5460091616439924,0.624984025881827,0.4670342974061578,0.07897486423783459,0.035222655359785915,0.07044531071957183,0.0,0.035222655359785915,0.1646769791841507,0.2200949639081955,0.12726962566375732,0.03997851908474555,0.7619736393292745,0.7837892174720764,0.7369189858436584,0.019271280186375923,0.5972966601451238,0.6565195918083191,0.516824021935463,0.05897669359873545,0.08965064419640434,0.146729975938797,0.0,0.06417730261280141,0.49913869301478064,0.5731592112117343,0.42511817481782693,0.07402051819695368,0.2584120109677315,0.516824021935463,0.0,0.2584120109677315,0.0,0.3333333333333333,0.3333333333333333,1.0,1.0,1.0,0.0,2,-1.5220738104393614,-1.4313637641589874,-1.6127838567197355,0.09071004628037405,2,0.0,0.0,0.0,0.0,1
seed3_i9,3,9,9,9,append_notes.predict,0,0.4333333333333333,0,,,,,0,,,,,0,,,,,0,10.0,10.0,10.0,0.0,3,0.0,0.0,0.0,0.0,3,,,,,0,0.4444444444444445,0.6666666666666667,0.33333333333333337,0.15713484026367724,24.666666666666668,27.0,22.0,2.0548046676563256,3.0,3.0,3.0,0.0,-1.846465769229285,-1.5314789170422551,-2.1818435879447726,0.26590147915660856,-0.92964073119352,-0.8925356509068311,-0.9684186829161504,0.031001693618927097,0.031490142991061044,0.03389226449297485,0.028143751856977473,0.002439956725741105,0.0,0.0,0.0,0.0,0.0,0.0,0.0,0.0,1.0,0,0.7023141412655268,0.7087594626378392,0.69728118491809,0.004791227822840499,0.9230313795145056,0.9253996447602132,0.9191829484902309,0.002745298548104145,0.7940968424797652,0.8113923248216413,0.7755639761205261,0.014653008384332875,0.9890533846485191,0.9894654043880102,0.988622636739051,0.000344313215736351,0.0917827012142383,0.11411113990355126,0.0668045134826869,0.019403523792014998,0.06602200513401346,0.06988916432826509,0.06322299197883785,0.002824318846337099,0.4444444444444444,0.6666666666666666,0.0,0.31426968052735443,0.611111111111111,0.7777777777777777,0.4444444444444444,0.16666666666666663,2,0.5,1.0,0.0,0.5,2,0.313258053084109,0.4725063084252261,0.0,0.22151721712775385,0.4783491521573441,0.6032164258715202,0.353481878443168,0.12486727371417614,0.03340225674134345,0.0668045134826869,0.0,0.03340225674134345,0.1793029581507047,0.2665170729160309,0.11082909256219864,0.06492603232946856,0.7691172957420349,0.7903823852539062,0.7299747467041016,0.02771249258752511,0.5898143375913302,0.6264320462942123,0.5238653123378754,0.04672778136226833,0.09490661819775899,0.17767804861068726,0.0,0.07304254160626882,0.4822586509916517,0.6147418551974826,0.34977544678582084,0.13248320420583087,0.2619326561689377,0.5238653123378754,0.0,0.2619326561689377,0.0,0.3333333333333333,0.3333333333333333,1.0,1.0,1.0,0.0,2,-1.486101419189532,-1.146128035678238,-1.8260748027008264,0.33997338351129425,2,,,,,0
seed3_i10,3,10,10,10,append_notes.predict,1,0.4666666666666666,0,,,,,0,,,,,0,,,,,0,11.0,11.0,11.0,0.0,3,0.0,0.0,0.0,0.0,3,,,,,0,0.4444444444444445,0.6666666666666667,0.33333333333333337,0.15713484026367724,28.0,32.0,24.0,3.265986323710904,3.0,3.0,3.0,0.0,-2.02188006851121,-1.146128035678238,-3.000434077479319,0.760499357390903,-1.365709284970979,-0.8157193437807398,-2.2596731351140935,0.6376985575263243,0.028607429684992244,0.03199174006168487,0.025031286291119812,0.002844829122332138,0.0,0.0,0.0,0.0,0.0,0.0,0.0,0.0,1.0,2,0.7138233024462838,0.7345170744935419,0.6868580215491674,0.0199557042693572,0.9332273449920508,0.9332273449920508,0.9332273449920508,0.0,0.7945276277999521,0.8327568403012803,0.7743446250859415,0.027046207218470494,0.9902364715539559,0.9912625497253268,0.9890604281113847,0.0009052447505407377,0.08070432535366827,0.11266202900513789,0.04196434351909284,0.029257935177608493,0.05700912656190508,0.05803520473327595,0.05583308311933388,0.0009052447505407377,0.7777777777777777,0.8333333333333333,0.6666666666666666,0.0785674201318386,0.7407407407407406,0.8888888888888888,0.5555555555555555,0.1385799032138497,3,0.6666666666666666,1.0,0.0,0.4714045207910317,3,0.5548474847443398,0.6120975620779515,0.4800632075307616,0.05531035960376214,0.5891282212170247,0.6883063334097257,0.43137856556257476,0.11277097366003518,0.06671621084730399,0.11266202900513789,0.0,0.048282088495595184,0.20224053661028543,0.24903751909732819,0.14860297739505768,0.04128655478657201,0.7771598895390829,0.8804359436035156,0.717846691608429,0.07329559220789908,0.5749193529287974,0.6713548302650452,0.48415951430797577,0.07652747321577959,0.1569181631008784,0.20753126591444013,0.1238358144958814,0.03634765150029104,0.5767337150043911,0.6847835116916232,0.4073316852251688,0.12129289998848052,0.41353284815947217,0.6713548302650452,0.0,0.29536839414025934,0.0,0.3333333333333333,0.6666666666666666,1.0,1.0,1.0,0.0,3,-1.7642300496119316,-1.146128035678238,-3.000434077479319,0.8741282510351532,3,0.0,0.0,0.0,0.0,2
seed3_i11,3,11,11,11,gen_query.predict,0,0.4333333333333333,0,,,,,0,,,,,0,,,,,0,12.0,12.0,12.0,0.0,3,0.0,0.0,0.0,0.0,3,,,,,0,0.4444444444444445,0.6666666666666667,0.33333333333333337,0.15713484026367724,22.333333333333332,32.0,12.0,8.178562764256865,3.0,3.0,3.0,0.0,-2.387865150818779,-1.7481880270062005,-3.000434077479319,0.5115865410635209,-1.032658802327927,-0.9640315342301601,-1.1591851107329938,0.08957475000185258,0.024716850008232136,0.038245988424558945,0.01115569100406593,0.011059590787222549,0.0,0.0,0.0,0.0,0.0,0.0,0.0,0.0,1.0,1,0.6985276017064264,0.7064026426958291,0.684148155575841,0.010183189216347805,0.9403202328966521,0.9446870451237264,0.9374090247452693,0.003144464191367231,0.8701767444537353,0.8816745343414217,0.8511957542718455,0.013521285037913937,0.9957168103390127,0.9960945404508479,0.9950018211987535,0.0005058435727671061,0.1716491427473088,0.17527189164559265,0.1670475986960045,0.0034281461067505676,0.05539657744236067,0.05759279645348414,0.05140749532712152,0.0028255095220178304,0.6666666666666666,0.6666666666666666,0.6666666666666666,0.0,0.6666666666666666,0.7777777777777777,0.4444444444444444,0.1571348402636772,3,0.6666666666666666,1.0,0.0,0.4714045207910317,3,0.46568506780428426,0.4709350951305527,0.45609877038389396,0.006788792810898541,0.5822268285449224,0.685746860043328,0.3783092241208202,0.14419715550230297,0.11596660984864064,0.17527189164559265,0.0,0.08200787999817212,0.15579362710316977,0.178006112575531,0.14098574221134186,0.015994749926009258,0.7158878644307455,0.7973931431770325,0.6332361102104187,0.06702173116539596,0.5600942373275757,0.6490041166543961,0.4552299976348877,0.07990831626082325,0.10386241806877983,0.11867074171702066,0.09399049480756123,0.0106631666173395,0.48644210453386655,0.6201946669154697,0.2814382712046305,0.14718815988950879,0.4083509047826131,0.6490041166543961,0.0,0.290279719138052,0.0,0.3333333333333333,0.6666666666666666,1.0,1.0,1.0,0.0,3,-2.387865150818779,-1.7481880270062005,-3.000434077479319,0.5115865410635209,3,,,,,0
seed3_i12,3,12,12,12,append_notes.predict,0,0.4333333333333333,1,,,,,0,,,,,0,,,,,0,13.0,13.0,13.0,0.0,3,0.0,0.0,0.0,0.0,3,,,,,0,0.3333333333333333,0.33333333333333337,0.33333333333333337,5.551115123125783e-17,21.0,28.0,17.0,4.96655480858378,3.0,3.0,3.0,0.0,-2.466269387876892,-1.3979400086720377,-3.000434077479319,0.7554229485765669,-1.4254458069180471,-0.6250204211305667,-1.9904152294506121,0.5817533146280351,0.03258324131738046,0.03790226357761571,0.028186384193124574,0.004019732118521239,0.0,0.0,0.0,0.0,0.0,0.0,0.0,0.0,1.0,2,0.724049400650702,0.758341616457692,0.674609178022398,0.03582249660547601,0.9421076436001808,0.94640434192673,0.937584803256445,0.0036041106853254763,0.8126612375724117,0.8417007299388549,0.7937485998117672,0.02084492878514306,0.9925321405683943,0.993467257817711,0.9914662376898027,0.0008221309906546315,0.08861183692170971,0.1279252049442151,0.05455119233975114,0.030184209548229705,0.05042449696821346,0.05388143443335769,0.047062915890980994,0.002784465048409405,0.6666666666666666,0.6666666666666666,0.6666666666666666,0.0,0.6666666666666666,0.7777777777777777,0.4444444444444444,0.1571348402636772,3,0.6666666666666666,1.0,0.0,0.4714045207910317,3,0.48269960043380133,0.5055610776384614,0.44973945201493193,0.023881664403650693,0.5438755625772349,0.6546561232857759,0.3527771554718965,0.13569805977354768,0.07042810614179267,0.1279252049442151,0.0,0.05301963616191643,0.1539947638909022,0.18302291631698608,0.1311931610107422,0.021612624755177435,0.7783640225728353,0.8039534687995911,0.7619501948356628,0.018334170955204388,0.624369258681933,0.6379952430725098,0.6141819804906845,0.010021190679146294,0.10266317592726813,0.12201527754465738,0.08746210734049478,0.014408416503451624,0.5207331070193537,0.6252971423996818,0.33864453103807235,0.12922840424779974,0.4196419318517049,0.6379952430725098,0.0,0.296813425283073,0.0,0.3333333333333333,0.6666666666666666,1.0,1.0,1.0,0.0,3,-2.026538441175648,-1.3979400086720377,-3.000434077479319,0.6982928847576467,3,,,,,0
seed3_i13,3,13,13,13,gen_query.predict,0,0.4333333333333333,1,,,,,0,,,,,0,,,,,0,14.0,14.0,14.0,0.0,3,0.0,0.0,0.0,0.0,3,,,,,0,0.3333333333333333,0.33333333333333337,0.33333333333333337,5.551115123125783e-17,18.333333333333332,21.0,16.0,2.0548046676563256,3.0,3.0,3.0,0.0,-2.311980447768011,-1.0,-3.000434077479319,0.9280888586093001,-1.090495904311693,-0.4923737515732208,-1.5999248756443,0.4564845623009962,0.03095860787151467,0.034652260919818996,0.02727603889117751,0.0030113402327840684,0.0,0.0,0.0,0.0,0.0,0.0,0.0,0.0,1.0,1,0.6725469326903154,0.715621436280069,0.6461916678320949,0.03071126714531464,0.9464210080474375,0.9485387547649301,0.9447268106734434,0.0015847765297644805,0.8519457897182042,0.8707967612610678,0.8259252583062593,0.01900727730621619,0.996170402430299,0.996481227347901,0.9955663464583553,0.0004271924616506364,0.17939885702788874,0.2149690673022855,0.11030382202619027,0.04886470298639922,0.04974939438286141,0.05173682281119707,0.047027591693425186,0.0019914305740134004,0.6666666666666666,0.6666666666666666,0.6666666666666666,0.0,0.5555555555555555,0.7777777777777777,0.4444444444444444,0.1571348402636772,3,0.3333333333333333,1.0,0.0,0.4714045207910317,3,0.4483646217935435,0.477080957520046,0.4307944452213966,0.020474178096876412,0.47041204635323064,0.6423863120159794,0.3818290442610157,0.12162263927109582,0.03676794067539676,0.11030382202619027,0.0,0.05199772036367546,0.16936530669530234,0.18453212082386017,0.15243923664093018,0.013160788726468843,0.6905849774678549,0.7137090563774109,0.6532155275344849,0.026671641677657912,0.5212196707725525,0.5337057858705521,0.5007762908935547,0.014573410878633501,0.11291020446353488,0.12302141388257344,0.10162615776062012,0.008773859150979228,0.37950615971176704,0.5080565214157103,0.31325793266296387,0.09091310698300809,0.16692543029785156,0.5007762908935547,0.0,0.23606820743218643,0.0,0.6666666666666666,0.3333333333333333,1.0,1.0,1.0,0.0,3,-2.311980447768011,-1.0,-3.000434077479319,0.9280888586093001,3,,,,,0
seed3_i14,3,14,14,14,append_notes.predict,0,0.4333333333333333,1,,,,,0,,,,,0,,,,,0,15.0,15.0,15.0,0.0,3,0.0,0.0,0.0,0.0,3,,,,,0,0.5555555555555557,0.6666666666666667,0.33333333333333337,0.15713484026367724,19.666666666666668,21.0,17.0,1.8856180831641267,3.0,3.0,3.0,0.0,-2.9576748092356433,-2.8721562727482928,-3.000434077479319,0.060470737067354854,-1.5503414883650868,-1.3182255289728813,-1.8989775784079461,0.2509992581209369,0.02202731015953858,0.026109072958207975,0.01828631420233611,0.0032027051241437544,0.0,0.0,0.0,0.0,0.0,0.0,0.0,0.0,1.0,2,0.7324372359587431,0.756871216275948,0.7141355827362094,0.01797753543004414,0.9502958579881656,0.9520710059171598,0.9485207100591716,0.0014494022146646008,0.8269997472289443,0.8450120017649713,0.794228348738644,0.02321090406643429,0.993935236788705,0.9945811540769957,0.9927805881848581,0.0008183784970101898,0.09456251127020132,0.11545398231914605,0.08009276600243465,0.015133469008697234,0.0436393788005394,0.04592325804508979,0.040709582267698385,0.0021769260644961433,0.7777777777777777,0.8333333333333333,0.6666666666666666,0.0785674201318386,0.7962962962962963,0.8888888888888888,0.7222222222222222,0.06928995160692483,3,0.8333333333333334,1.0,0.5,0.23570226039551584,3,0.5700140905842819,0.6307260135632899,0.4842032725760478,0.062394948007936726,0.6569895199875552,0.7059807544343502,0.6102864457191459,0.03910052802603111,0.0798723803553641,0.11545398231914605,0.04407039274451163,0.029142645070011974,0.1510409712791443,0.16481095552444458,0.13489532470703125,0.012327991737484266,0.716078519821167,0.7407889366149902,0.6710748672485352,0.031873441720743675,0.5650375485420227,0.5873723030090332,0.5361795425415039,0.021402325247482205,0.11671131187015109,0.12784719467163086,0.10987397034962972,0.007942178164304,0.57195927478649,0.6584790547688801,0.4846651819017198,0.07096132876726326,0.47567429145177204,0.5873723030090332,0.26808977127075195,0.14692628689321796,0.0,0.3333333333333333,0.6666666666666666,1.0,1.0,1.0,0.0,3,-2.275070179984955,-1.0,-3.000434077479319,0.9044581701557945,3,0.0,0.0,0.0,0.0,2
seed3_i15,3,15,15,15,append_notes.predict,3,0.4999999999999999,1,,,,,0,,,,,0,,,,,0,16.0,16.0,16.0,0.0,3,0.0,0.0,0.0,0.0,3,,,,,0,0.4444444444444445,0.6666666666666667,0.33333333333333337,0.15713484026367724,22.666666666666668,27.0,17.0,4.189935029992178,3.0,3.0,3.0,0.0,-2.3605217548704043,-1.6901960800285136,-3.000434077479319,0.5353345567564949,-1.1490707391773654,-0.6637420252308316,-1.7047924765953855,0.42791190205981905,0.028638799825626494,0.030862120693389387,0.024279880727762826,0.0030824293007929186,0.0,0.0,0.0,0.0,0.0,0.0,0.0,0.0,1.0,1,0.7413041199624305,0.7538481275328933,0.7279495942369855,0.010588553929581345,0.9534069981583794,0.9535911602209944,0.9530386740331491,0.00026044448662488397,0.8000591014714459,0.8072395836974443,0.7960624382611691,0.005088200249568629,0.9934581942555734,0.9941896402521944,0.9922580046977376,0.0008554119371958014,0.058754981509015335,0.06892568821873868,0.05339145616455099,0.00719536127826848,0.04005119609719406,0.04088826378363908,0.03866684447674318,0.0009860073402627948,0.7222222222222222,0.8333333333333333,0.6666666666666666,0.0785674201318386,0.5925925925925924,0.7777777777777777,0.4444444444444444,0.13857990321384964,3,0.3333333333333333,1.0,0.0,0.4714045207910317,3,0.5346443907658973,0.6066246618641545,0.49474309207827516,0.050997821964144485,0.47478900930390394,0.6278530095424566,0.35380552811607513,0.11415596143276566,0.01779715205485033,0.05339145616455099,0.0,0.025168973807585534,0.1993173211812973,0.22618798911571503,0.180406853556633,0.019519250070948083,0.7410780191421509,0.7580785751342773,0.7161131501197815,0.01803417007968653,0.5417606979608536,0.5576852113008499,0.5318905860185623,0.011367570997558729,0.14290081709623337,0.15079199274381,0.12757141391436258,0.010841102094424225,0.44012167056401563,0.5896166695488823,0.33290770318773055,0.10898207062927716,0.17729686200618744,0.5318905860185623,0.0,0.2507356268153414,0.0,0.6666666666666666,0.3333333333333333,1.0,1.0,1.0,0.0,3,-1.5497458241165358,-0.8450980400142568,-2.113943352306837,0.5274383454781034,3,0.0,0.0,0.0,0.0,1
seed3_i16,3,16,16,16,gen_query.predict,4,0.5333333333333333,0,,,,,0,,,,,0,,,,,0,17.0,17.0,17.0,0.0,3,0.0,0.0,0.0,0.0,3,,,,,0,0.4444444444444445,0.6666666666666667,0.33333333333333337,0.15713484026367724,26.333333333333332,39.0,15.0,9.843215373488935,3.0,3.0,3.0,0.0,-2.698096613373624,-2.093421685162235,-3.000434077479319,0.4275697421517621,-1.4044491287283167,-0.7981505602754054,-1.9133354739764703,0.46045354731965676,0.03202471257281534,0.03595794071180972,0.028939776488862257,0.0029272691281636066,0.0,0.0,0.0,0.0,0.0,0.0,0.0,0.0,1.0,2,0.7449150327425671,0.754384212164787,0.7357200779249968,0.0076220677894551035,0.9554523563811489,0.957172342621259,0.9545923632610939,0.0012162139339294217,0.8633507817421587,0.876365697894096,0.853479034264355,0.00960414754193097,0.9974007386888274,0.9975346260387812,0.9971745152354571,0.00016086104700078235,0.11843574899959164,0.121981485729309,0.11556680493010774,0.002662150592737604,0.041948382307678424,0.04294226277768731,0.04000217261419803,0.0013762826150588887,0.7222222222222222,0.8333333333333333,0.6666666666666666,0.0785674201318386,0.648148148148148,0.7777777777777777,0.4444444444444444,0.14581496062984833,3,0.5,1.0,0.0,0.408248290463863,3,0.5385202558375329,0.6286535101373224,0.4904800519499979,0.06378006379539786,0.5604350542535267,0.6690503657195751,0.3793240152286022,0.1289109833125753,0.05885251593158741,0.11556680493010774,0.0,0.04720417079913853,0.1540332039197286,0.1841726303100586,0.1372281312942505,0.021358842660686883,0.7038751443227133,0.7281355261802673,0.666435956954956,0.026857275819338826,0.5498419404029846,0.5874366760253906,0.5292078256607056,0.026625761324674136,0.1103125876850552,0.12278175354003906,0.09379923343658447,0.012172734907935242,0.4542130916206925,0.5577086276478237,0.32361578941345215,0.09747048621922054,0.2658284107844035,0.5328813195228577,0.0,0.21754961077194182,0.0,0.6666666666666666,0.3333333333333333,1.0,1.0,1.0,0.0,3,-2.611142702363882,-2.093421685162235,-3.000434077479319,0.3812597536929242,3,0.0,0.0,0.0,0.0,1
seed3_i17,3,17,17,17,append_notes.predict,4,0.5333333333333333,0,,,,,0,,,,,0,,,,,0,18.0,18.0,18.0,0.0,3,0.0,0.0,0.0,0.0,3,,,,,0,0.3333333333333333,0.33333333333333337,0.33333333333333337,5.551115123125783e-17,25.0,30.0,18.0,5.0990195135927845,3.0,3.0,3.0,0.0,-2.447763611926948,-1.3424226808222062,-3.000434077479319,0.7815940679072152,-1.6978042950821175,-0.5478175588287292,-2.820086880905956,0.9278568883818927,0.029639896742654298,0.036647831018673055,0.024466960868237884,0.0051393134272879285,0.0,0.0,0.0,0.0,0.0,0.0,0.0,0.0,1.0,3,0.705640483469415,0.7360167691892315,0.6647362617957372,0.030037263081656357,0.955730447614363,0.9581898671913428,0.9527791441219872,0.0022361340706650106,0.7879274803949348,0.7972458490369357,0.7749573056047021,0.009458560785194848,0.9946004760285617,0.9958381502890173,0.993390003400204,0.000999636848691631,0.08228699692551981,0.11022104380896491,0.055562517353935026,0.022330635434610772,0.03887002841419873,0.04305900616703018,0.03638340720512101,0.002979308502164726,0.4444444444444444,0.8333333333333333,0.0,0.34246744460938755,0.7222222222222221,0.8888888888888888,0.5555555555555555,0.16666666666666669,2,0.8333333333333333,1.0,0.6666666666666666,0.16666666666666669,2,0.30731842314146557,0.5539468848297809,0.0,0.23018360985532585,0.5643086043085249,0.6888509383152908,0.43976627030175913,0.12454233400676581,0.07363136102246079,0.11022104380896491,0.03704167823595668,0.03658968278650412,0.16383860011895499,0.18350674211978912,0.1433730274438858,0.016394220225064333,0.7176479895909628,0.7628732323646545,0.6936138272285461,0.03200013246534821,0.5538093894720078,0.5982372015714645,0.5129501670598984,0.03490960410557293,0.0704102979765998,0.11947752286990483,0.0,0.051057906304256176,0.5017330646514893,0.6165456242031521,0.38692050509982634,0.11481255955166286,0.4461037889122963,0.5502407997846603,0.34196677803993225,0.10413701087236404,0.0,0.3333333333333333,0.3333333333333333,1.0,1.0,1.0,0.0,2,-1.5791812460476249,-0.6989700043360189,-2.459392487759231,0.8802112417116061,2,0.0,0.0,0.0,0.0,2
seed3_i18,3,18,18,18,gen_query.predict,5,0.4999999999999999,0,,,,,0,,,,,0,,,,,0,19.0,19.0,19.0,0.0,3,0.0,0.0,0.0,0.0,3,,,,,0,0.3333333333333333,0.33333333333333337,0.33333333333333337,5.551115123125783e-17,25.333333333333332,27.0,23.0,1.699673171197595,3.0,3.0,3.0,0.0,-2.287243157002005,-1.3222192947339193,-3.000434077479319,0.7078917465189823,-1.1947206358804703,-0.6414264286872938,-1.8369930292286434,0.49212648258421987,0.035345730717613384,0.04023001626766798,0.02954623708089513,0.004409383086808636,0.0,0.0,0.0,0.0,0.0,0.0,0.0,0.0,1.0,1,0.7156382196607204,0.7884797095207894,0.6652292429447705,0.052757827932749454,0.957280947926411,0.9597754911131899,0.9555659494855004,0.0018047765673199884,0.8577122475312714,0.8703226534271243,0.845435285116038,0.010162960978605634,0.9971580247850599,0.9973309045830013,0.9969640620849304,0.00015050298152358965,0.14207402787055112,0.19214956110588155,0.056955575595248664,0.06049990667041743,0.039877076858648865,0.04176495509750089,0.03718857097174044,0.0019521913140113937,0.6666666666666666,0.6666666666666666,0.6666666666666666,0.0,0.6666666666666666,0.7777777777777777,0.4444444444444444,0.1571348402636772,3,0.6666666666666666,1.0,0.0,0.4714045207910317,3,0.4770921464404802,0.5256531396805262,0.4434861619631803,0.035171885288499606,0.571845214296472,0.6769176193322077,0.3810572462447342,0.13513871490244736,0.0780241741685906,0.17711694691052315,0.0,0.07382645237361171,0.20602942009766897,0.3046516478061676,0.14029841125011444,0.07101347665634267,0.7014981309572855,0.7369799613952637,0.6453628540039062,0.040152602501069036,0.4954687108596166,0.5818531662225723,0.43232831358909607,0.0632172711960852,0.1373529467317793,0.20310109853744507,0.09353227416674295,0.04734231777089511,0.47390267363301025,0.5732066366407605,0.2868279351128472,0.13236558451939381,0.33806049327055615,0.5818531662225723,0.0,0.24671588683006004,0.0,0.3333333333333333,0.6666666666666666,1.0,1.0,1.0,0.0,3,-2.287243157002005,-1.3222192947339193,-3.000434077479319,0.7078917465189823,3,,,,,0
seed3_i19,3,19,19,19,gen_query.predict,4,0.5333333333333333,1,,,,,0,,,,,0,,,,,0,20.0,20.0,20.0,0.0,3,0.0,0.0,0.0,0.0,3,,,,,0,0.4444444444444445,0.6666666666666667,0.33333333333333337,0.15713484026367724,21.666666666666668,27.0,17.0,4.109609335312651,3.0,3.0,3.0,0.0,-2.2596731351140935,-0.7781512503836436,-3.000434077479319,1.0475941711691759,-0.920463264851354,-0.5604137457918624,-1.1004880243811,0.25459345648992165,0.03123344781849664,0.035536137538151845,0.02546316687199157,0.004241191068334173,0.0,0.0,0.0,0.0,0.0,0.0,0.0,0.0,1.0,2,0.7544507451859709,0.7667810528679736,0.7396396224977527,0.011218441453151587,0.9622251733805518,0.9628154050464808,0.9614873837981408,0.0005521111681826609,0.871930373964373,0.893779402850278,0.8498139259621222,0.01794982681882252,0.9972585685192973,0.9974523238269559,0.9971060377451829,0.00014434474758228758,0.11747962877840208,0.1541397803525253,0.08303287309414864,0.029071433928478243,0.03503339513874534,0.03572996018761199,0.034636918780475145,0.0004941152335888505,0.6666666666666666,0.6666666666666666,0.6666666666666666,0.0,0.6666666666666666,0.7777777777777777,0.4444444444444444,0.1571348402636772,3,0.6666666666666666,1.0,0.0,0.4714045207910317,3,0.5029671634573138,0.511187368578649,0.49309308166516846,0.0074789609687677,0.5837442990876097,0.6951617577724384,0.37769507820538767,0.1458598664729727,0.08980200441368587,0.1541397803525253,0.0,0.06545272171904222,0.17370437582333884,0.22181636095046997,0.1291753202676773,0.03790530871292564,0.704694390296936,0.7968394160270691,0.6522975564002991,0.06536067299539036,0.5309900144735972,0.5750230550765991,0.49482475221157074,0.033210122930864984,0.1158029172155592,0.14787757396697998,0.08611688017845154,0.025270205808617094,0.4742127259572347,0.6197639902432759,0.29553164376152885,0.1344243089432626,0.3660484304030736,0.5750230550765991,0.0,0.25970112796851597,0.0,0.3333333333333333,0.6666666666666666,1.0,1.0,1.0,0.0,3,-2.2596731351140935,-0.7781512503836436,-3.000434077479319,1.0475941711691759,3,,,,,0
seed3_i20,3,20,20,20,gen_query.predict,3,0.4999999999999999,0,,,,,0,,,,,0,,,,,0,21.0,21.0,21.0,0.0,3,0.0,0.0,0.0,0.0,3,,,,,0,0.3333333333333333,0.33333333333333337,0.33333333333333337,5.551115123125783e-17,24.0,35.0,17.0,7.874007874011811,3.0,3.0,3.0,0.0,-2.651703554799321,-1.954242509439325,-3.000434077479319,0.4931794347875113,-1.0038102122717318,-0.751757501701102,-1.1591851107329938,0.17983189125041515,0.03245738472589268,0.03760042362098713,0.027875451945920924,0.003989978995310716,0.0,0.0,0.0,0.0,0.0,0.0,0.0,0.0,1.0,2,0.7571633767863718,0.7821549829438883,0.7355629111623688,0.019171683351792465,0.9636670891423744,0.9649345162653148,0.9619771863117871,0.0012437348072564388,0.855396261392483,0.8622096343886293,0.848941160366936,0.005422752672445682,0.9971615720524017,0.9975133430373605,0.9967734109655507,0.00030316997142414495,0.09823288460611128,0.12664672322626047,0.06678617742304771,0.02453188340037741,0.0334944829100274,0.03553615672557342,0.032263445888979225,0.0014538473245004286,0.4444444444444444,0.6666666666666666,0.0,0.31426968052735443,0.611111111111111,0.7777777777777777,0.4444444444444444,0.16666666666666663,2,0.5,1.0,0.0,0.5,2,0.34131715982149924,0.5214366552959255,0.0,0.24147127036118143,0.5211683648567184,0.6650295473281318,0.37730718238530486,0.14386118247141347,0.05063287658451282,0.10126575316902564,0.0,0.05063287658451282,0.19133178889751434,0.24775660037994385,0.14917147159576416,0.04149187671517803,0.7573505640029907,0.792830228805542,0.7152237296104431,0.03202947420734377,0.5660187751054764,0.586930438876152,0.5450736284255981,0.017087987712665408,0.088206238216824,0.16517106691996256,0.0,0.06789770395116695,0.45432705680529273,0.5562851230303446,0.35236899058024085,0.10195806622505188,0.2830261290073395,0.566052258014679,0.0,0.2830261290073395,0.0,0.3333333333333333,0.3333333333333333,1.0,1.0,1.0,0.0,2,-2.4773382934593218,-1.954242509439325,-3.000434077479319,0.5230957840199969,2,,,,,0
seed3_i21,3,21,21,21,append_notes.predict,3,0.4999999999999999,0,,,,,0,,,,,0,,,,,0,22.0,22.0,22.0,0.0,3,0.0,0.0,0.0,0.0,3,,,,,0,0.5555555555555556,0.6666666666666667,0.33333333333333337,0.15713484026367724,25.333333333333332,37.0,18.0,8.339997335464536,3.0,3.0,3.0,0.0,-3.000434077479319,-3.000434077479319,-3.000434077479319,0.0,-1.506448756742729,-1.1591851107329938,-2.0002893849862127,0.3586806461020935,0.031206619566860366,0.03554344524633478,0.027883673384997476,0.003208217570416262,0.0,0.0,0.0,0.0,0.0,0.0,0.0,0.0,1.0,4,0.7577567347456428,0.7732581056240356,0.7408296008856373,0.01327721305977232,0.9661624203821656,0.9669585987261147,0.9653662420382165,0.0006500768956431165,0.815966268353829,0.8277342818657107,0.7956151304521493,0.014449048183182203,0.9958760920608812,0.996507788941729,0.9955185277887033,0.00044797389996403266,0.05820953360818626,0.08371979185798972,0.022357024828113636,0.02609685682113016,0.029713671678715674,0.030152285750486785,0.029439539070045928,0.0003133608903461946,0.5,0.8333333333333333,0.0,0.3600411499115478,0.6666666666666665,0.7777777777777777,0.5555555555555555,0.1111111111111111,2,0.5,1.0,0.0,0.5,2,0.3794227184257071,0.6443817546866963,0.0,0.27523736706620533,0.5416623000814519,0.6413161943561543,0.44200840580674955,0.09965389427470236,0.04185989592899486,0.08371979185798972,0.0,0.04185989592899486,0.13069460789362589,0.1631045937538147,0.1055021658539772,0.024063521896431492,0.7190735340118408,0.7378489971160889,0.6816186904907227,0.02648460289003517,0.588378926118215,0.6142758503556252,0.5747444033622742,0.01832045656120662,0.0727461791700787,0.13592049479484558,0.0,0.05590057039134433,0.49186196592118997,0.5738078223334417,0.4099161095089382,0.08194585641225177,0.3071379251778126,0.6142758503556252,0.0,0.3071379251778126,0.0,0.3333333333333333,0.3333333333333333,1.0,1.0,1.0,0.0,2,-3.000434077479319,-3.000434077479319,-3.000434077479319,0.0,2,0.0,0.0,0.0,0.0,1
seed3_i22,3,22,22,22,append_notes.predict,5,0.4999999999999999,0,,,,,0,,,,,0,,,,,0,23.0,23.0,23.0,0.0,3,0.0,0.0,0.0,0.0,3,,,,,0,0.4444444444444445,0.6666666666666667,0.33333333333333337,0.15713484026367724,28.0,30.0,26.0,1.632993161855452,3.0,3.0,3.0,0.0,-2.418713553353981,-1.255272505103306,-3.000434077479319,0.8226770547288377,-1.415810684891427,-0.6778079184956499,-2.0002893849862127,0.5507065380054673,0.03243719187420394,0.03730382963233218,0.027057806434917026,0.004198605362013485,0.0,0.0,0.0,0.0,0.0,0.0,0.0,0.0,1.0,3,0.7447412948103621,0.7544440137729221,0.7292586970779985,0.011064366021937814,0.9675415240268798,0.9688094332445797,0.9661468238874097,0.0010906967499736953,0.7931836201914874,0.8407354851600951,0.7509849269012046,0.036835517391134366,0.9958376576059355,0.9966767505023517,0.9946563031333495,0.0008596158570813782,0.04844232538112525,0.1114767880820966,0.0004637533210390954,0.04655450822392794,0.028296133579055804,0.030529926614942027,0.02584686988876983,0.0019179113252558986,0.5555555555555555,0.8333333333333333,0.0,0.3928371006591931,0.7222222222222222,0.7222222222222222,0.7222222222222222,0.0,2,0.5,0.5,0.5,0.0,2,0.4180458853758576,0.6287033448107684,0.0,0.29560609303007684,0.5556833300107435,0.568988657259506,0.542378002761981,0.013305327248762489,0.008462547015319788,0.016693217370120028,0.0002318766605195477,0.00823067035480024,0.1405919666091601,0.17060546576976776,0.12205628305673599,0.021417453534869357,0.6566811005274454,0.7333986163139343,0.5529608130455017,0.07609779879213346,0.5160891339182854,0.6113423332571983,0.38235534727573395,0.09736298624783289,0.06976956501603127,0.10759512583414713,0.0,0.04939293018886958,0.5117242319716347,0.5296767784489526,0.49377168549431694,0.01795254647731781,0.29147801361978054,0.30567116662859917,0.2772848606109619,0.014193153008818626,0.0,0.6666666666666666,0.0,1.0,1.0,1.0,0.0,2,-2.3540021267886275,-1.7075701760979363,-3.000434077479319,0.6464319506906913,2,0.0,0.0,0.0,0.0,2
seed3_i23,3,23,23,23,gen_query.predict,5,0.4999999999999999,0,,,,,0,,,,,0,,,,,0,24.0,24.0,24.0,0.0,3,0.0,0.0,0.0,0.0,3,,,,,0,0.3333333333333333,0.33333333333333337,0.33333333333333337,5.551115123125783e-17,22.333333333333332,23.0,22.0,0.4714045207910317,3.0,3.0,3.0,0.0,-2.538345347194372,-1.863322860120456,-3.000434077479319,0.4880307836916553,-1.1831621996744517,-1.0982288747598143,-1.2504263679944474,0.06337806433249613,0.032854850893981,0.03532257648947578,0.0309758125502731,0.0018227275708125796,0.0,0.0,0.0,0.0,0.0,0.0,0.0,0.0,1.0,1,0.7639808062111078,0.7813208051503208,0.7297199755811556,0.02422667004062876,0.969245671388788,0.9713040319651289,0.9676716309480566,0.001521952426441045,0.8580056964588819,0.8720600278330863,0.8476655116872686,0.010299490868850283,0.9980557824958375,0.9983453468049681,0.9975283617899211,0.00037353971482007416,0.09402489024777409,0.1245715742751351,0.0663447065369478,0.02385727910860205,0.028810111107049563,0.029856730841864465,0.026989606927494414,0.0012920971933118013,0.4444444444444444,0.6666666666666666,0.0,0.31426968052735443,0.7777777777777777,0.7777777777777777,0.7777777777777777,0.0,2,1.0,1.0,1.0,0.0,2,0.33578684016255034,0.5208805367668805,0.0,0.23785212637579697,0.661872190600273,0.6644489832215594,0.6592953979789866,0.0025767926212864056,0.09545814040604145,0.1245715742751351,0.0663447065369478,0.029113433869093652,0.13378573705752692,0.1812387853860855,0.10290982574224472,0.03405835759779885,0.7289711435635885,0.8152045607566833,0.6794314384460449,0.06120134293138506,0.5951854065060616,0.6339657753705978,0.5622228384017944,0.0295764247951198,0.04891520573033226,0.07813906669616699,0.0,0.034806515003303014,0.5334423383076985,0.5384380022684733,0.5284466743469237,0.004995663960774777,0.5757952220737934,0.5893676057457924,0.5622228384017944,0.013572383671998978,0.0,0.0,0.6666666666666666,1.0,1.0,1.0,0.0,2,-2.215898920819153,-1.4313637641589874,-3.000434077479319,0.7845351566601657,2,,,,,0
seed3_i24,3,24,24,24,append_notes.predict,5,0.4999999999999999,0,,,,,0,,,,,0,,,,,0,25.0,25.0,25.0,0.0,3,0.0,0.0,0.0,0.0,3,,,,,0,0.5555555555555557,0.6666666666666667,0.33333333333333337,0.15713484026367724,29.666666666666668,45.0,21.0,10.873004286866728,3.0,3.0,3.0,0.0,-3.000434077479319,-3.000434077479319,-3.000434077479319,0.0,-1.984246520873729,-1.3821873710525188,-2.7026927082021683,0.5453396759421044,0.02776421210406459,0.030957968059703998,0.024084220028944215,0.0028271802407474757,0.0,0.0,0.0,0.0,0.0,0.0,0.0,0.0,1.0,4,0.7625763903551248,0.7874823915093057,0.7401094425772946,0.019416673396134697,0.9696116390942157,0.9704329461457233,0.9683210137275607,0.0009238540272218307,0.8391482599137748,0.8661060511776154,0.8033697400158971,0.026360514976905388,0.9967883756853558,0.9973723073789276,0.9961093853439935,0.0005199487964984918,0.07657186955865014,0.10596871419884124,0.06048659703850667,0.020817528024512134,0.027176736591140244,0.029051293651366827,0.02567643919827023,0.0014029643304693269,0.8333333333333334,0.8333333333333333,0.8333333333333333,1.1102230246251565e-16,0.7222222222222222,0.8888888888888888,0.5555555555555555,0.13608276348795434,3,0.5,1.0,0.0,0.408248290463863,3,0.6354803252959372,0.6562353262577546,0.6167578688144121,0.01618056116344557,0.602566170428742,0.7141064355696863,0.4811700284320085,0.09535091740163407,0.03116786531928528,0.06326029743860251,0.0,0.025834181824744076,0.1777806058526039,0.24303080141544342,0.11924680322408676,0.050757278641232716,0.6893077691396078,0.7206928133964539,0.6363693475723267,0.03764768941349669,0.5115271632870039,0.5496286004781723,0.4678303450345993,0.03362756672055765,0.14815050487716994,0.20252566784620282,0.0993723360200723,0.042297732201027255,0.49314875183282075,0.5656616422865125,0.4003848963313632,0.06897669595549456,0.2503459056218465,0.5171225443482399,0.0,0.21143384814335975,0.0,0.6666666666666666,0.3333333333333333,1.0,1.0,1.0,0.0,3,-2.1495588300379196,-0.8450980400142568,-3.000434077479319,0.9365444434831103,3,0.0,0.0,0.0,0.0,3
seed3_i25,3,25,25,25,gen_query.predict,3,0.4999999999999999,1,,,,,0,,,,,0,,,,,0,26.0,26.0,26.0,0.0,3,0.0,0.0,0.0,0.0,3,,,,,0,0.5555555555555556,0.6666666666666667,0.33333333333333337,0.15713484026367724,17.666666666666668,21.0,16.0,2.3570226039551585,3.0,3.0,3.0,0.0,-3.000434077479319,-3.000434077479319,-3.000434077479319,0.0,-1.729766349993872,-1.5018613519330748,-1.8932873246971458,0.1661576558299404,0.032023108776226536,0.035001688499377445,0.026677615376401145,0.003788074146034776,0.0,0.0,0.0,0.0,0.0,0.0,0.0,0.0,1.0,3,0.74478543633768,0.7617435281305768,0.716236404947388,0.02030577874506545,0.9710095882684716,0.971912013536379,0.9702199661590525,0.0006953653697652397,0.8459815104491356,0.8736326563230262,0.8163344028397108,0.0234344527067429,0.9978107290304382,0.9981056235095007,0.9975767366720517,0.00022016981769204316,0.10119607411145559,0.13174106723728185,0.059958026904635475,0.030265021328632593,0.026801140761966713,0.027529860750709845,0.0261936099731217,0.0005522117056469011,0.611111111111111,0.8333333333333333,0.5,0.1571348402636772,0.5370370370370371,0.7222222222222222,0.4444444444444444,0.13094570021973104,3,0.38888888888888884,0.5,0.3333333333333333,0.07856742013183862,3,0.45197454094077205,0.59686367078949,0.37818818796753767,0.10245794375061765,0.45450821503152977,0.6124281743555949,0.3628152901509826,0.1121491954455418,0.04105097288366752,0.06587053361864093,0.019986008968211823,0.01891948111615482,0.12269000957409541,0.1383894681930542,0.09525517374277115,0.01946674340455725,0.6546679933865865,0.7175995707511902,0.6094425320625305,0.04589565094433285,0.5319779838124911,0.579210102558136,0.5025364905595779,0.033735149431943466,0.07628115887443225,0.11202115565538405,0.047627586871385574,0.026761863254571378,0.3499415042223754,0.4600280225276947,0.2708633475833469,0.08027850451862696,0.20524468852414024,0.25126824527978897,0.17139578610658646,0.033725055866351515,0.0,1.0,0.0,1.0,1.0,1.0,0.0,3,-0.8943490127462832,-0.0,-2.3820170425748683,1.059094547181038,3,0.0,0.0,0.0,0.0,3
seed3_i26,3,26,26,26,gen_query.predict,5,0.4999999999999999,0,,,,,0,,,,,0,,,,,0,27.0,27.0,27.0,0.0,3,0.0,0.0,0.0,0.0,3,,,,,0,0.4444444444444445,0.6666666666666667,0.33333333333333337,0.15713484026367724,19.0,22.0,15.0,2.943920288775949,3.0,3.0,3.0,0.0,-2.126398417598564,-1.414973347970818,-3.000434077479319,0.6573954082844564,-1.1731430255277429,-0.5720011145449331,-1.7911153601498084,0.49784357203783985,0.030173178393891314,0.03196491758463031,0.029160380888948168,0.001270542963135525,0.0,0.0,0.0,0.0,0.0,0.0,0.0,0.0,1.0,1,0.7097375987965201,0.7212312466453112,0.7011094141333426,0.008460898114700311,0.9710900989022933,0.9726116726442778,0.9700032605151614,0.0011083620288214007,0.8705962087533732,0.8785200251093294,0.8622885582717524,0.006632024597956917,0.9978071420908821,0.9979081082104386,0.9976430721466029,0.00011704015921717249,0.160858609956853,0.16987062874569525,0.15541642266084565,0.006418140491411958,0.02671704318858888,0.027866985400443522,0.02529643556616079,0.001066732217567094,0.5555555555555555,0.8333333333333333,0.0,0.3928371006591931,0.8055555555555556,0.8888888888888888,0.7222222222222222,0.08333333333333331,2,0.75,1.0,0.5,0.25,2,0.3911059860400692,0.5890601130090889,0.0,0.27656064396020164,0.698484220655483,0.7742044825591448,0.6227639587518212,0.07572026190366177,0.12378942003805904,0.16987062874569525,0.07770821133042283,0.04608120870763621,0.16531087458133698,0.1810218095779419,0.13975678384304047,0.018227568377632754,0.68535848458608,0.7230539321899414,0.64552241563797,0.03168828079397539,0.520047610004743,0.5477423220872879,0.4703683853149414,0.035205781900579304,0.08747522615724139,0.14596169193585712,0.0,0.06301568613930739,0.5351624174250497,0.5737977027893066,0.4965271320607927,0.03863528536425698,0.3721197731792927,0.4703683853149414,0.27387116104364395,0.09824861213564873,0.0,0.3333333333333333,0.3333333333333333,1.0,1.0,1.0,0.0,2,-1.638000994981025,-1.505149978319906,-1.7708520116421442,0.1328510166611191,2,0.0,0.0,0.0,0.0,2
seed3_i27,3,27,27,27,append_notes.predict,5,0.4999999999999999,0,,,,,0,,,,,0,,,,,0,28.0,28.0,28.0,0.0,3,0.0,0.0,0.0,0.0,3,,,,,0,0.6666666666666666,0.6666666666666667,0.6666666666666667,1.1102230246251565e-16,21.333333333333332,28.0,17.0,4.784233364802441,3.0,3.0,3.0,0.0,-2.7489923239259078,-2.4727564493172123,-3.000434077479319,0.21613573072628026,-1.5945585374623903,-1.3508466819780074,-1.8812955846551687,0.21868148058917294,0.03194185831673611,0.03504614149806924,0.02727694135244155,0.003358253621462176,0.0,0.0,0.0,0.0,0.0,0.0,0.0,0.0,1.0,1,0.7438218762854438,0.7641059672405022,0.7068453715500604,0.026187420174150357,0.9730407523510971,0.9736677115987461,0.9721003134796238,0.0006771933854136005,0.7695107508885605,0.8004579607368744,0.7095852468538256,0.04238135346732631,0.9966397912248413,0.996758130366135,0.9964404831973991,0.00014175542633840403,0.02568887460311668,0.09164367352492098,-0.05452072038667655,0.06051670248832756,0.023599038873744076,0.024657816886511252,0.022772771598652986,0.0007869328080889638,0.5555555555555555,0.8333333333333333,0.0,0.3928371006591931,0.8888888888888888,0.8888888888888888,0.8888888888888888,0.0,2,1.0,1.0,1.0,0.0,2,0.42350562702951966,0.6367549727004184,0.0,0.29946619364322724,0.6711303144847556,0.711518187321666,0.630742441647845,0.04038787283691053,-0.007288524857785472,0.0399436706711056,-0.05452072038667655,0.047232195528891074,0.16017803053061166,0.21325333416461945,0.12824808061122894,0.03778727978836712,0.6794021129608154,0.7049502730369568,0.6548020839691162,0.02048388685627373,0.5192240824302038,0.5659175962209702,0.46520064771175385,0.04144290638823973,0.07424465484089321,0.11586056401332219,0.0,0.05262695036002166,0.604334380891588,0.6266224649217393,0.5820462968614366,0.022288084030151367,0.5462357997894287,0.5659175962209702,0.5265540033578873,0.019681796431541443,0.0,0.0,0.6666666666666666,1.0,1.0,1.0,0.0,2,-1.4722413360750843,-0.3010299956639812,-2.6434526764861874,1.171211340411103,2,0.0,0.0,0.0,0.0,2
seed3_i28,3,28,28,28,gen_query.predict,5,0.4999999999999999,1,,,,,0,,,,,0,,,,,0,29.0,29.0,29.0,0.0,3,0.0,0.0,0.0,0.0,3,,,,,0,0.4444444444444445,0.6666666666666667,0.33333333333333337,0.15713484026367724,26.0,29.0,23.0,2.449489742783178,3.0,3.0,3.0,0.0,-2.418713553353981,-1.255272505103306,-3.000434077479319,0.8226770547288377,-1.4215947034355583,-0.7781512503836435,-1.9803168541372953,0.49442478970754705,0.025335394693930965,0.0289277791674404,0.023372525924778415,0.00254384233271717,0.0,0.0,0.0,0.0,0.0,0.0,0.0,0.0,1.0,2,0.767791557985959,0.7958592386471378,0.7309958014250442,0.027190082183886882,0.9742502272038776,0.9748561042108452,0.9739472887003938,0.00042841974019180404,0.8744874584636833,0.8811716807868599,0.8635090844544479,0.007823964524782984,0.9981229676498321,0.9981758418005411,0.9980172193484143,7.477534103154814e-05,0.10669590047772422,0.15017587936181576,0.06764984580731004,0.033836679471734285,0.023872740445954516,0.024228553100147265,0.02316111513756902,0.0005031950812233523,0.7222222222222222,0.8333333333333333,0.6666666666666666,0.0785674201318386,0.7592592592592592,0.7777777777777777,0.7222222222222222,0.026189140043946166,3,0.8333333333333334,1.0,0.5,0.23570226039551584,3,0.5560754408043692,0.6632160322059482,0.48733053428336276,0.07676630579429633,0.6641660031670416,0.6853557517231131,0.6236454498837679,0.02866240681713807,0.09542092617650588,0.15017587936181576,0.03382492290365502,0.047745758917467476,0.12153144677480061,0.14225244522094727,0.1100504994392395,0.014680491282121915,0.6775059302647909,0.7298252582550049,0.6426008939743042,0.03767815987717985,0.5559744834899902,0.6175338625907898,0.5003484487533569,0.04802436003786993,0.08713488115204704,0.0948349634806315,0.07486093044281006,0.00877233161410144,0.5147251376399287,0.5676418675316703,0.47673285007476807,0.038584682606913875,0.4643009603023529,0.6175338625907898,0.275020569562912,0.14213468974396357,0.0,0.3333333333333333,0.6666666666666666,1.0,1.0,1.0,0.0,3,-2.398741022505064,-1.255272505103306,-3.000434077479319,0.8089242721832827,3,0.0,0.0,0.0,0.0,1
seed3_i29,3,29,29,29,append_notes.predict,6,0.4333333333333333,0,,,,,0,,,,,0,,,,,0,30.0,30.0,30.0,0.0,3,0.0,0.0,0.0,0.0,3,,,,,0,0.4444444444444445,0.6666666666666667,0.33333333333333337,0.15713484026367724,22.333333333333332,24.0,21.0,1.247219128924647,3.0,3.0,3.0,0.0,-3.000434077479319,-3.000434077479319,-3.000434077479319,0.0,-1.5325703533458659,-1.1004880243811,-2.3380379249235035,0.5700554614151931,0.03222508506702958,0.033894095220962754,0.03057260118025462,0.001356044616705647,0.0,0.0,0.0,0.0,0.0,0.0,0.0,0.0,1.0,3,0.7228494933825641,0.7619190017923869,0.654859722217969,0.0482542470262266,0.9725501770956315,0.973435655253837,0.9713695395513577,0.0008689257050696217,0.793476468405744,0.8188959079274049,0.7687835025473676,0.02046475207490318,0.997074882431663,0.9973032265896655,0.9969130182183953,0.00016609300716027077,0.07062697502317998,0.11392378032939865,0.04098023860512334,0.03130424204809896,0.02452470533603131,0.025933687038307784,0.023477362964558268,0.0010348813919183583,0.38888888888888884,0.6666666666666666,0.0,0.2832788618662658,0.611111111111111,0.7777777777777777,0.4444444444444444,0.16666666666666663,2,0.6666666666666666,1.0,0.3333333333333333,0.33333333333333337,2,0.29404644610702807,0.5011798374248908,0.0,0.21363632131872823,0.49026853305037976,0.6165833292441352,0.36395373685662435,0.1263147961937554,0.029986270325064658,0.04098023860512334,0.018992302045005977,0.010993968280058683,0.16298133383194605,0.24030464887619019,0.11889531463384628,0.054854929809850204,0.689959704875946,0.7135551571846008,0.669942319393158,0.01798373017875607,0.526978371044,0.5838111191987991,0.44607698917388916,0.05874888362128584,0.07321691885590553,0.16020309925079346,0.0,0.06612338302943757,0.41580226355128813,0.5338523851500616,0.29775214195251465,0.11805012159877348,0.3148796620468298,0.44607698917388916,0.18368233491977054,0.1311973271270593,0.0,0.3333333333333333,0.3333333333333333,1.0,1.0,1.0,0.0,2,-2.0398076617634717,-1.0791812460476249,-3.000434077479319,0.960626415715847,2,0.0,0.0,0.0,0.0,1
seed3_i30,3,30,30,30,append_notes.predict,5,0.4999999999999999,1,,,,,0,,,,,0,,,,,0,31.0,31.0,31.0,0.0,3,0.0,0.0,0.0,0.0,3,,,,,0,0.5555555555555556,0.6666666666666667,0.33333333333333337,0.15713484026367724,20.666666666666668,26.0,17.0,3.8586123009300755,3.0,3.0,3.0,0.0,-3.000434077479319,-3.000434077479319,-3.000434077479319,0.0,-1.8611509349336437,-1.3821873710525188,-2.2009760487622,0.3484473713476833,0.03357898456598831,0.05140696632522506,0.02390329040654404,0.012621618810391857,0.0,0.0,0.0,0.0,0.0,0.0,0.0,0.0,1.0,5,0.7870684705326524,0.8113253559245276,0.7499146789725772,0.026677899123403192,0.9755125284738041,0.9769362186788155,0.974373576309795,0.001065392194411711,0.8072387416576046,0.8295609011188101,0.7854879116022454,0.017997257461426244,0.9967335574902103,0.9973693080458069,0.9963416940012002,0.00045358448834767164,0.02017027112495214,0.056752733279180734,-0.025837444322282188,0.03436966597440524,0.0212210290164061,0.021968117691405165,0.020433089366991397,0.0006273380751350185,0.7222222222222222,0.8333333333333333,0.6666666666666666,0.0785674201318386,0.7037037037037036,0.7777777777777777,0.5555555555555555,0.10475656017578482,3,0.6666666666666666,1.0,0.0,0.4714045207910317,3,0.5697859445731308,0.6761044632704396,0.4999431193150515,0.07640271345507141,0.5696680648742668,0.6452140342035189,0.4363821731123585,0.09452728189468647,0.02878275256571287,0.056752733279180734,-0.0,0.023176333219145608,0.14848832786083221,0.16924889385700226,0.1262563318014145,0.01758245200664881,0.6316253542900085,0.6481031179428101,0.6111413240432739,0.015353201209827977,0.48313702642917633,0.5218467861413956,0.46118156611919403,0.02745416958533352,0.10600645922952227,0.11283259590466817,0.0999731719493866,0.0052796877267374705,0.4432565260816503,0.494380149576399,0.36005728774600554,0.05934246148777941,0.3091880977153778,0.4663827270269394,0.0,0.21863931156943936,0.0,0.3333333333333333,0.6666666666666666,1.0,1.0,1.0,0.0,3,-3.000434077479319,-3.000434077479319,-3.000434077479319,0.0,3,0.0,0.0,0.0,0.0,1
seed3_i31,3,31,31,31,gen_query.predict,6,0.4333333333333333,0,,,,,0,,,,,0,,,,,0,32.0,32.0,32.0,0.0,3,0.0,0.0,0.0,0.0,3,,,,,0,0.5555555555555556,0.6666666666666667,0.33333333333333337,0.15713484026367724,23.0,32.0,14.0,7.3484692283495345,3.0,3.0,3.0,0.0,-2.9674421587849165,-2.9014583213961123,-3.000434077479319,0.046657618866334016,-1.8200350984481168,-1.459526525371925,-2.0002893849862127,0.2549180566980612,0.031213713232977624,0.03726086160171408,0.019753777426232307,0.00810753558810777,0.0,0.0,0.0,0.0,0.0,0.0,0.0,0.0,1.0,4,0.7650141977592558,0.765556002934806,0.7645448019331242,0.0004159841358056378,0.9755377088525802,0.9778454721683744,0.9742453613957353,0.0016357468057480928,0.8611465620994275,0.8920047932122434,0.8333860884813981,0.02403102456135797,0.9984112171156649,0.9984883424983997,0.9983186666563832,7.012333221240097e-05,0.0961323643401717,0.12644879027743738,0.06884128654827382,0.02361525876810597,0.022873508263084874,0.024073305260647992,0.020581170023837525,0.00162151922624618,0.7777777777777777,0.8333333333333333,0.6666666666666666,0.0785674201318386,0.6296296296296295,0.7777777777777777,0.5555555555555555,0.10475656017578482,3,0.3333333333333333,1.0,0.0,0.4714045207910317,3,0.5949809424141128,0.637451490341531,0.5103706686232039,0.05982865079563425,0.544489185848737,0.6937815058317447,0.4629922713785544,0.10571370280576596,0.04214959675914579,0.12644879027743738,0.0,0.05960853138534104,0.16530939439932504,0.19546324014663696,0.13025660812854767,0.026844936561357537,0.6710557341575623,0.7322419285774231,0.5952582359313965,0.05686973806824022,0.5057463397582372,0.5620335936546326,0.4650016278028488,0.04110943571133358,0.1283018100592825,0.1628860334555308,0.10854717344045638,0.024537256161821678,0.42704888405623254,0.5695215000046623,0.3306990199618869,0.10280896660762144,0.18734453121821085,0.5620335936546326,0.0,0.2649451768852235,0.0,0.6666666666666666,0.3333333333333333,1.0,1.0,1.0,0.0,3,-2.333622718319546,-1.0,-3.000434077479319,0.9430136676681878,3,0.0,0.0,0.0,0.0,2
seed3_i32,3,32,32,32,append_notes.predict,7,0.5,1,,,,,0,,,,,0,,,,,0,33.0,33.0,33.0,0.0,3,0.0,0.0,0.0,0.0,3,,,,,0,0.3333333333333333,0.33333333333333337,0.33333333333333337,5.551115123125783e-17,19.666666666666668,25.0,11.0,6.182412330330469,3.0,3.0,3.0,0.0,-1.6531584899334708,-0.8450980400142568,-3.000434077479319,0.9589692668287763,-0.7182917164578132,-0.38204267855941265,-1.3011746881570874,0.41378104978626506,0.031881503288855285,0.03898169298032316,0.024373823619565128,0.005970594491715909,0.0,0.0,0.0,0.0,0.0,0.0,0.0,0.0,1.0,1,0.7825415744656987,0.7914357078999713,0.7655263451742217,0.01203572232024436,0.9769375167605255,0.9772056851702869,0.9766693483507642,0.00021895858968296693,0.8498577566205845,0.8615219172874186,0.8370239140534602,0.010035409223466608,0.9973404727316058,0.997421602257429,0.997193425466051,0.00010416340796832064,0.06731618215488573,0.09599557211319687,0.04636124373055717,0.02098637656710598,0.020402955971080144,0.020752253906664797,0.020200705301050226,0.00024801698842241785,0.2222222222222222,0.6666666666666666,0.0,0.31426968052735443,0.4444444444444444,0.4444444444444444,0.4444444444444444,0.0,1,0.0,0.0,0.0,0.0,1,0.17587460175554917,0.5276238052666475,0.0,0.24872424707966462,0.37823441712038863,0.37823441712038863,0.37823441712038863,0.0,0.0,0.0,0.0,0.0,0.12377486874659856,0.14704997837543488,0.09426150470972061,0.0219976150454777,0.6501046419143677,0.6786373257637024,0.61236172914505,0.02782965941052157,0.5263297731677691,0.56505336612463,0.48234860599040985,0.03396813116464469,0.03267777297231886,0.09803331891695657,0.0,0.046213349725602294,0.30161658922831214,0.30161658922831214,0.30161658922831214,0.0,0.0,0.0,0.0,0.0,0.0,0.3333333333333333,0.0,1.0,1.0,1.0,0.0,1,-0.6020599913279624,-0.6020599913279624,-0.6020599913279624,0.0,1,,,,,0
seed4_i0,4,0,0,0,gen_query.predict,0,0.4666666666666666,0,,,,,0,,,,,0,,,,,0,1.0,1.0,1.0,0.0,3,0.0,0.0,0.0,0.0,3,,,,,0,0.6666666666666666,0.6666666666666667,0.6666666666666667,1.1102230246251565e-16,20.666666666666668,25.0,17.0,3.2998316455372216,3.0,3.0,3.0,0.0,-2.608980985886488,-1.8260748027008264,-3.000434077479319,0.5535982711634587,-1.3805738047061593,-0.9684186829161504,-1.7911153601498084,0.33586645002648596,0.0299201574947164,0.03389226449297485,0.02390329040654404,0.00432671420316658,0.0,0.0,0.0,0.0,0.0,0.0,0.0,0.0,1.0,2,,,,,,,,,,,,,,,,,,,,,,,,,0.27777777777777773,0.8333333333333333,0.0,0.3928371006591931,0.8888888888888888,0.8888888888888888,0.8888888888888888,0.0,1,1.0,1.0,1.0,0.0,1,,,,,,,,,,,,,,,,,,,,,,,,,,,,,,,,,,,,,0.0,0.0,0.3333333333333333,1.0,1.0,1.0,0.0,1,-0.8450980400142568,-0.8450980400142568,-0.8450980400142568,0.0,1,0.0,0.0,0.0,0.0,1
seed4_i1,4,1,1,1,append_notes.predict,0,0.4666666666666666,0,,,,,0,,,,,0,,,,,0,2.0,2.0,2.0,0.0,3,0.0,0.0,0.0,0.0,3,,,,,0,0.3333333333333333,0.33333333333333337,0.33333333333333337,5.551115123125783e-17,27.0,30.0,24.0,2.449489742783178,3.0,3.0,3.0,0.0,-2.651703554799321,-1.954242509439325,-3.000434077479319,0.4931794347875113,-1.3023253533008756,-0.9694950062928833,-1.8369930292286434,0.3818306216622456,0.034907442808719026,0.04023001626766798,0.03057260118025462,0.004004008588848935,0.0,0.0,0.0,0.0,0.0,0.0,0.0,0.0,1.0,2,0.4576644649851762,0.46024609901667274,0.4530672473048774,0.003258927334668687,0.6175115207373272,0.6359447004608295,0.5990783410138248,0.015050628219865943,0.6574351599852924,0.6911494325263522,0.6377083752500586,0.023954456955378477,0.9374459184618318,0.9458674412463691,0.9229366165070679,0.010303768638228758,0.1997706950001162,0.23146938389237365,0.18320157316279367,0.022422061124540846,0.3199343977245046,0.3467891002325443,0.2869919160462384,0.024788728629114617,0.5,0.8333333333333333,0.0,0.3600411499115478,0.8333333333333333,0.8888888888888888,0.7777777777777777,0.05555555555555558,2,1.0,1.0,1.0,0.0,2,0.2299972605344043,0.38353841584722725,0.0,0.16564939103799992,0.5547570780622331,0.5719534863817479,0.5375606697427183,0.0171964083195148,0.20733547852758366,0.23146938389237365,0.18320157316279367,0.024133905364789987,0.2661739339431127,0.370823472738266,0.20956391096115112,0.07408107214761948,0.8936506311098734,1.0084069967269897,0.81996750831604,0.08222983503635964,0.6274766971667608,0.6430134773254395,0.6018330901861191,0.01826776820053905,0.14299811008903715,0.2472156484921773,0.0,0.10458439580888948,0.7565882802009583,0.7843165530098808,0.7288600073920356,0.027728272808922594,0.6197083070874214,0.6375835239887238,0.6018330901861191,0.017875216901302338,0.0,0.0,0.6666666666666666,1.0,1.0,1.0,0.0,2,-2.0398076617634717,-1.0791812460476249,-3.000434077479319,0.960626415715847,2,0.0,0.0,0.0,0.0,1
seed4_i2,4,2,2,2,gen_query.predict,0,0.4666666666666666,0,,,,,0,,,,,0,,,,,0,3.0,3.0,3.0,0.0,3,0.0,0.0,0.0,0.0,3,,,,,0,0.4444444444444445,0.6666666666666667,0.33333333333333337,0.15713484026367724,25.0,34.0,14.0,8.286535263104035,3.0,3.0,3.0,0.0,-2.5636880783290503,-1.6901960800285136,-3.000434077479319,0.6176521153104978,-1.2548398115327146,-0.6637420252308316,-2.0002893849862127,0.5564518948150823,0.029662286068164956,0.03837096008487317,0.019753777426232307,0.007647639064104036,0.0,0.0,0.0,0.0,0.0,0.0,0.0,0.0,1.0,3,0.5603926319232204,0.5684806197277766,0.5508374370772573,0.007277132946733991,0.779383429672447,0.791907514450867,0.7687861271676301,0.009537085680743412,0.809018701104216,0.8192185539256962,0.7949293892421769,0.010290344956217279,0.9788983191878847,0.9793310034947579,0.9784323514727908,0.00036762725968337716,0.2486260691809957,0.257358714961069,0.24409195216491963,0.006176432714164781,0.19951488951543783,0.21014547542847573,0.18742348904389083,0.009333547046222725,0.7222222222222222,0.8333333333333333,0.6666666666666666,0.0785674201318386,0.648148148148148,0.7777777777777777,0.4444444444444444,0.14581496062984833,3,0.5,1.0,0.0,0.408248290463863,3,0.40419716778643894,0.45903119756438104,0.3745732259764181,0.03881536330459055,0.5241927240049304,0.6371699863866526,0.3612925156199,0.11802914928779822,0.12646823034784294,0.257358714961069,0.0,0.10511277845309441,0.23880183696746826,0.2931693196296692,0.19938825070858002,0.039719319272668606,0.876214345296224,0.9158088564872742,0.8391864895820618,0.03133355568494184,0.6374125083287557,0.6742594391107559,0.6153385490179062,0.026224649179718867,0.17027834968434438,0.1954462130864461,0.1492319603761037,0.01909064692327325,0.5720784421320314,0.7122957772678798,0.372971773147583,0.14465167397097234,0.3199230854709943,0.622639536857605,0.0,0.2544825461034589,0.0,0.6666666666666666,0.3333333333333333,1.0,1.0,1.0,0.0,3,-2.5636880783290503,-1.6901960800285136,-3.000434077479319,0.6176521153104978,3,0.0,0.0,0.0,0.0,1
seed4_i3,4,3,3,3,append_notes.predict,0,0.4666666666666666,1,,,,,0,,,,,0,,,,,0,4.0,4.0,4.0,0.0,3,0.0,0.0,0.0,0.0,3,,,,,0,0.4444444444444445,0.6666666666666667,0.33333333333333337,0.15713484026367724,24.333333333333332,30.0,21.0,4.0276819911981905,3.0,3.0,3.0,0.0,-3.000434077479319,-3.000434077479319,-3.000434077479319,0.0,-1.876021393256153,-1.1004880243811,-2.7026927082021683,0.655096063877052,0.03401347602122394,0.0409246655709279,0.03015779443303992,0.004897854986430633,0.0,0.0,0.0,0.0,0.0,0.0,0.0,0.0,1.0,4,0.58141596478836,0.6077334693054686,0.5626990468725807,0.019154659806936047,0.8291666666666667,0.83125,0.8270833333333333,0.0017010345435994685,0.7379556130092154,0.7570671521438793,0.7260583014751473,0.013648467920217965,0.968005698005698,0.9705128205128205,0.965982905982906,0.001880773497902998,0.1565396482208554,0.18325177395684833,0.1230079161031512,0.02506273296716626,0.13883903133903133,0.1413461538461538,0.13627136752136748,0.002072215078649106,0.27777777777777773,0.8333333333333333,0.0,0.3928371006591931,0.8888888888888888,0.8888888888888888,0.8888888888888888,0.0,1,1.0,1.0,1.0,0.0,1,0.15630529079793906,0.46891587239381716,0.0,0.22104906211711595,0.6453851568667975,0.6453851568667975,0.6453851568667975,0.0,0.16335925460256662,0.16335925460256662,0.16335925460256662,0.0,0.1761664350827535,0.18844248354434967,0.15176890790462494,0.01725177231971957,0.8410395781199137,0.8533185124397278,0.8293463587760925,0.009795350405270927,0.6648731430371603,0.7015496045351028,0.6409038752317429,0.02633857373180533,0.04215802997350693,0.12647408992052078,0.0,0.05962045775146495,0.7585053443908691,0.7585053443908691,0.7585053443908691,0.0,0.7015496045351028,0.7015496045351028,0.7015496045351028,0.0,0.0,0.0,0.3333333333333333,1.0,1.0,1.0,0.0,1,-3.000434077479319,-3.000434077479319,-3.000434077479319,0.0,1,0.0,0.0,0.0,0.0,1
seed4_i4,4,4,4,4,gen_query.predict,1,0.4999999999999999,1,,,,,0,,,,,0,,,,,0,5.0,5.0,5.0,0.0,3,0.0,0.0,0.0,0.0,3,,,,,0,0.4444444444444445,0.6666666666666667,0.33333333333333337,0.15713484026367724,22.333333333333332,24.0,19.0,2.3570226039551585,3.0,3.0,3.0,0.0,-2.6533031824265767,-1.9590413923210936,-3.000434077479319,0.4909172197022988,-1.6425158328912683,-1.3182255289728813,-2.2596731351140935,0.43658462929054465,0.029957273547064,0.03839777611607063,0.025031286291119812,0.005996089057290658,0.0,0.0,0.0,0.0,0.0,0.0,0.0,0.0,1.0,3,0.6493497090273276,0.6621590570418889,0.6240333997890373,0.017901759588177878,0.8577929465301479,0.8668941979522184,0.8498293515358362,0.007012985213844128,0.8302308877862545,0.8477778214256745,0.8168693592648256,0.012960747671036988,0.9894860023404447,0.9905482041587902,0.9877936807993519,0.0012095833671610815,0.18088117875892684,0.22374442163663721,0.15501268901376886,0.03052462386186673,0.1316930558102968,0.14028677052735583,0.12089948284713348,0.008066236756841868,0.611111111111111,0.6666666666666666,0.5,0.0785674201318386,0.5185185185185185,0.7777777777777777,0.3333333333333333,0.1888525745775105,3,0.3333333333333333,1.0,0.0,0.4714045207910317,3,0.3961299910042708,0.44143937136125927,0.3309283351255284,0.04725779830919468,0.43293462068323146,0.6593827499977467,0.2722897864216085,0.16473776301019116,0.07458147387887908,0.22374442163663721,0.0,0.1054741318612855,0.21294736365477243,0.2570541799068451,0.1687033772468567,0.036069194560869565,0.797405739625295,0.8417571187019348,0.7641860842704773,0.032631812703309684,0.5844583759705225,0.6730537414550781,0.5292198359966278,0.06328009927283147,0.12768412133057913,0.14205635587374368,0.11246891816457112,0.01209371915838591,0.41880985984095814,0.6546999812126159,0.26209133863449097,0.16977729188812235,0.22435124715169272,0.6730537414550781,0.0,0.317280576457242,0.0,0.6666666666666666,0.3333333333333333,1.0,1.0,1.0,0.0,3,-1.2304783840480207,-0.7781512503836436,-1.9590413923210936,0.5201634843308951,3,0.0,0.0,0.0,0.0,1
seed4_i5,4,5,5,5,append_notes.predict,2,0.5333333333333332,0,,,,,0,,,,,0,,,,,0,6.0,6.0,6.0,0.0,3,0.0,0.0,0.0,0.0,3,,,,,0,0.5555555555555556,0.6666666666666667,0.33333333333333337,0.15713484026367724,19.0,25.0,15.0,4.320493798938574,3.0,3.0,3.0,0.0,-2.371603835755158,-1.1139433523068367,-3.000434077479319,0.8893002562766598,-1.3564991434292184,-0.4716577826569393,-1.9133354739764703,0.6326131605237618,0.03199737276872149,0.03595794071180972,0.024373823619565128,0.005392032127050345,0.0,0.0,0.0,0.0,0.0,0.0,0.0,0.0,1.0,2,0.6434162315816071,0.6636501939213648,0.6321352396057702,0.014339103763983698,0.8815850815850815,0.8853146853146853,0.8783216783216783,0.002873852682036809,0.7589372206110435,0.7985735127900825,0.7387257141948976,0.028028931191695215,0.9798493313870572,0.9824331806513313,0.9768963607993154,0.0022754166551789082,0.11552098902943635,0.16643827318431226,0.0758622409267854,0.03782477477710937,0.09826424980197568,0.10411150232965305,0.09490376739583972,0.004149989147044838,0.5555555555555555,0.8333333333333333,0.0,0.3928371006591931,0.7222222222222222,0.7222222222222222,0.7222222222222222,0.0,2,0.5,0.5,0.5,0.0,2,0.36058707087195857,0.553041828267804,0.0,0.2551668370296466,0.5338082204877672,0.5340923140569974,0.5335241269185371,0.0002840935692301483,0.04503117347599919,0.052131226488605686,0.0379311204633927,0.007100053012606494,0.14124776422977448,0.15368150174617767,0.12733019888401031,0.010808919138187283,0.7458675305048624,0.8696072101593018,0.6435461640357971,0.09352346318221752,0.604619766275088,0.7422770112752914,0.5008145719766617,0.1014412749674999,0.08233697050147586,0.12806791812181473,0.0,0.058340086826553506,0.49399833215607536,0.5232133236196306,0.46478334069252014,0.029214991463555218,0.26789557188749313,0.2853838577866554,0.25040728598833084,0.017488285899162292,0.0,0.6666666666666666,0.0,1.0,1.0,1.0,0.0,2,-2.3963253939667557,-2.0530784434834195,-2.739572344450092,0.3432469504833362,2,0.0,0.0,0.0,0.0,2
seed4_i6,4,6,6,6,append_notes.predict,1,0.4999999999999999,0,,,,,0,,,,,0,,,,,0,7.0,7.0,7.0,0.0,3,0.0,0.0,0.0,0.0,3,,,,,0,0.6666666666666666,0.6666666666666667,0.6666666666666667,1.1102230246251565e-16,26.333333333333332,32.0,21.0,4.496912521077347,3.0,3.0,3.0,0.0,-2.4719471676431515,-1.414973347970818,-3.000434077479319,0.7473933554269544,-1.5855526435761054,-1.3225471880276702,-2.0002893849862127,0.2967607439408333,0.03297861830161323,0.03726086160171408,0.026109072958207975,0.004906539607831115,0.0,0.0,0.0,0.0,0.0,0.0,0.0,0.0,1.0,3,0.6751361301459037,0.6872842469326784,0.657546198484964,0.01273572123891867,0.896168108776267,0.9023485784919654,0.8887515451174289,0.00561935793036087,0.7637730694249033,0.8042300839291655,0.7363409313600441,0.029205819212783025,0.9862863478061773,0.988359061494523,0.9848884711326417,0.001495059221216002,0.08863693927899952,0.11694583699648708,0.07017024796543136,0.020324709140576804,0.09011823902991019,0.09685996567393795,0.0825398926406763,0.005876000474701509,0.5555555555555555,0.8333333333333333,0.0,0.3928371006591931,0.8055555555555556,0.8888888888888888,0.7222222222222222,0.08333333333333331,2,0.75,1.0,0.5,0.25,2,0.37170115097362016,0.567148287516724,0.0,0.26294917533044626,0.5983661502936723,0.6545252723200391,0.5422070282673057,0.05615912202636669,0.05693992842889789,0.0787947328750801,0.03508512398271568,0.021854804446182208,0.213142529129982,0.2544138729572296,0.16756583750247955,0.0355860209478221,0.793329119682312,0.8258878588676453,0.769072949886322,0.023926038319338146,0.58018659055233,0.6084399819374084,0.5306126773357391,0.035168127841046205,0.11721658623880808,0.21201156079769132,0.0,0.08799345422894553,0.6252920097774929,0.6836203998989528,0.5669636196560329,0.05832839012145996,0.433406725525856,0.6015071123838425,0.26530633866786957,0.16810038685798645,0.0,0.3333333333333333,0.3333333333333333,1.0,1.0,1.0,0.0,2,-2.0002170387396596,-1.0,-3.000434077479319,1.0002170387396594,2,0.0,0.0,0.0,0.0,2
seed4_i7,4,7,7,7,gen_query.predict,1,0.4999999999999999,0,,,,,0,,,,,0,,,,,0,8.0,8.0,8.0,0.0,3,0.0,0.0,0.0,0.0,3,,,,,0,0.5555555555555556,0.6666666666666667,0.33333333333333337,0.15713484026367724,24.0,32.0,17.0,6.164414002968976,3.0,3.0,3.0,0.0,-2.846648084583805,-2.5390760987927767,-3.000434077479319,0.21748623685584836,-1.3232400123512842,-1.1057424497254735,-1.7047924765953855,0.27067907409815384,0.03292893598553293,0.038245988424558945,0.024279880727762826,0.006169263766864239,0.0,0.0,0.0,0.0,0.0,0.0,0.0,0.0,1.0,2,0.6702316328475293,0.6811038380550073,0.6609970319447891,0.008289842132901721,0.9058280028429282,0.9125799573560768,0.8987206823027718,0.005663602505511481,0.8503735149990339,0.8932771047296347,0.8272360445033718,0.03036862428186453,0.9940279925690332,0.9953021505062589,0.9929678153540895,0.0009649252001389396,0.1801418821515047,0.21217326667462744,0.16201336722130388,0.022715210989998562,0.08819998972610492,0.09509332954397909,0.08272219315018214,0.00514872643934773,0.2222222222222222,0.6666666666666666,0.0,0.31426968052735443,0.4444444444444444,0.4444444444444444,0.4444444444444444,0.0,1,0.0,0.0,0.0,0.0,1,0.14857645078728698,0.44572935236186095,0.0,0.21011883175263998,0.36915884256182013,0.36915884256182013,0.36915884256182013,0.0,0.0,0.0,0.0,0.0,0.1880404402812322,0.23344732820987701,0.16196179389953613,0.03222557053936752,0.7012713551521301,0.8091183304786682,0.6240010857582092,0.07860576646570269,0.5132309148708979,0.5756710022687912,0.4552888870239258,0.04924860622393111,0.035991509755452476,0.10797452926635742,0.0,0.05089968122644444,0.29808651076422793,0.29808651076422793,0.29808651076422793,0.0,0.0,0.0,0.0,0.0,0.0,0.3333333333333333,0.0,1.0,1.0,1.0,0.0,1,-3.000434077479319,-3.000434077479319,-3.000434077479319,0.0,1,,,,,0
seed4_i8,4,8,8,8,gen_query.predict,2,0.5333333333333332,1,,,,,0,,,,,0,,,,,0,9.0,9.0,9.0,0.0,3,0.0,0.0,0.0,0.0,3,,,,,0,0.5555555555555556,0.6666666666666667,0.33333333333333337,0.15713484026367724,24.666666666666668,31.0,16.0,6.342099196813483,3.0,3.0,3.0,0.0,-2.0582615583195665,-0.7781512503836436,-3.000434077479319,0.9381850218065667,-1.2607091588553325,-0.5604137457918624,-1.7941503733513955,0.5173050416857036,0.0388188545771334,0.04591873769387093,0.035001688499377445,0.005025114535826528,0.0,0.0,0.0,0.0,0.0,0.0,0.0,0.0,1.0,1,0.6917157815597993,0.7107294833395427,0.6571729174202358,0.024466883754243652,0.921587004061231,0.9231490159325211,0.9203373945641987,0.0011689026512883124,0.8279047953856208,0.8519843074025433,0.7982574413029085,0.022284444263120772,0.9932103113114524,0.9944780955064093,0.992421467812368,0.00090534248053676,0.13618901382582158,0.14473936348292382,0.12274315411186809,0.009624026209142012,0.07162330725022144,0.07414070094221059,0.06958235468305862,0.001891186094077915,0.4444444444444444,0.8333333333333333,0.0,0.34246744460938755,0.5833333333333333,0.7222222222222222,0.4444444444444444,0.1388888888888889,2,0.41666666666666663,0.5,0.3333333333333333,0.08333333333333334,2,0.30042218993666875,0.5476440978501964,0.0,0.22671747026206454,0.47758947767105986,0.5765192631632117,0.3786596921789081,0.09892978549215178,0.059394358217822164,0.07054226194133639,0.048246454494307936,0.011147903723514228,0.15106169879436493,0.15594059228897095,0.1428936868906021,0.005812008261670377,0.6594318151473999,0.6874253153800964,0.6270002722740173,0.024867229110528712,0.508370116353035,0.5445316284894943,0.4710596799850464,0.030005797489012116,0.06713244567314784,0.12995049357414246,0.0,0.05313971029994475,0.37917794618341655,0.45283352997567916,0.30552236239115393,0.07365558379226261,0.2085201914111773,0.2355298399925232,0.18151054282983142,0.027009648581345885,0.0,0.6666666666666666,0.0,1.0,1.0,1.0,0.0,2,-0.9432453625862409,-0.0,-1.8864907251724818,0.9432453625862409,2,0.0,0.0,0.0,0.0,2
seed4_i9,4,9,9,9,append_notes.predict,1,0.4999999999999999,0,,,,,0,,,,,0,,,,,0,10.0,10.0,10.0,0.0,3,0.0,0.0,0.0,0.0,3,,,,,0,0.3333333333333333,0.33333333333333337,0.33333333333333337,5.551115123125783e-17,19.666666666666668,23.0,18.0,2.3570226039551585,3.0,3.0,3.0,0.0,-2.70384955460085,-2.359835482339888,-3.000434077479319,0.2636649536054205,-1.2980101781871607,-1.2504263679944474,-1.3840757239460473,0.06097087045307251,0.026899345410219214,0.03532257648947578,0.018505116941639966,0.0068657297390417316,0.0,0.0,0.0,0.0,0.0,0.0,0.0,0.0,1.0,1,0.714521299861017,0.7282958734705579,0.6879024612625281,0.018826192654237406,0.9310441094360692,0.932998324958124,0.9271356783919598,0.0027636780950898213,0.7909366505975125,0.8062359461659202,0.7778243056434838,0.01170163504348394,0.9911940887406292,0.9938125470784461,0.9898041536640482,0.0018527018996942059,0.07641535073649537,0.08992184438095574,0.061384135133168094,0.011700250569017866,0.0601499793045599,0.06282988708743331,0.05680582870592421,0.002503761667927728,0.7222222222222222,0.8333333333333333,0.6666666666666666,0.0785674201318386,0.7592592592592592,0.7777777777777777,0.7222222222222222,0.026189140043946166,3,0.8333333333333334,1.0,0.5,0.23570226039551584,3,0.5168084151001534,0.6069132278921315,0.45860164084168537,0.0646126683144489,0.600242655165363,0.6134719888757704,0.5822815166753869,0.013165709789061555,0.06342533862060167,0.08992184438095574,0.03897003634768115,0.02085100427993417,0.24373109638690948,0.35687255859375,0.14221929013729095,0.08801682826983592,0.8311676780382792,0.8718640804290771,0.8019964098930359,0.02966473086643176,0.5874365816513697,0.6597771197557449,0.4627699851989746,0.08853046576649058,0.17538192205958894,0.2379150390625,0.0948128600915273,0.05979704501979749,0.6303181184662713,0.6374997562832302,0.6237749854723612,0.005621275048688559,0.4808094749848048,0.6597771197557449,0.3198813199996948,0.13934694367357814,0.0,0.3333333333333333,0.6666666666666666,1.0,1.0,1.0,0.0,3,-1.697951920880518,-0.3010299956639812,-3.000434077479319,1.104048535060168,3,0.0,0.0,0.0,0.0,1
seed4_i10,4,10,10,10,append_notes.predict,2,0.5333333333333332,1,,,,,0,,,,,0,,,,,0,11.0,11.0,11.0,0.0,3,0.0,0.0,0.0,0.0,3,,,,,0,0.5555555555555557,0.6666666666666667,0.33333333333333337,0.15713484026367724,25.666666666666668,28.0,23.0,2.0548046676563256,3.0,3.0,3.0,0.0,-1.9759348135061139,-1.255272505103306,-3.000434077479319,0.7441482379661527,-1.2848580294236192,-0.7781512503836435,-2.2009760487622,0.6490098995045589,0.03553925714951573,0.05140696632522506,0.023372525924778415,0.01174039722458982,0.0,0.0,0.0,0.0,0.0,0.0,0.0,0.0,1.0,2,0.7164198447469703,0.7299431805817468,0.7090958246883742,0.009573459806702916,0.9342105263157895,0.9373065015479877,0.9326625386996904,0.0021891850810729276,0.7675152287702875,0.8039281263487662,0.7330484753635028,0.02896920018227348,0.9905635729325156,0.9910784268523215,0.990248513071142,0.0003670853401108691,0.051095384023317335,0.07398494576701942,0.022827946392713017,0.021228138684882224,0.05635304661672624,0.057701240174393265,0.053771925304333834,0.0018257349156429546,0.7222222222222222,0.8333333333333333,0.5,0.1571348402636772,0.6296296296296297,0.7222222222222222,0.4444444444444444,0.13094570021973104,3,0.4444444444444444,0.5,0.3333333333333333,0.07856742013183862,3,0.5181031451812763,0.6082859838181223,0.3551102644853949,0.11547139005944249,0.4864416952819203,0.5806147579185533,0.325799322383779,0.11415297762702668,0.02427947276761906,0.03699247288350971,0.007609315464237672,0.012317651419441735,0.15726032853126526,0.2179553061723709,0.12208962440490723,0.04309813328538248,0.7204201221466064,0.7842290997505188,0.6105897426605225,0.0780005711776398,0.5631597936153412,0.6524930447340012,0.48850011825561523,0.06774907307066376,0.1174847599532869,0.18162942181030908,0.06104481220245361,0.0495290082218714,0.4637673342669451,0.5663876831531525,0.2713732189602322,0.13614423815388244,0.2544410013490253,0.3262465223670006,0.16283337275187174,0.06816674147616335,0.0,1.0,0.0,1.0,1.0,1.0,0.0,3,-0.5604137457918624,-0.0,-1.0791812460476249,0.44155697841514246,3,0.0,0.0,0.0,0.0,3
seed4_i11,4,11,11,11,gen_query.predict,2,0.5333333333333332,0,,,,,0,,,,,0,,,,,0,12.0,12.0,12.0,0.0,3,0.0,0.0,0.0,0.0,3,,,,,0,0.4444444444444445,0.6666666666666667,0.33333333333333337,0.15713484026367724,29.666666666666668,45.0,21.0,10.873004286866728,3.0,3.0,3.0,0.0,-2.9674421587849165,-2.9014583213961123,-3.000434077479319,0.046657618866334016,-1.475958011039842,-1.1004880243811,-1.8678594833665005,0.3134934707531528,0.03113725324842573,0.03662650067098649,0.024084220028944215,0.005238401183562622,0.0,0.0,0.0,0.0,0.0,0.0,0.0,0.0,1.0,2,0.7244463466261556,0.7559272004766683,0.6968700624247713,0.02426754536177725,0.9409133709981168,0.942090395480226,0.9392655367231638,0.0012003341604502878,0.8530086621531604,0.8925309553242388,0.8189515971194026,0.03028621278627859,0.9954201939606241,0.9960299698355551,0.9946871655152282,0.0005550821307199033,0.1285623155270049,0.1719891783472116,0.09161623353917181,0.03313057957463668,0.054506822962507306,0.05542162879206436,0.053939574355329145,0.0006530535228103083,0.8333333333333334,0.8333333333333333,0.8333333333333333,1.1102230246251565e-16,0.6666666666666666,0.7222222222222222,0.5555555555555555,0.07856742013183865,3,0.3333333333333333,0.5,0.0,0.23570226039551584,3,0.6037052888551296,0.6299393337305569,0.5807250520206427,0.020222954468147723,0.5705645006039823,0.6446056899563947,0.45497310951077913,0.08280476371216426,0.04393423531439724,0.0859945891736058,0.0,0.035132140228622426,0.20962845285733542,0.26248911023139954,0.1303538829088211,0.057085904027850236,0.7677775224049886,0.8495270609855652,0.6861205697059631,0.0667104528400498,0.5581490695476532,0.5870379507541656,0.5316425710916519,0.022677725233746584,0.17469037738111282,0.21874092519283292,0.10862823575735091,0.04757158668987519,0.5163881789754937,0.6135473218229082,0.38117809428109056,0.09860618678587886,0.1864467536409696,0.2935189753770828,0.0,0.13232179075506154,0.0,1.0,0.0,1.0,1.0,1.0,0.0,3,-1.301391456094721,-0.3010299956639812,-2.603144372620182,0.9636943701202789,3,0.0,0.0,0.0,0.0,3
seed4_i12,4,12,12,12,gen_query.predict,1,0.4999999999999999,0,,,,,0,,,,,0,,,,,0,13.0,13.0,13.0,0.0,3,0.0,0.0,0.0,0.0,3,,,,,0,0.3333333333333333,0.33333333333333337,0.33333333333333337,5.551115123125783e-17,22.333333333333332,28.0,16.0,4.9216076867444665,3.0,3.0,3.0,0.0,-2.4446271173253566,-1.3979400086720377,-3.000434077479319,0.7405940409714764,-1.0351280650017374,-0.6250204211305667,-1.3011746881570874,0.2942349757952035,0.03471999848303879,0.03898169298032316,0.02727603889117751,0.005282088776409389,0.0,0.0,0.0,0.0,0.0,0.0,0.0,0.0,1.0,1,0.7025076352740345,0.7443142594111407,0.6506161812819572,0.03891109787004584,0.9434523809523809,0.9445153061224489,0.9413265306122449,0.0015032031912979049,0.8484437110287328,0.8733009376180837,0.8203715050088124,0.021727605768378126,0.996115375232233,0.9962092067483627,0.9959464785031996,0.00011967350679473358,0.14593607575469847,0.1697553237268552,0.12898667820694298,0.01733814192317618,0.05266299427985207,0.0546199478909547,0.05167513432268778,0.0013837963772511041,0.6666666666666666,0.6666666666666666,0.6666666666666666,0.0,0.5555555555555555,0.7777777777777777,0.4444444444444444,0.1571348402636772,3,0.3333333333333333,1.0,0.0,0.4714045207910317,3,0.4683384235160229,0.49620950627409377,0.4337441208546381,0.025940731913363897,0.47171483717491486,0.6624012036905685,0.3646095577816944,0.13517720391324592,0.04635540844343241,0.13906622533029722,0.0,0.0655564473100464,0.16406450668970743,0.19137388467788696,0.12777139246463776,0.026731378459463658,0.6744553049405416,0.7179773449897766,0.6206222176551819,0.04040827865601292,0.5103907982508341,0.5569949597120285,0.4475739747285843,0.046118512530336976,0.10937633779313828,0.12758258978525797,0.0851809283097585,0.01782091897297577,0.3758430635487591,0.5325960516929625,0.27583209673563636,0.1122398469940884,0.18566498657067618,0.5569949597120285,0.0,0.26256994206606876,0.0,0.6666666666666666,0.3333333333333333,1.0,1.0,1.0,0.0,3,-1.6451690886082375,-0.6020599913279624,-2.9355072658247128,0.9685334993995315,3,,,,,0
seed4_i13,4,13,13,13,append_notes.predict,2,0.5333333333333332,0,,,,,0,,,,,0,,,,,0,14.0,14.0,14.0,0.0,3,0.0,0.0,0.0,0.0,3,,,,,0,0.4444444444444445,0.6666666666666667,0.33333333333333337,0.15713484026367724,21.333333333333332,28.0,17.0,4.784233364802441,3.0,3.0,3.0,0.0,-2.639982082444904,-1.919078092376074,-3.000434077479319,0.5097560999621091,-1.5788015602352823,-1.021735376018104,-1.8812955846551687,0.39439081841572826,0.033348069273489635,0.03504614149806924,0.03199174006168487,0.0012701530744315937,0.0,0.0,0.0,0.0,0.0,0.0,0.0,0.0,1.0,2,0.7512977378514458,0.760380587934046,0.7444141946266041,0.00670120097708454,0.9506682389937108,0.9522405660377359,0.9498820754716981,0.0011118031150732007,0.7963947125136573,0.8107366836143391,0.7849765958530018,0.010717811466830858,0.9941385641006873,0.9947667929223619,0.9931748732868566,0.0006918348033131028,0.04509697466221144,0.06163825262065159,0.024596007918955887,0.01537945219201084,0.04347032510697668,0.044591950621145515,0.04252622688462604,0.0008526197250866384,0.6666666666666666,0.6666666666666666,0.6666666666666666,0.0,0.7777777777777777,0.7777777777777777,0.7777777777777777,0.0,3,1.0,1.0,1.0,0.0,3,0.5008651585676306,0.5069203919560306,0.4962761297510694,0.004467467318056326,0.6194181097328445,0.6305729761444859,0.6105373523301124,0.008336075585312913,0.04509697466221144,0.06163825262065159,0.024596007918955887,0.01537945219201084,0.14890768627325693,0.1604030877351761,0.1361929327249527,0.009921290777504371,0.8282394011815389,0.8418841361999512,0.8023744225502014,0.01829854518152987,0.6793317149082819,0.7042667120695114,0.6419713348150253,0.02690689022753986,0.09927179084883796,0.10693539182345072,0.09079528848330179,0.006614193851669581,0.6441862009189746,0.6547987725999619,0.6240689953168232,0.014232201807856552,0.6793317149082819,0.7042667120695114,0.6419713348150253,0.02690689022753986,0.0,0.0,1.0,1.0,1.0,1.0,0.0,3,-2.2633382632145813,-1.146128035678238,-3.000434077479319,0.8033172679780639,3,,,,,0
seed4_i14,4,14,14,14,gen_query.predict,2,0.5333333333333332,1,,,,,0,,,,,0,,,,,0,15.0,15.0,15.0,0.0,3,0.0,0.0,0.0,0.0,3,,,,,0,0.5555555555555556,0.6666666666666667,0.33333333333333337,0.15713484026367724,22.333333333333332,30.0,16.0,5.792715732327588,3.0,3.0,3.0,0.0,-2.9576748092356433,-2.8721562727482928,-3.000434077479319,0.060470737067354854,-1.7087824586175626,-1.5018613519330748,-1.8989775784079461,0.16255284947896512,0.030908132263215243,0.036647831018673055,0.02168654331807165,0.006585474008999619,0.0,0.0,0.0,0.0,0.0,0.0,0.0,0.0,1.0,2,0.7378081285089123,0.7409749890248335,0.732634679626044,0.0036887204531887655,0.9510686164229472,0.952755905511811,0.9482564679415073,0.002001701959510924,0.853585963092126,0.8897855664385436,0.8125356095911197,0.031723138674358754,0.9966783678707584,0.996894058268761,0.9964734619926557,0.00017187696427097178,0.11577783458321371,0.14997084956268414,0.0715606205662862,0.032786220963221806,0.045609751447811174,0.04821699405114843,0.04391167783904715,0.0018715195460846817,0.6666666666666666,0.8333333333333333,0.5,0.1360827634879543,0.6481481481481481,0.7777777777777777,0.4444444444444444,0.14581496062984833,3,0.611111111111111,1.0,0.3333333333333333,0.28327886186626583,3,0.4922709766309312,0.6165122640632161,0.366317339813022,0.10214882650803819,0.5520408259990827,0.6426229090945037,0.381527428109651,0.12064955825641548,0.06282668551817285,0.07498542478134207,0.041934011206890255,0.014839366583199379,0.14757957806189856,0.19405262172222137,0.11252406984567642,0.034249051368707935,0.7512320677439371,0.7819235324859619,0.6950297355651855,0.03979728846590741,0.6036524896820387,0.6642188653349876,0.5009771138429642,0.0729924346767171,0.09969960608416133,0.1293684144814809,0.05626203492283821,0.03139341548883184,0.4835067722532484,0.5647225512398614,0.34521908230251735,0.09827968757481222,0.3484213824073474,0.5009771138429642,0.22140628844499588,0.115554329863578,0.0,0.6666666666666666,0.3333333333333333,1.0,1.0,1.0,0.0,3,-2.0420801785396154,-0.3010299956639812,-3.000434077479319,1.233195227554735,3,0.0,0.0,0.0,0.0,2
seed4_i15,4,15,15,15,append_notes.predict,2,0.5333333333333332,1,,,,,0,,,,,0,,,,,0,16.0,16.0,16.0,0.0,3,0.0,0.0,0.0,0.0,3,,,,,0,0.3333333333333333,0.33333333333333337,0.33333333333333337,5.551115123125783e-17,20.666666666666668,24.0,17.0,2.8674417556808756,3.0,3.0,3.0,0.0,-2.7972677540206727,-2.3909351071033793,-3.000434077479319,0.28732057005269696,-1.2630261189523644,-1.0786777157058787,-1.3921751121783335,0.13380429875683297,0.025811400817960333,0.03077439805572728,0.01828631420233611,0.005410562883066735,0.0,0.0,0.0,0.0,0.0,0.0,0.0,0.0,1.0,2,0.7289572024593335,0.741361487583189,0.7188149901593742,0.009342514530038806,0.9540108829208355,0.9552395997893628,0.9531332280147446,0.0008950358984715813,0.7974537572222019,0.8251816596258902,0.7469773967437844,0.035750020436513215,0.9929818483407346,0.9945041101067683,0.9909451670813517,0.0014977737759518655,0.06849655476286858,0.09350708566149435,0.02816240658441016,0.028793421769863454,0.03897096541989912,0.04084428914836913,0.03570556729198893,0.002317328768142674,0.7222222222222222,0.8333333333333333,0.6666666666666666,0.0785674201318386,0.8148148148148148,0.8888888888888888,0.7777777777777777,0.05237828008789243,3,1.0,1.0,1.0,0.0,3,0.5259056344261874,0.5990124917994785,0.484463419756958,0.05184823799405686,0.6479076406818527,0.6639799082166972,0.6379350563420576,0.01147426623951627,0.06849655476286858,0.09350708566149435,0.02816240658441016,0.028793421769863454,0.19960542023181915,0.2553105652332306,0.1697559952735901,0.03942321485671712,0.7383423844973246,0.7484663128852844,0.727517306804657,0.008566754410789055,0.5387369642655054,0.5692875385284424,0.49315574765205383,0.0328476539254922,0.14725420044528112,0.21275880436102548,0.11317066351572672,0.04633150143022738,0.6019872736047814,0.6653033892313639,0.5658467941813998,0.044920596441719036,0.5387369642655054,0.5692875385284424,0.49315574765205383,0.0328476539254922,0.3333333333333333,0.0,0.6666666666666666,1.0,1.0,1.0,0.0,3,-2.1891534812127933,-1.1760912590556813,-3.000434077479319,0.7583286658583518,3,0.0,0.0,0.0,0.0,1
seed4_i16,4,16,16,16,append_notes.predict,1,0.4999999999999999,0,,,,,0,,,,,0,,,,,0,17.0,17.0,17.0,0.0,3,0.0,0.0,0.0,0.0,3,,,,,0,0.3333333333333333,0.33333333333333337,0.33333333333333337,5.551115123125783e-17,18.333333333333332,21.0,17.0,1.8856180831641267,3.0,3.0,3.0,0.0,-3.000434077479319,-3.000434077479319,-3.000434077479319,0.0,-1.5327942745942353,-1.1591851107329938,-1.77829594287675,0.2684935796091764,0.03468939849190313,0.040338366036250045,0.028186384193124574,0.004997646951181406,0.0,0.0,0.0,0.0,0.0,0.0,0.0,0.0,1.0,3,0.7555650069286909,0.7743256505956687,0.7427064320766293,0.013566369132544756,0.9587662873165099,0.9594260267194458,0.9579416130628402,0.0006171297025851478,0.8071305608590831,0.8277775435579295,0.7908500810083444,0.015388505080733748,0.9950147418547765,0.9955355897206953,0.9946985127933257,0.00037110293894473273,0.05156555393039216,0.07811460544415472,0.016524430412675706,0.025851162195567514,0.03624845453826649,0.03759397665785513,0.03538409633086259,0.0009642032281280609,0.4444444444444444,0.6666666666666666,0.0,0.31426968052735443,0.611111111111111,0.7777777777777777,0.4444444444444444,0.16666666666666663,2,0.5,1.0,0.0,0.5,2,0.3386641308243208,0.5162171003971124,0.0,0.23956575770264382,0.49765795160771575,0.643826978322834,0.3514889248925975,0.14616902671511825,0.03905730272207736,0.07811460544415472,0.0,0.03905730272207736,0.1335213209191958,0.16958622634410858,0.10698684304952621,0.026429686393079698,0.6850628058115641,0.8053085803985596,0.581312894821167,0.09218677391097456,0.5515414848923683,0.635722354054451,0.4743260517716408,0.06607359317244027,0.06523935993512471,0.11305748422940572,0.0,0.04777114382491403,0.46174599064720995,0.6263511180877684,0.29714086320665145,0.1646051274405585,0.3178611770272255,0.635722354054451,0.0,0.3178611770272255,0.0,0.3333333333333333,0.3333333333333333,1.0,1.0,1.0,0.0,2,-2.340837657427453,-1.6812412373755872,-3.000434077479319,0.6595964200518658,2,,,,,0
seed4_i17,4,17,17,17,append_notes.predict,5,0.5333333333333333,1,,,,,0,,,,,0,,,,,0,18.0,18.0,18.0,0.0,3,0.0,0.0,0.0,0.0,3,,,,,0,0.3333333333333333,0.33333333333333337,0.33333333333333337,5.551115123125783e-17,25.0,35.0,13.0,9.092121131323903,3.0,3.0,3.0,0.0,-2.5107823573336305,-1.5314789170422551,-3.000434077479319,0.6924721034693471,-1.2418650734965258,-0.8925356509068311,-1.6738744588497525,0.3242936584654415,0.033079847869285174,0.03760042362098713,0.029204707363637592,0.0034577885862805227,0.0,0.0,0.0,0.0,0.0,0.0,0.0,0.0,1.0,2,0.757280487681145,0.774921748555904,0.7472583475696254,0.012512771860130998,0.9596862745098039,0.9618823529411765,0.9571764705882353,0.0019339338048530294,0.7783584464804103,0.8054295978188716,0.7518379368618318,0.02188216832280465,0.9943802885728248,0.9955505259638384,0.9924256063372856,0.0013911136914191657,0.02107795879926533,0.05817125024924619,0.002176569943926121,0.026230517158879998,0.03469401406302086,0.03837405537560312,0.030543253396109082,0.003214192220285655,0.7222222222222222,0.8333333333333333,0.6666666666666666,0.0785674201318386,0.8148148148148148,0.8888888888888888,0.7777777777777777,0.05237828008789243,3,1.0,1.0,1.0,0.0,3,0.5463680110968535,0.6227152896413545,0.4997742446119371,0.05442167918603259,0.6352206286632401,0.7159374202834413,0.5847628397814246,0.05766800428609281,0.02107795879926533,0.05817125024924619,0.002176569943926121,0.026230517158879998,0.15359586973985037,0.2287142276763916,0.09348446130752563,0.05621790241617046,0.6889117161432902,0.7511599659919739,0.6248893737792969,0.05156501506269989,0.5353158464034399,0.5972013473510742,0.486300453543663,0.04618067289437235,0.10759082767698498,0.15247615178426105,0.07790371775627136,0.032285200583344574,0.5614011795432479,0.6139429410298665,0.4860250684950086,0.05466138898337504,0.5353158464034399,0.5972013473510742,0.486300453543663,0.04618067289437235,0.0,0.0,1.0,1.0,1.0,1.0,0.0,3,-1.8968767191692775,-1.146128035678238,-3.000434077479319,0.7970646962180059,3,0.0,0.0,0.0,0.0,1
seed4_i18,4,18,18,18,gen_query.predict,5,0.5333333333333333,0,,,,,0,,,,,0,,,,,0,19.0,19.0,19.0,0.0,3,0.0,0.0,0.0,0.0,3,,,,,0,0.5555555555555556,0.6666666666666667,0.33333333333333337,0.15713484026367724,24.333333333333332,31.0,21.0,4.714045207910316,3.0,3.0,3.0,0.0,-3.000434077479319,-3.000434077479319,-3.000434077479319,0.0,-1.9616031748488318,-1.700268207532294,-2.3380379249235035,0.27279237904621767,0.03307548227125298,0.03485926055825425,0.030473091034541933,0.001881881353638798,0.0,0.0,0.0,0.0,0.0,0.0,0.0,0.0,1.0,3,0.7462542980370085,0.7760590407834301,0.7209460987722965,0.02272331067051077,0.9619131975199292,0.9636846767050488,0.9605845881310895,0.001303773378554458,0.8530213687686685,0.8791611667645339,0.8395526417650512,0.01848649675171237,0.9973048893079538,0.9974188225587837,0.9971005952030173,0.00014477793445055295,0.10676707073165996,0.11860654299275464,0.09859254322112143,0.008571810844592305,0.03539169178802456,0.036516007071927814,0.03373414585373491,0.001196645075256944,0.6666666666666666,0.8333333333333333,0.5,0.1360827634879543,0.648148148148148,0.7777777777777777,0.4444444444444444,0.14581496062984833,3,0.611111111111111,1.0,0.3333333333333333,0.28327886186626583,3,0.4986590684570613,0.6181314621294156,0.36047304938614827,0.10601765339166606,0.5546153951836545,0.6837920185946375,0.37313450745113386,0.13210809805390933,0.0639779706408609,0.1031021259811038,0.03953551433091821,0.027950465040658574,0.1355680301785469,0.17069977521896362,0.10168608278036118,0.02818857843893986,0.698305606842041,0.8343148231506348,0.6265220046043396,0.09622252330558506,0.5627375766634941,0.6636150479316711,0.4922037720680237,0.07319385198980903,0.09219158399436207,0.11379985014597574,0.05084304139018059,0.029247778582270647,0.4610709912247128,0.6489115291171603,0.2818133301205105,0.1499900469078257,0.3623938568764262,0.6636150479316711,0.17746463666359583,0.21483082096669995,0.0,0.6666666666666666,0.3333333333333333,1.0,1.0,1.0,0.0,3,-2.2062304741065737,-1.0791812460476249,-3.000434077479319,0.8188987597074651,3,0.0,0.0,0.0,0.0,2
seed4_i19,4,19,19,19,gen_query.predict,1,0.4999999999999999,1,,,,,0,,,,,0,,,,,0,20.0,20.0,20.0,0.0,3,0.0,0.0,0.0,0.0,3,,,,,0,0.3333333333333333,0.33333333333333337,0.33333333333333337,5.551115123125783e-17,25.0,36.0,17.0,8.04155872120988,3.0,3.0,3.0,0.0,-2.3653638392692695,-1.9138138523837167,-3.000434077479319,0.46220171670051813,-0.9418114177243794,-0.7969783690344597,-1.1004880243811,0.12429336478681989,0.030821191571364537,0.03444989300580633,0.028143751856977473,0.002660893107244163,0.0,0.0,0.0,0.0,0.0,0.0,0.0,0.0,1.0,1,0.7337277825942278,0.762450679013417,0.6875611291076784,0.03296791032443353,0.9639372083156554,0.9647857445905812,0.962240135765804,0.001200011508165502,0.8791091891486906,0.9147185219822825,0.8506430490017299,0.026641890082338842,0.9974970485871548,0.9978611839381814,0.9971022492065682,0.00031059157934907244,0.14538140655446286,0.16308191989405152,0.12079445680047152,0.017937384398511228,0.03355984027149935,0.034862113440764175,0.032741968026133716,0.0009308552827374886,0.4444444444444444,0.6666666666666666,0.0,0.31426968052735443,0.7777777777777777,0.7777777777777777,0.7777777777777777,0.0,2,1.0,1.0,1.0,0.0,2,0.32222484624913234,0.5083004526756113,0.0,0.2287572209071918,0.6865294998271159,0.711447739319553,0.6616112603346788,0.0249182394924371,0.15767488143145852,0.16308191989405152,0.15226784296886553,0.005407038462592995,0.12663090229034424,0.1428867131471634,0.10898452997207642,0.013875391931829944,0.6948378086090088,0.7168092727661133,0.6774631142616272,0.016388568511368336,0.5682069063186646,0.5887878090143204,0.5473543256521225,0.016916239585504433,0.060201817088656955,0.09525780876477559,0.0,0.042760939609453805,0.547186232275433,0.5575183232625325,0.5368541412883334,0.01033209098709953,0.5680710673332214,0.5887878090143204,0.5473543256521225,0.020716741681098938,0.0,0.0,0.6666666666666666,1.0,1.0,1.0,0.0,2,-2.457123964931518,-1.9138138523837167,-3.000434077479319,0.543310112547801,2,,,,,0
seed4_i20,4,20,20,20,append_notes.predict,1,0.4999999999999999,0,,,,,0,,,,,0,,,,,0,21.0,21.0,21.0,0.0,3,0.0,0.0,0.0,0.0,3,,,,,0,0.3333333333333333,0.33333333333333337,0.33333333333333337,5.551115123125783e-17,22.0,32.0,12.0,8.16496580927726,3.0,3.0,3.0,0.0,-2.1871784870427917,-1.146128035678238,-3.000434077479319,0.7739640810631598,-0.9935274114266646,-0.8157193437807398,-1.2008313562690938,0.15859869822795095,0.024073705782810696,0.032266163642194125,0.01115569100406593,0.009243418555919763,0.0,0.0,0.0,0.0,0.0,0.0,0.0,0.0,1.0,1,0.7985299304589949,0.8357391562528731,0.7482855329980896,0.036873394477039495,0.966422962361224,0.9683184402924452,0.9650690495532088,0.0013807255655544893,0.8525597169717759,0.8916141213579231,0.801633927323997,0.03768117275791997,0.9965879324531407,0.9977240301650927,0.9950404239418439,0.001133543036891571,0.05402978651278101,0.14332858835983342,-0.0099311748020251,0.06508273387637922,0.030164970091916692,0.03111794601446749,0.02940558987264752,0.0007123437191665153,0.4444444444444444,0.6666666666666666,0.0,0.31426968052735443,0.7777777777777777,0.7777777777777777,0.7777777777777777,0.0,2,1.0,1.0,1.0,0.0,2,0.3466334744720248,0.541043401417348,0.0,0.2457112083599008,0.658485352265191,0.6934776499450512,0.6234930545853309,0.034992297679860174,0.06669870677890416,0.14332858835983342,-0.0099311748020251,0.07662988158092926,0.14226239174604416,0.1628251075744629,0.10528592020273209,0.02620112024769083,0.7711383700370789,0.8051810264587402,0.708979606628418,0.04401942676001724,0.6288759782910347,0.6423559188842773,0.6036936864256859,0.01782135093349855,0.05865823725859324,0.10578409830729166,0.0,0.04394933173141238,0.5865354769759707,0.6216423710187275,0.551428582933214,0.0351068940427568,0.6221360079944134,0.6405783295631409,0.6036936864256859,0.018442321568727493,0.0,0.0,0.6666666666666666,1.0,1.0,1.0,0.0,2,-2.7077037127250683,-2.4149733479708178,-3.000434077479319,0.2927303647542505,2,,,,,0
seed4_i21,4,21,21,21,append_notes.predict,8,0.5333333333333333,0,,,,,0,,,,,0,,,,,0,22.0,22.0,22.0,0.0,3,0.0,0.0,0.0,0.0,3,,,,,0,0.4444444444444445,0.6666666666666667,0.33333333333333337,0.15713484026367724,24.666666666666668,28.0,19.0,4.027681991198191,3.0,3.0,3.0,0.0,-1.9779737884426745,-1.3424226808222062,-3.000434077479319,0.7300796686477984,-0.8126814007821812,-0.5478175588287292,-1.1591851107329938,0.25617880723604397,0.03016242071062532,0.04018564317271363,0.022496720618110377,0.007411384444576555,0.0,0.0,0.0,0.0,0.0,0.0,0.0,0.0,1.0,1,0.734804729539047,0.7441332332433563,0.7258479519565096,0.007469561038730556,0.9673177083333333,0.96875,0.96640625,0.0010252614419286145,0.8024213983902548,0.8387992191751396,0.7632459618248829,0.030907859460013846,0.9958393496978449,0.996395529172683,0.9948660356168779,0.0006905739612983523,0.06761666885120787,0.11295126721862991,0.019112728581526572,0.03837491697673405,0.02852164136451148,0.02985023430397349,0.027645529172683037,0.0009552435288863542,0.4444444444444444,0.6666666666666666,0.0,0.31426968052735443,0.7777777777777777,0.7777777777777777,0.7777777777777777,0.0,2,1.0,1.0,1.0,0.0,2,0.32450687897195213,0.4896220022781833,0.0,0.22947291068791395,0.639340424078954,0.6523993926917752,0.6262814554661327,0.013058968612821242,0.09186863898604852,0.11295126721862991,0.07078601075346713,0.02108262823258139,0.16743006805578867,0.18798309564590454,0.15493571758270264,0.014645568314236558,0.7221657236417135,0.7822086215019226,0.6346942782402039,0.06326855080871845,0.5547356555859247,0.6228372305631638,0.4797585606575012,0.05861359925502351,0.07718988590770297,0.12532206376393634,0.0,0.05513418609426981,0.5957011249330308,0.6083844833903842,0.5830177664756774,0.01268335845735341,0.5922242030501366,0.6228372305631638,0.5616111755371094,0.03061302751302719,0.0,0.0,0.6666666666666666,1.0,1.0,1.0,0.0,2,-2.1714283791507625,-1.3424226808222062,-3.000434077479319,0.8290056983285563,2,,,,,0
seed4_i22,4,22,22,22,gen_query.predict,2,0.5333333333333332,1,,,,,0,,,,,0,,,,,0,23.0,23.0,23.0,0.0,3,0.0,0.0,0.0,0.0,3,,,,,0,0.3333333333333333,0.33333333333333337,0.33333333333333337,5.551115123125783e-17,26.333333333333332,39.0,17.0,9.285592184789413,3.0,3.0,3.0,0.0,-2.698096613373624,-2.093421685162235,-3.000434077479319,0.4275697421517621,-1.093608651903008,-0.7981505602754054,-1.3821873710525188,0.23848164626786225,0.027922083530432407,0.031176420517774056,0.02433938184997761,0.0028008501048786866,0.0,0.0,0.0,0.0,0.0,0.0,0.0,0.0,1.0,2,0.7541227342707705,0.7863076723663678,0.7176602032204228,0.028187965589955413,0.9680638722554891,0.968937125748503,0.9670658682634731,0.0007690137229252633,0.870471706866593,0.8819085637230989,0.8585196974768952,0.00955541042795625,0.9979737383199301,0.9981066079382953,0.997817616518351,0.0001191204102816952,0.11634897259582244,0.15332665617936203,0.07221202511052738,0.03349962326225499,0.029909866064441088,0.031040739674822238,0.029059864754641063,0.0008327197604940864,0.6666666666666666,0.6666666666666666,0.6666666666666666,0.0,0.6666666666666666,0.7777777777777777,0.4444444444444444,0.1571348402636772,3,0.6666666666666666,1.0,0.0,0.4714045207910317,3,0.502748489513847,0.5242051149109118,0.47844013548028186,0.01879197705997026,0.5790437093714501,0.6774342239776103,0.39195936165471057,0.1323478277833455,0.07517956042996314,0.15332665617936203,0.0,0.06263050680081365,0.1421497737367948,0.16334962844848633,0.11393675953149796,0.0207733195584132,0.731230894724528,0.7388283610343933,0.7264760136604309,0.005428648669871928,0.5890811209877332,0.6248916015028954,0.5650386810302734,0.025812892207852225,0.09476651582452984,0.10889975229899088,0.0759578396876653,0.013848879705608797,0.4880155832679183,0.574644280804528,0.3228782282935248,0.11681678894392923,0.39664342751105625,0.6248916015028954,0.0,0.28153164353001175,0.0,0.3333333333333333,0.6666666666666666,1.0,1.0,1.0,0.0,3,-2.698096613373624,-2.093421685162235,-3.000434077479319,0.4275697421517621,3,,,,,0
seed4_i23,4,23,23,23,append_notes.predict,9,0.5333333333333332,1,,,,,0,,,,,0,,,,,0,24.0,24.0,24.0,0.0,3,0.0,0.0,0.0,0.0,3,,,,,0,0.5555555555555556,0.6666666666666667,0.33333333333333337,0.15713484026367724,18.666666666666668,28.0,11.0,7.039570693980958,3.0,3.0,3.0,0.0,-2.206439520824923,-0.8450980400142568,-3.000434077479319,0.9670505873914024,-1.1676369251686085,-0.38204267855941265,-1.5693347511924183,0.5555465553476735,0.03228992141715043,0.03730382963233218,0.02727694135244155,0.0040934600515496675,0.0,0.0,0.0,0.0,0.0,0.0,0.0,0.0,1.0,1,0.7641232886960668,0.7740454123331348,0.7482000651350752,0.011372639481660946,0.9699581089168162,0.970915619389587,0.9687612208258528,0.0008956690333390347,0.7593999491884859,0.7703824503782594,0.741906415540698,0.012503767372795826,0.9957877604166666,0.996005859375,0.9954296875,0.00025519670732445006,-0.004723339507580933,-0.0036629619548754766,-0.006293649594377171,0.0011328879780307592,0.02582965149985043,0.02716651354914723,0.025090239985412932,0.0009470791357530911,0.5555555555555555,0.8333333333333333,0.0,0.3928371006591931,0.8055555555555556,0.8888888888888888,0.7222222222222222,0.08333333333333331,2,0.75,1.0,0.5,0.25,2,0.4217567927097405,0.6417703238499921,0.0,0.29832034776411337,0.6063151502793243,0.6594723693695094,0.5531579311891391,0.053157219090185115,-0.0042001765405611236,-0.0021067034867450762,-0.006293649594377171,0.0020934730538160473,0.13681677977244058,0.1407337635755539,0.13337798416614532,0.003021960803148824,0.6639142433802286,0.7233812212944031,0.5891855955123901,0.055837892881014324,0.5270974636077881,0.5826474577188492,0.4558076113462448,0.052964730452786185,0.076964543097549,0.11727813631296156,0.0,0.054442687967608386,0.5667607337236404,0.6430055300394694,0.49051593740781146,0.07624479631582895,0.42703305929899216,0.5826474577188492,0.27141866087913513,0.15561439841985703,0.0,0.3333333333333333,0.3333333333333333,1.0,1.0,1.0,0.0,2,-1.0043000858809588,-0.3010299956639812,-1.7075701760979363,0.7032700902169775,2,0.0,0.0,0.0,0.0,2
seed4_i24,4,24,24,24,gen_query.predict,8,0.5333333333333333,1,,,,,0,,,,,0,,,,,0,25.0,25.0,25.0,0.0,3,0.0,0.0,0.0,0.0,3,,,,,0,0.3333333333333333,0.33333333333333337,0.33333333333333337,5.551115123125783e-17,23.333333333333332,29.0,18.0,4.496912521077347,3.0,3.0,3.0,0.0,-2.5830187273216123,-1.7481880270062005,-3.000434077479319,0.5903144493357424,-1.4904969990856582,-0.9747597620206273,-1.9904152294506121,0.414790459436921,0.028445908648304336,0.03166107618140108,0.024748870596071535,0.002842392878236525,0.0,0.0,0.0,0.0,0.0,0.0,0.0,0.0,1.0,2,0.7802055598882909,0.800070274626596,0.7663963527307871,0.01439872987470576,0.970138888888889,0.9708333333333333,0.9690972222222223,0.0007500857289823714,0.878816410060791,0.8889833092772125,0.8701309573443816,0.007767402231940286,0.9978702386239022,0.9981239974261608,0.9975530401210791,0.00023736962423234975,0.09861085017250015,0.12258695654642537,0.07006068271778565,0.021686307302971986,0.027731349735013344,0.028836456102244612,0.027066929009967988,0.0007867483329065476,0.6666666666666666,0.6666666666666666,0.6666666666666666,0.0,0.6666666666666666,0.7777777777777777,0.4444444444444444,0.1571348402636772,3,0.6666666666666666,1.0,0.0,0.4714045207910317,3,0.5201370399255272,0.5333801830843973,0.5109309018205247,0.009599153249803845,0.5847479512387027,0.6823716383250502,0.3951036930120944,0.13411824940655087,0.0577485313236917,0.10318491125328944,0.0,0.04301529403635116,0.13806448876857758,0.14225244522094727,0.1334328055381775,0.0036142478354080593,0.7017388343811035,0.77016282081604,0.6337842345237732,0.055677314007225275,0.5636743456125259,0.6367300152778625,0.4915317893028259,0.059280443872464554,0.09204299251238506,0.0948349634806315,0.08895520369211832,0.002409498556938706,0.4678780436515808,0.5990155273013644,0.3116753101348877,0.11863754370206045,0.3760872681935628,0.6367300152778625,0.0,0.2724602187225958,0.0,0.3333333333333333,0.6666666666666666,1.0,1.0,1.0,0.0,3,-2.5830187273216123,-1.7481880270062005,-3.000434077479319,0.5903144493357424,3,,,,,0
seed4_i25,4,25,25,25,gen_query.predict,9,0.5333333333333332,1,,,,,0,,,,,0,,,,,0,26.0,26.0,26.0,0.0,3,0.0,0.0,0.0,0.0,3,,,,,0,0.4444444444444445,0.6666666666666667,0.33333333333333337,0.15713484026367724,24.666666666666668,30.0,18.0,4.988876515698588,3.0,3.0,3.0,0.0,-2.418713553353981,-1.255272505103306,-3.000434077479319,0.8226770547288377,-1.3459896926636148,-0.6778079184956499,-2.0002893849862127,0.5399900254943163,0.029297139791759044,0.03294993955536263,0.027057806434917026,0.002604831874234957,0.0,0.0,0.0,0.0,0.0,0.0,0.0,0.0,1.0,3,0.7751685764324293,0.8070632849464556,0.7516032880660202,0.02339497443884227,0.9715762273901808,0.9726996966632963,0.9710144927536232,0.0007944127414746128,0.8425580097605377,0.8538592504497361,0.8331493396169223,0.00856004163261996,0.9977554714105404,0.9979727798814032,0.9974012288347504,0.0002526273428743908,0.06738943332810843,0.08702009416492384,0.03360215426849933,0.023995505903174955,0.026179244020359538,0.026958287127780034,0.025192708852171397,0.0007355752299103494,0.7222222222222222,0.8333333333333333,0.6666666666666666,0.0785674201318386,0.648148148148148,0.7777777777777777,0.4444444444444444,0.14581496062984833,3,0.5,1.0,0.0,0.408248290463863,3,0.5585347891808429,0.6263360733883501,0.5112261041898748,0.04917679818237971,0.5464869339821469,0.6641127503497947,0.3736290840955355,0.12485491109045702,0.04259770664679163,0.08702009416492384,0.0,0.035549226830126984,0.13986470301946005,0.1806020587682724,0.11496046930551529,0.029042731527039532,0.6730092565218607,0.7669865489006042,0.5930200219154358,0.07170698454126408,0.5331445535024008,0.652026079595089,0.46898844093084335,0.08415005429089085,0.09962982808550198,0.1204013725121816,0.08268772065639496,0.01563283563238295,0.4360236117133387,0.5539347297615475,0.2928983105553521,0.10804881400064262,0.26500049357612926,0.46898844093084335,0.0,0.19626417151210768,0.0,0.6666666666666666,0.3333333333333333,1.0,1.0,1.0,0.0,3,-1.5776092791007625,-0.47712125471966244,-3.000434077479319,1.0550521779448137,3,0.0,0.0,0.0,0.0,1
seed4_i26,4,26,26,26,append_notes.predict,9,0.5333333333333332,1,,,,,0,,,,,0,,,,,0,27.0,27.0,27.0,0.0,3,0.0,0.0,0.0,0.0,3,,,,,0,0.4444444444444445,0.6666666666666667,0.33333333333333337,0.15713484026367724,25.0,28.0,22.0,2.449489742783178,3.0,3.0,3.0,0.0,-2.8245415347586165,-2.4727564493172123,-3.000434077479319,0.24874961943590604,-1.3372977148813587,-1.1591851107329938,-1.5018613519330748,0.1402246589174994,0.03155027579614372,0.03350249209969755,0.028939776488862257,0.0019199992744942257,0.0,0.0,0.0,0.0,0.0,0.0,0.0,0.0,1.0,2,0.7238377029615166,0.7609373417021515,0.6650506265330294,0.04204223472953076,0.9717367853290183,0.9724919093851133,0.970873786407767,0.0006649853293386267,0.7912759682771799,0.8137077050797,0.7674219037624092,0.01892284532845081,0.9978715536493682,0.9979821979193054,0.9976852054052637,0.0001325379370287644,0.06743826531566348,0.10237127722937978,0.04717315534006217,0.024806836093794915,0.02613476832034996,0.026811418997496728,0.025455348238422437,0.0005536170325572304,0.4444444444444444,0.6666666666666666,0.0,0.31426968052735443,0.611111111111111,0.7777777777777777,0.4444444444444444,0.16666666666666663,2,0.5,1.0,0.0,0.5,2,0.3168862151633735,0.5072915611347677,0.0,0.22558699682281688,0.47926578592531466,0.5968837029263182,0.3616478689243111,0.11761791700100355,0.05118563861468989,0.10237127722937978,0.0,0.05118563861468989,0.14950619141260782,0.18796728551387787,0.12604010105133057,0.027415101030106113,0.6883163849512736,0.7731587886810303,0.6303322911262512,0.06132361540301522,0.5388101935386658,0.6471186876296997,0.44236500561237335,0.08401020215736457,0.05790028638309902,0.08967412511507669,0.0,0.041006549305679575,0.4476635456085205,0.6013457245296902,0.2939813666873508,0.15368217892116967,0.32355934381484985,0.6471186876296997,0.0,0.32355934381484985,0.0,0.3333333333333333,0.3333333333333333,1.0,1.0,1.0,0.0,2,-3.000434077479319,-3.000434077479319,-3.000434077479319,0.0,2,,,,,0
seed5_i0,5,0,0,0,gen_query.predict,0,0.5666666666666667,0,,,,,0,,,,,0,,,,,0,1.0,1.0,1.0,0.0,3,0.0,0.0,0.0,0.0,3,,,,,0,0.3333333333333333,0.33333333333333337,0.33333333333333337,5.551115123125783e-17,22.666666666666668,30.0,17.0,5.436502143433364,3.0,3.0,3.0,0.0,-3.000434077479319,-3.000434077479319,-3.000434077479319,0.0,-1.3615188607664284,-1.1004880243811,-1.8248834471851911,0.32852335477286215,0.03397709256308475,0.0409246655709279,0.02546316687199157,0.0064085661969245445,0.0,0.0,0.0,0.0,0.0,0.0,0.0,0.0,1.0,3,,,,,,,,,,,,,,,,,,,,,,,,,0.4444444444444444,0.6666666666666666,0.0,0.31426968052735443,0.7777777777777777,0.7777777777777777,0.7777777777777777,0.0,2,1.0,1.0,1.0,0.0,2,,,,,,,,,,,,,,,,,,,,,,,,,,,,,,,,,,,,,0.0,0.0,0.6666666666666666,1.0,1.0,1.0,0.0,2,-3.000434077479319,-3.000434077479319,-3.000434077479319,0.0,2,,,,,0
seed5_i1,5,1,1,1,append_notes.predict,0,0.5666666666666667,0,,,,,0,,,,,0,,,,,0,2.0,2.0,2.0,0.0,3,0.0,0.0,0.0,0.0,3,,,,,0,0.5555555555555557,0.6666666666666667,0.33333333333333337,0.15713484026367724,18.666666666666668,22.0,17.0,2.3570226039551585,3.0,3.0,3.0,0.0,-3.000434077479319,-3.000434077479319,-3.000434077479319,0.0,-1.3890598563626215,-1.1004880243811,-1.684504173654246,0.23847311370985705,0.029907146271457862,0.03566035397478962,0.02390329040654404,0.004803072232965081,0.0,0.0,0.0,0.0,0.0,0.0,0.0,0.0,1.0,3,0.4172452664356881,0.4201183944195212,0.41276002277685114,0.0032130562833650816,0.6033333333333334,0.615,0.585,0.013123346456686365,0.6649406514436447,0.6711672761115337,0.6611877905459985,0.004433746604652849,0.9261772214138482,0.9506873879258817,0.9131221719457013,0.017343608674403245,0.24769538500795654,0.2510488816920125,0.24233040843530645,0.0038329694744969876,0.32284388808051495,0.36568738792588174,0.29812217194570134,0.03041451283243092,0.5555555555555555,0.8333333333333333,0.0,0.3928371006591931,0.7222222222222221,0.8888888888888888,0.5555555555555555,0.16666666666666669,2,0.5,1.0,0.0,0.5,2,0.2310048346909842,0.3490478184255767,0.0,0.16335825602140863,0.4778798201519442,0.5877224804853319,0.3680371598185565,0.10984266033338771,0.12116520421765323,0.24233040843530645,0.0,0.12116520421765323,0.2161796142657598,0.26050397753715515,0.1892378330230713,0.03158408309010636,0.8054571946461996,0.9410989284515381,0.7125560641288757,0.09807490193815917,0.5892775803804398,0.7518610954284668,0.4520520865917206,0.12370295705589439,0.1275836138261689,0.21708664794762927,0.0,0.09262559434724103,0.5285573038789961,0.6333831681145562,0.42373143964343596,0.10482586423556012,0.2260260432958603,0.4520520865917206,0.0,0.2260260432958603,0.0,0.3333333333333333,0.3333333333333333,1.0,1.0,1.0,0.0,2,-1.4490882417488382,-0.8450980400142568,-2.0530784434834195,0.6039902017345813,2,0.0,0.0,0.0,0.0,2
seed5_i2,5,2,2,2,gen_query.predict,0,0.5666666666666667,0,,,,,0,,,,,0,,,,,0,3.0,3.0,3.0,0.0,3,0.0,0.0,0.0,0.0,3,,,,,0,0.6666666666666666,0.6666666666666667,0.6666666666666667,1.1102230246251565e-16,24.0,37.0,16.0,9.273618495495704,3.0,3.0,3.0,0.0,-3.000434077479319,-3.000434077479319,-3.000434077479319,0.0,-1.8919117809975923,-1.7941503733513955,-2.0002893849862127,0.08449004181176419,0.033413523355565175,0.03504614149806924,0.030192740069248835,0.00227751000734489,0.0,0.0,0.0,0.0,0.0,0.0,0.0,0.0,1.0,4,0.5558111373793401,0.5747829670517827,0.5337677131781446,0.016884683044928482,0.7576687116564417,0.7730061349693251,0.7484662576687117,0.010917257926412372,0.8049270168554646,0.8378011259574553,0.7745277242008983,0.02589046645386415,0.9784340764575195,0.9810388416455987,0.9751781199724201,0.00243653472669722,0.24911587947612454,0.3040334127793106,0.19974475714911566,0.04275591911713,0.22076536480107764,0.2295050993143104,0.20607913278521406,0.010447155956437183,0.7222222222222222,0.8333333333333333,0.6666666666666666,0.0785674201318386,0.5925925925925926,0.7777777777777777,0.4444444444444444,0.13857990321384966,3,0.3333333333333333,1.0,0.0,0.4714045207910317,3,0.40158979891445407,0.46573560992341073,0.35584514211876306,0.046711387518579554,0.4805548066868881,0.6516230979669095,0.3442345440892881,0.1278736352464928,0.10134447092643688,0.3040334127793106,0.0,0.14332272525569284,0.17464202642440796,0.19391340017318726,0.16020768880844116,0.014179008746817571,0.7883355418841044,0.844981849193573,0.7059200406074524,0.05962429689368507,0.6136935154596964,0.6510684490203857,0.5457123517990112,0.04814930111040278,0.12720098429256013,0.1615945001443227,0.1068051258722941,0.02445975869950825,0.4721230577539514,0.6331925723287793,0.3137422402699788,0.13042890907094243,0.2147665818532308,0.6442997455596924,0.0,0.3037258128013504,0.0,0.6666666666666666,0.3333333333333333,1.0,1.0,1.0,0.0,3,-2.675301265513458,-2.3820170425748683,-3.000434077479319,0.25347012543529207,3,0.0,0.0,0.0,0.0,1
seed5_i3,5,3,3,3,append_notes.predict,0,0.5666666666666667,0,,,,,0,,,,,0,,,,,0,4.0,4.0,4.0,0.0,3,0.0,0.0,0.0,0.0,3,,,,,0,0.3333333333333333,0.33333333333333337,0.33333333333333337,5.551115123125783e-17,24.333333333333332,34.0,13.0,8.65383665716478,3.0,3.0,3.0,0.0,-2.241924631129685,-1.3222192947339193,-3.000434077479319,0.6945450791619509,-1.032402412451397,-0.6414264286872938,-1.3552927842857974,0.29538453054479547,0.025611737473724167,0.03837096008487317,0.008918015255404201,0.01234177742874602,0.0,0.0,0.0,0.0,0.0,0.0,0.0,0.0,1.0,1,0.6073842404662889,0.6360861757076212,0.590372675390708,0.020411264761814246,0.8191721132897604,0.8257080610021786,0.8148148148148148,0.004706420260281682,0.7708913551017024,0.7839353073505043,0.7480874740650606,0.016180419139050366,0.9694903316685876,0.9743565117172494,0.962831348444103,0.0048729152491843765,0.16350711463541345,0.18495741358900464,0.14784913164288316,0.015693296666470517,0.15031821837882722,0.15736304766496179,0.14557507384223167,0.005080183476085478,0.4444444444444444,0.6666666666666666,0.0,0.31426968052735443,0.611111111111111,0.7777777777777777,0.4444444444444444,0.16666666666666663,2,0.5,1.0,0.0,0.5,2,0.27254641135518426,0.4240574504717474,0.0,0.19312060363903139,0.471105391539654,0.6097274612726143,0.3324833218066936,0.13862206973296037,0.07392456582144158,0.14784913164288316,0.0,0.07392456582144158,0.23795141279697418,0.3547520637512207,0.13629113137722015,0.08982656561641494,0.7737319866816202,0.8298541903495789,0.7031426429748535,0.05273156970418626,0.5357805738846461,0.6070431470870972,0.43344706296920776,0.07419772001456462,0.1091207100285424,0.23650137583414713,0.0,0.09741079571107208,0.46277580327457846,0.6130437652269999,0.3125078413221571,0.1502679619524214,0.21672353148460388,0.43344706296920776,0.0,0.21672353148460388,0.0,0.3333333333333333,0.3333333333333333,1.0,1.0,1.0,0.0,2,-1.8626699079548685,-1.3222192947339193,-2.403120521175818,0.5404506132209493,2,,,,,0
seed5_i4,5,4,4,4,gen_query.predict,0,0.5666666666666667,1,,,,,0,,,,,0,,,,,0,5.0,5.0,5.0,0.0,3,0.0,0.0,0.0,0.0,3,,,,,0,0.5555555555555556,0.6666666666666667,0.33333333333333337,0.15713484026367724,23.0,26.0,19.0,2.943920288775949,3.0,3.0,3.0,0.0,-2.1248162725904103,-1.414973347970818,-3.000434077479319,0.6577904501179873,-1.2771270444491647,-1.1591851107329938,-1.3496488345868307,0.08412827351961484,0.03215347235969954,0.03839777611607063,0.022496720618110377,0.006925532105966885,0.0,0.0,0.0,0.0,0.0,0.0,0.0,0.0,1.0,1,0.654580852532471,0.6642894177683043,0.6379098390218477,0.01184137683983498,0.8683926645091694,0.872168284789644,0.8624595469255664,0.0042470376882480015,0.8070016148710142,0.8334616512341557,0.7915440160575266,0.018798266918801657,0.9853291293996526,0.9862299723312529,0.9841709027733093,0.0008600878388676752,0.1524207623385432,0.16917223346585142,0.1344558765140994,0.014198841300631627,0.11693646489048319,0.12312696616882912,0.1136207409610116,0.004381045387396109,0.6666666666666666,0.8333333333333333,0.5,0.1360827634879543,0.6481481481481481,0.7777777777777777,0.4444444444444444,0.14581496062984833,3,0.611111111111111,1.0,0.3333333333333333,0.28327886186626583,3,0.43492170286906634,0.5315915325182063,0.33214470888415215,0.08153826078022716,0.5204028500207433,0.6191104712499469,0.37042740054851364,0.10780262851755461,0.08922123650685199,0.1344558765140994,0.05639074448861714,0.03305488743528444,0.19424867630004883,0.2123376727104187,0.16314846277236938,0.02208866106909002,0.7701823115348816,0.833590030670166,0.676541805267334,0.06758477313164181,0.5759336352348328,0.6704415678977966,0.4692819118499756,0.08257080010569626,0.13223185141881308,0.17694806059201557,0.08157423138618469,0.03916220198606583,0.49158707040327565,0.5780775712596046,0.3704844580756293,0.08821271206854057,0.3289337158203125,0.4692819118499756,0.22348052263259888,0.1033370751563472,0.0,0.6666666666666666,0.3333333333333333,1.0,1.0,1.0,0.0,3,-0.9477442593660032,-0.0,-1.6127838567197355,0.6880936886628884,3,0.0,0.0,0.0,0.0,2
seed5_i5,5,5,5,5,append_notes.predict,1,0.5666666666666667,0,,,,,0,,,,,0,,,,,0,6.0,6.0,6.0,0.0,3,0.0,0.0,0.0,0.0,3,,,,,0,0.4444444444444445,0.6666666666666667,0.33333333333333337,0.15713484026367724,18.666666666666668,23.0,16.0,3.0912061651652345,3.0,3.0,3.0,0.0,-2.301319380650194,-0.9030899869919435,-3.000434077479319,0.9886974859101033,-1.0012409012887165,-0.4013733275519749,-1.5018613519330748,0.45472040239627115,0.03538215783728141,0.03986017244817322,0.03189627861076998,0.0033260738345244263,0.0,0.0,0.0,0.0,0.0,0.0,0.0,0.0,1.0,2,0.6578031877145115,0.6714574059494934,0.642538270575059,0.011860996611355049,0.8949227373068432,0.895364238410596,0.8940397350993378,0.0006243768487298151,0.7778847667264559,0.797640699276168,0.7485873512760847,0.02113192938757203,0.9792803897399777,0.9815695251511416,0.9753477724951576,0.00279324493868444,0.12008157901194431,0.12801236300813268,0.1060490807010257,0.009950531999491537,0.08435765243313442,0.08620528674054562,0.08130803739581982,0.002172453458250779,0.5,0.8333333333333333,0.0,0.3600411499115478,0.75,0.7777777777777777,0.7222222222222222,0.027777777777777735,2,0.75,1.0,0.5,0.25,2,0.3323832809384935,0.549511572182485,0.0,0.2386818335186355,0.5945419731949679,0.6203872105481306,0.5686967358418051,0.025845237353162742,0.09509473741537044,0.12618329332667455,0.06400618150406634,0.031088555911304105,0.17882372935612997,0.26593339443206787,0.12706701457500458,0.06195880989045417,0.8072364926338196,0.8787850737571716,0.7351741790771484,0.058630027622137794,0.6284127632776896,0.6642794460058212,0.6081071645021439,0.025435432014765835,0.09439270281129412,0.17728892962137857,0.0,0.0728329955533357,0.6072293155723147,0.6834995018111334,0.5309591293334961,0.07627018623881865,0.45845263078808784,0.6128516793251038,0.30405358225107193,0.15439904853701591,0.0,0.3333333333333333,0.3333333333333333,1.0,1.0,1.0,0.0,2,-1.65073203657165,-0.3010299956639812,-3.000434077479319,1.3497020409076688,2,0.0,0.0,0.0,0.0,1
seed5_i6,5,6,6,6,gen_query.predict,1,0.5666666666666667,1,,,,,0,,,,,0,,,,,0,7.0,7.0,7.0,0.0,3,0.0,0.0,0.0,0.0,3,,,,,0,0.4444444444444445,0.6666666666666667,0.33333333333333337,0.15713484026367724,27.0,35.0,15.0,8.640987597877148,3.0,3.0,3.0,0.0,-2.4719471676431515,-1.414973347970818,-3.000434077479319,0.7473933554269544,-1.1438181442700734,-0.5720011145449331,-1.700268207532294,0.4607412621875332,0.03387335502272985,0.03760042362098713,0.029160380888948168,0.003515450433291507,0.0,0.0,0.0,0.0,0.0,0.0,0.0,0.0,1.0,2,0.7093779744785066,0.7480363332415304,0.6659376457414908,0.03368678326318704,0.9004576659038902,0.9016018306636155,0.8981693363844394,0.0016180933207929837,0.8410987451134693,0.863454071380001,0.8228719179123106,0.016822825236730846,0.9906802834979631,0.9911685919973213,0.9898710865561694,0.000576256387858267,0.13172077063496276,0.1569342721708198,0.08893391280656582,0.03041523036194569,0.0902226175940729,0.09170175017172999,0.08939934127678295,0.0010481355687059686,0.27777777777777773,0.8333333333333333,0.0,0.3928371006591931,0.7222222222222222,0.7222222222222222,0.7222222222222222,0.0,1,0.5,0.5,0.5,0.0,1,0.19837776234791618,0.5951332870437486,0.0,0.28054852198564983,0.6236057182188895,0.6236057182188895,0.6236057182188895,0.0,0.07464706346375133,0.07464706346375133,0.07464706346375133,0.0,0.18618952731291452,0.20379047095775604,0.16382713615894318,0.016658742826659138,0.8003766934076945,0.862607479095459,0.7168547511100769,0.06137833190485692,0.61418716609478,0.6716565042734146,0.5530276149511337,0.0485002859046889,0.05304193745056787,0.15912581235170362,0.0,0.07501262731713848,0.6229942904578315,0.6229942904578315,0.6229942904578315,0.0,0.3358282521367073,0.3358282521367073,0.3358282521367073,0.0,0.0,0.3333333333333333,0.0,1.0,1.0,1.0,0.0,1,-2.100370545117563,-2.100370545117563,-2.100370545117563,0.0,1,0.0,0.0,0.0,0.0,1
seed5_i7,5,7,7,7,append_notes.predict,0,0.5666666666666667,0,,,,,0,,,,,0,,,,,0,8.0,8.0,8.0,0.0,3,0.0,0.0,0.0,0.0,3,,,,,0,0.5555555555555556,0.6666666666666667,0.33333333333333337,0.15713484026367724,17.0,19.0,15.0,1.632993161855452,3.0,3.0,3.0,0.0,-3.000434077479319,-3.000434077479319,-3.000434077479319,0.0,-1.8728057785193561,-1.7047924765953855,-2.0002893849862127,0.12399354251336114,0.028554839468589457,0.03595794071180972,0.024279880727762826,0.005255678064989045,0.0,0.0,0.0,0.0,0.0,0.0,0.0,0.0,1.0,4,0.6867869135433963,0.6995541450159631,0.6793764280286331,0.009066646243146048,0.9174884944115714,0.9191321499013807,0.9151873767258383,0.0016762062832323507,0.7924152713100407,0.8236908684992977,0.7767664219552027,0.022115188698837693,0.9871834705608201,0.9902128320646264,0.9852804101289421,0.002165427150529352,0.10562835776664443,0.14431444047066466,0.07723437845965853,0.02833583389869373,0.06969497614924891,0.07206687545713131,0.06692501958751162,0.0021179404506887455,0.5555555555555555,0.8333333333333333,0.0,0.3928371006591931,0.8055555555555556,0.8888888888888888,0.7222222222222222,0.08333333333333331,2,0.75,1.0,0.5,0.25,2,0.3780018321150626,0.5678584729879937,0.0,0.267288571992541,0.6465838161501778,0.7321696608882646,0.5609979714120908,0.08558584473808689,0.09599128382773486,0.14431444047066466,0.047668127184805065,0.0483231566429298,0.1827750305334727,0.21533887088298798,0.13429270684719086,0.03494918940439601,0.7805078029632568,0.8556002974510193,0.6789887547492981,0.07448347159047268,0.5977327724297842,0.65690678358078,0.5446960479021072,0.04601493971679068,0.09249617242150836,0.16557792822519937,0.0,0.06897681860980522,0.6254571825265884,0.7605335977342393,0.4903807673189375,0.13507641520765093,0.4646274037659168,0.65690678358078,0.2723480239510536,0.1922793798148632,0.0,0.3333333333333333,0.3333333333333333,1.0,1.0,1.0,0.0,2,-2.8700032109647053,-2.739572344450092,-3.000434077479319,0.13043086651461344,2,0.0,0.0,0.0,0.0,2
seed5_i8,5,8,8,8,gen_query.predict,0,0.5666666666666667,0,,,,,0,,,,,0,,,,,0,9.0,9.0,9.0,0.0,3,0.0,0.0,0.0,0.0,3,,,,,0,0.3333333333333333,0.33333333333333337,0.33333333333333337,5.551115123125783e-17,25.333333333333332,32.0,21.0,4.784233364802441,3.0,3.0,3.0,0.0,-1.8006115394202877,-1.146128035678238,-3.000434077479319,0.849571939636792,-1.146791328751694,-0.7781512503836435,-1.8465033920906986,0.49500880066046543,0.027548293220497466,0.030473091034541933,0.023372525924778415,0.003030753448958264,0.0,0.0,0.0,0.0,0.0,0.0,0.0,0.0,1.0,1,0.7003834111817088,0.7264504800903859,0.6747701601327054,0.021100842490595437,0.9259592326139089,0.927158273381295,0.9235611510791367,0.001695699715075643,0.8633401643573668,0.8911913206496007,0.8465915853373253,0.019828170432409396,0.9943752111780255,0.9950211674915032,0.9939180728638721,0.0004697116967025035,0.16295675317565791,0.19126172732756552,0.12014110524693933,0.030794539141180917,0.06841597856411663,0.07062524209956456,0.06675979948257715,0.00162580000126543,0.6666666666666666,0.6666666666666666,0.6666666666666666,0.0,0.6666666666666666,0.7777777777777777,0.4444444444444444,0.1571348402636772,3,0.6666666666666666,1.0,0.0,0.4714045207910317,3,0.4669222741211392,0.48430032006025725,0.44984677342180357,0.014067228327063627,0.576793729268488,0.6931488049496893,0.3787722609267441,0.1407366396870224,0.10380094419150161,0.19126172732756552,0.0,0.07893251435063263,0.15640298773845038,0.21111024916172028,0.12146494537591934,0.03917640990371412,0.7433052062988281,0.7996225357055664,0.7070269584655762,0.040370441528700826,0.5869022185603777,0.5885122865438461,0.5855620130896568,0.0012194664667969325,0.10426865849230023,0.1407401661078135,0.08097663025061289,0.02611760660247608,0.497763368818495,0.6219286388821071,0.3214516109890408,0.12809125188083031,0.3913580998778343,0.5885122865438461,0.0,0.2767345873857661,0.0,0.3333333333333333,0.6666666666666666,1.0,1.0,1.0,0.0,3,-1.6192555246368625,-0.6020599913279624,-3.000434077479319,1.0123939592741429,3,,,,,0
seed5_i9,5,9,9,9,append_notes.predict,0,0.5666666666666667,0,,,,,0,,,,,0,,,,,0,10.0,10.0,10.0,0.0,3,0.0,0.0,0.0,0.0,3,,,,,0,0.4444444444444445,0.6666666666666667,0.33333333333333337,0.15713484026367724,24.333333333333332,30.0,21.0,4.0276819911981905,3.0,3.0,3.0,0.0,-2.6089442865556456,-1.954242509439325,-3.000434077479319,0.46589670637463837,-1.3564346469899744,-0.9694950062928833,-1.8989775784079461,0.3950896531411433,0.029290805979500085,0.03391971097823447,0.02168654331807165,0.005419235042336233,0.0,0.0,0.0,0.0,0.0,0.0,0.0,0.0,1.0,1,0.7058362144067879,0.7153335836142588,0.6932589773015855,0.00927132678982126,0.9324510614833196,0.9338296112489661,0.9305210918114144,0.0014058504310981066,0.7996450545273417,0.8307939080125424,0.78328032105755,0.022035015918683027,0.9881768762365778,0.9904627441940875,0.986947501872875,0.0016178929052994308,0.09380884012055384,0.1375349307109569,0.0695273508976737,0.030982006818705034,0.055725814753258184,0.05746026280450933,0.05329077139380456,0.0017728113258121418,0.7777777777777777,0.8333333333333333,0.6666666666666666,0.0785674201318386,0.7962962962962963,0.8888888888888888,0.7222222222222222,0.06928995160692483,3,0.8333333333333334,1.0,0.5,0.23570226039551584,3,0.5488126185442943,0.5961113196785489,0.47261072153634603,0.054403709947976234,0.6356300046511051,0.6976541640106066,0.6000178224535028,0.0440182401690056,0.07088635166872768,0.07436423875303089,0.06876746535547845,0.002478726882585983,0.1357880855600039,0.14979852735996246,0.1229185238480568,0.011003328367102716,0.7386316259702047,0.7657561302185059,0.7192198634147644,0.0197656405634095,0.6028435404102007,0.6159576028585434,0.5845726579427719,0.013321618679761072,0.10567633766267033,0.12483210613330205,0.089764803647995,0.014498798083586478,0.5893170679057085,0.6806721157497829,0.5278858608669704,0.06586596038767556,0.5015101470053196,0.6159576028585434,0.3040001802146435,0.1402471483443472,0.0,0.3333333333333333,0.6666666666666666,1.0,1.0,1.0,0.0,3,-1.9417368466516216,-0.0,-3.000434077479319,1.3748867554967672,3,0.0,0.0,0.0,0.0,2
seed5_i10,5,10,10,10,gen_query.predict,0,0.5666666666666667,0,,,,,0,,,,,0,,,,,0,11.0,11.0,11.0,0.0,3,0.0,0.0,0.0,0.0,3,,,,,0,0.3333333333333333,0.33333333333333337,0.33333333333333337,5.551115123125783e-17,19.333333333333332,22.0,18.0,1.8856180831641267,3.0,3.0,3.0,0.0,-2.786901212432842,-2.359835482339888,-3.000434077479319,0.30198107376111155,-1.3810619034411138,-1.1591851107329938,-1.5999248756443,0.1799438753779362,0.030008808467653584,0.032208558799871355,0.026870342799541907,0.002278161155833823,0.0,0.0,0.0,0.0,0.0,0.0,0.0,0.0,1.0,2,0.7187418492431895,0.7331872521169602,0.702598020213963,0.012545617180460218,0.938243482662617,0.9407744874715261,0.9362186788154897,0.0018940305678430396,0.8471712892005856,0.8624205883328684,0.8272668017267731,0.014724135788064797,0.9952125053216698,0.9955900426536858,0.9949152950815722,0.00028125955129303695,0.1284294399573961,0.1419803129342232,0.11863922542515504,0.009893044879413056,0.05696902265905279,0.05891349941426183,0.054815555182159637,0.0016794928944312212,0.5,0.8333333333333333,0.0,0.3600411499115478,0.8333333333333333,0.8888888888888888,0.7777777777777777,0.05555555555555558,2,1.0,1.0,1.0,0.0,2,0.35625519210272655,0.6003668961655376,0.0,0.2576072254876654,0.7050129065972421,0.7665960785181052,0.643429734676379,0.0615831719208631,0.13332454722351667,0.1419803129342232,0.12466878151281013,0.008655765710706531,0.21174879372119904,0.3372386693954468,0.14637506008148193,0.08876069790894822,0.7675246993700663,0.8004654049873352,0.7440937161445618,0.023975931552606872,0.5557759056488673,0.6116399168968201,0.4632267355918884,0.06590887018651953,0.12620519929462007,0.28103222449620563,0.0,0.11650231611433857,0.6505460043748219,0.7115248044331868,0.589567204316457,0.06097880005836487,0.5374333262443542,0.6116399168968201,0.4632267355918884,0.07420659065246582,0.0,0.0,0.6666666666666666,1.0,1.0,1.0,0.0,2,-2.3964128834887863,-1.792391689498254,-3.000434077479319,0.6040211939905324,2,0.0,0.0,0.0,0.0,1
seed5_i11,5,11,11,11,append_notes.predict,0,0.5666666666666667,1,,,,,0,,,,,0,,,,,0,12.0,12.0,12.0,0.0,3,0.0,0.0,0.0,0.0,3,,,,,0,0.3333333333333333,0.33333333333333337,0.33333333333333337,5.551115123125783e-17,20.333333333333332,22.0,18.0,1.699673171197595,3.0,3.0,3.0,0.0,-1.9545856458665918,-1.0,-3.000434077479319,0.8192194645440427,-1.1936726185945492,-0.4923737515732208,-1.9904152294506121,0.615285407236979,0.03242971655049772,0.034652260919818996,0.0309758125502731,0.001596281964699625,0.0,0.0,0.0,0.0,0.0,0.0,0.0,0.0,1.0,1,0.7169355589451704,0.7535276482883879,0.6915182370444839,0.02651978307163533,0.9390581717451524,0.9418282548476454,0.9369806094182825,0.002038725961756203,0.7640515865889306,0.7798026137496695,0.7343160671289342,0.021038551907091547,0.9889449200578554,0.9898674797701419,0.9882021813064383,0.0006916436591093918,0.04711602764376029,0.08651784184370426,-0.01921158115945376,0.04717645269558601,0.04988674831270309,0.05178448967870353,0.0463739264587929,0.002486619167461781,0.4444444444444444,0.6666666666666666,0.0,0.31426968052735443,0.611111111111111,0.7777777777777777,0.4444444444444444,0.16666666666666663,2,0.5,1.0,0.0,0.5,2,0.32112130785174925,0.5023517655255919,0.0,0.22769337796591413,0.4584642658586272,0.5711347188780598,0.3457938128391947,0.11267045301943254,-0.00960579057972688,0.0,-0.01921158115945376,0.00960579057972688,0.14488786707321802,0.18093520402908325,0.10740336030721664,0.030036445673898998,0.7236199577649435,0.7888059616088867,0.6792076230049133,0.04709287243730023,0.5787320906917254,0.6078707575798035,0.5328825861215591,0.03281509344484219,0.07272449798054165,0.12062346935272217,0.0,0.05227960353208895,0.4394265115261078,0.5282725956704881,0.3505804273817274,0.08884608414438036,0.26644129306077957,0.5328825861215591,0.0,0.26644129306077957,0.0,0.3333333333333333,0.3333333333333333,1.0,1.0,1.0,0.0,2,-2.0002170387396596,-1.0,-3.000434077479319,1.0002170387396594,2,,,,,0
seed5_i12,5,12,12,12,append_notes.predict,2,0.5333333333333333,0,,,,,0,,,,,0,,,,,0,13.0,13.0,13.0,0.0,3,0.0,0.0,0.0,0.0,3,,,,,0,0.3333333333333333,0.33333333333333337,0.33333333333333337,5.551115123125783e-17,20.0,23.0,17.0,2.449489742783178,3.0,3.0,3.0,0.0,-2.2342882046416146,-1.7481880270062005,-3.000434077479319,0.5482391426390381,-0.9423350960342765,-0.751757501701102,-1.1004880243811,0.14420301334209573,0.025654568130656686,0.027875451945920924,0.02433938184997761,0.001579274928349792,0.0,0.0,0.0,0.0,0.0,0.0,0.0,0.0,1.0,1,0.7205749843816044,0.758479183680834,0.6598976878990735,0.043347728076816035,0.9462086843810759,0.9468567725210628,0.9455605962410888,0.0005291617504392057,0.7981986724848832,0.8292950818280059,0.7666738224099047,0.02556681708612186,0.991233579846689,0.9930503495086618,0.9900921892412117,0.0012986610269670456,0.07762368810327884,0.10677613451083112,0.055279031651833455,0.02156768267234412,0.04502489546561317,0.04684166512758592,0.043701428269130704,0.0013286038721515817,0.7222222222222222,0.8333333333333333,0.6666666666666666,0.0785674201318386,0.8148148148148148,0.8888888888888888,0.7777777777777777,0.05237828008789243,3,1.0,1.0,1.0,0.0,3,0.5216804385635644,0.6194567346374213,0.4399317919327157,0.07416182946000786,0.650399971681455,0.7098907673037681,0.5963018618743702,0.04652899206866259,0.07762368810327884,0.10677613451083112,0.055279031651833455,0.02156768267234412,0.1723374625047048,0.2574233114719391,0.1265297532081604,0.060223805319441444,0.7485242883364359,0.7692034244537354,0.7372346520423889,0.014642919394033836,0.5761868258317312,0.6126050353050232,0.5117801129817963,0.045672263510942446,0.12192107240358986,0.17161554098129272,0.08870621522267659,0.035797320833445806,0.609560920132531,0.6570087009006076,0.5734047293663024,0.035052636778180754,0.5761868258317312,0.6126050353050232,0.5117801129817963,0.045672263510942446,0.0,0.0,1.0,1.0,1.0,1.0,0.0,3,-1.2341435121485085,-0.0,-1.954242509439325,0.8767163238913667,3,0.0,0.0,0.0,0.0,1
seed5_i13,5,13,13,13,gen_query.predict,2,0.5333333333333333,1,,,,,0,,,,,0,,,,,0,14.0,14.0,14.0,0.0,3,0.0,0.0,0.0,0.0,3,,,,,0,0.4444444444444445,0.6666666666666667,0.33333333333333337,0.15713484026367724,26.0,31.0,21.0,4.08248290463863,3.0,3.0,3.0,0.0,-2.7990225006847917,-2.3961993470957363,-3.000434077479319,0.28483898352177095,-1.7670558454190601,-1.4275633574227395,-1.9803168541372953,0.24267247722405935,0.03210074401994872,0.04591873769387093,0.023705878989574086,0.009845828767134964,0.0,0.0,0.0,0.0,0.0,0.0,0.0,0.0,1.0,2,0.7303200863862261,0.7339516813869267,0.7247767036239274,0.003982147960747675,0.9489938234708108,0.9509862522414824,0.9473998804542738,0.0014909971654807337,0.8452249148918575,0.8521997617603185,0.8331651467190461,0.008562377432541254,0.9964424530021581,0.9969481538977191,0.9960484767230582,0.00037569184810070917,0.1149048285056314,0.1274230581363911,0.10093327257122164,0.010863127322302293,0.04744862953134713,0.048930847931423105,0.0459619016562367,0.0012120714356724516,0.7777777777777777,0.8333333333333333,0.6666666666666666,0.0785674201318386,0.6851851851851851,0.8888888888888888,0.4444444444444444,0.18332398030762342,3,0.5,1.0,0.0,0.408248290463863,3,0.5679205234247537,0.6116264011557722,0.4881545827652163,0.05648934169660779,0.5806397265271884,0.7575108993425054,0.37029562076402045,0.1598421010899025,0.061867378513677275,0.1274230581363911,0.0,0.05208558092223936,0.13233952472607294,0.15273255109786987,0.10982855409383774,0.017579391450374352,0.6950764457384745,0.7415916323661804,0.6496891379356384,0.037527511718041764,0.5627369210124016,0.6317630782723427,0.5152316689491272,0.049948335708520766,0.10179779554406802,0.11204789082209268,0.0915237950781981,0.008378944051197315,0.47383899931554435,0.5775014559427897,0.3084215852949354,0.11821238025677519,0.27703773602843285,0.5152316689491272,0.0,0.21212818287053123,0.0,0.6666666666666666,0.3333333333333333,1.0,1.0,1.0,0.0,3,-2.5021450355723895,-1.8864907251724818,-2.940516484932567,0.44819228401307126,3,0.0,0.0,0.0,0.0,2
seed5_i14,5,14,14,14,append_notes.predict,4,0.5333333333333333,0,,,,,0,,,,,0,,,,,0,15.0,15.0,15.0,0.0,3,0.0,0.0,0.0,0.0,3,,,,,0,0.4444444444444445,0.6666666666666667,0.33333333333333337,0.15713484026367724,22.0,30.0,18.0,5.656854249492381,3.0,3.0,3.0,0.0,-3.000434077479319,-3.000434077479319,-3.000434077479319,0.0,-1.448302887547212,-1.2595284426209874,-1.725508445511667,0.20024882369755995,0.027678873781770166,0.036647831018673055,0.018505116941639966,0.007408147572250218,0.0,0.0,0.0,0.0,0.0,0.0,0.0,0.0,1.0,3,0.7231103252048691,0.7337770589940504,0.7059374035330643,0.012261306744378168,0.9501133786848072,0.953514739229025,0.9472789115646258,0.0025771318399444255,0.8028071565597746,0.8172203440405003,0.7928857641654005,0.010429928467243714,0.9943087220957493,0.9954809554551324,0.9930855220685672,0.0009785954146250488,0.07969683135490553,0.11128294050743592,0.05910870517135003,0.022675308601585627,0.04419534341094211,0.04820204389050653,0.04084494953452367,0.003039162506207752,0.6666666666666666,0.6666666666666666,0.6666666666666666,0.0,0.7777777777777777,0.7777777777777777,0.7777777777777777,0.0,3,1.0,1.0,1.0,0.0,3,0.4820735501365794,0.4891847059960336,0.47062493568870956,0.008174204496252094,0.624405566213158,0.6356158231426112,0.6166889276842002,0.008112166585633998,0.07969683135490553,0.11128294050743592,0.05910870517135003,0.022675308601585627,0.15689246853192648,0.212030291557312,0.12904371321201324,0.038988998093825486,0.6998012463251749,0.7277510166168213,0.6755302548408508,0.021477151428911087,0.5429087777932485,0.5981476157903671,0.48409217596054077,0.046631613984800924,0.1045949790212843,0.14135352770487467,0.08602914214134216,0.025992665395883654,0.5442898582529138,0.5660285684797498,0.5254124204317728,0.016704451111375272,0.5429087777932485,0.5981476157903671,0.48409217596054077,0.046631613984800924,0.0,0.0,1.0,1.0,1.0,1.0,0.0,3,-2.1593298032261,-0.47712125471966244,-3.000434077479319,1.1895010720188812,3,,,,,0
seed5_i15,5,15,15,15,append_notes.predict,1,0.5666666666666667,0,,,,,0,,,,,0,,,,,0,16.0,16.0,16.0,0.0,3,0.0,0.0,0.0,0.0,3,,,,,0,0.4444444444444445,0.6666666666666667,0.33333333333333337,0.15713484026367724,21.666666666666668,29.0,14.0,6.128258770283411,3.0,3.0,3.0,0.0,-2.6548853274347306,-1.9637878273455553,-3.000434077479319,0.48867972877412674,-1.5543059975534783,-1.156312601888487,-2.0002893849862127,0.34621908486236225,0.02602526443392272,0.02939423670809545,0.019753777426232307,0.0044386978289456865,0.0,0.0,0.0,0.0,0.0,0.0,0.0,0.0,1.0,3,0.7155283588935172,0.7299427931228721,0.6887537968892112,0.018951040809481838,0.9538571174060216,0.9567076429716729,0.9502939604489578,0.002666422509726664,0.8103968485686229,0.8434211364828982,0.7676089925508593,0.03171083661754171,0.9938062538193041,0.9944380573594755,0.9928378336388777,0.0006952994850487303,0.09486848967510582,0.11553264981443001,0.07885519566164811,0.015330401768444812,0.039949136413282495,0.04254387318991992,0.03773041438780267,0.0019829921381145383,0.5,0.8333333333333333,0.0,0.3600411499115478,0.75,0.7777777777777777,0.7222222222222222,0.027777777777777735,2,0.75,1.0,0.5,0.25,2,0.3552476456055103,0.6065737388903901,0.0,0.25830562254225636,0.6030833519441585,0.609137487459871,0.5970292164284461,0.006054135515712433,0.06831076028443156,0.07885519566164811,0.057766324907215005,0.010544435377216554,0.13737601538499197,0.15303947031497955,0.1126706600189209,0.017677239298069664,0.7009877562522888,0.7722131609916687,0.6653682589530945,0.05036396698955465,0.5636117408672968,0.6257952451705933,0.5123423784971237,0.046955490340742076,0.07468041446473862,0.1220149298508962,0.0,0.05343381840458803,0.5376143604516983,0.5577095051606497,0.517519215742747,0.02009514470895135,0.4126200005412102,0.5123423784971237,0.31289762258529663,0.09972237795591354,0.0,0.3333333333333333,0.3333333333333333,1.0,1.0,1.0,0.0,2,-2.2527920278996123,-1.505149978319906,-3.000434077479319,0.7476420495797064,2,0.0,0.0,0.0,0.0,1
seed5_i16,5,16,16,16,append_notes.predict,2,0.5333333333333333,0,,,,,0,,,,,0,,,,,0,17.0,17.0,17.0,0.0,3,0.0,0.0,0.0,0.0,3,,,,,0,0.4444444444444445,0.6666666666666667,0.33333333333333337,0.15713484026367724,27.666666666666668,45.0,17.0,12.364824660660938,3.0,3.0,3.0,0.0,-3.000434077479319,-3.000434077479319,-3.000434077479319,0.0,-1.620139438044023,-1.1591851107329938,-1.8678594833665005,0.3262478463461518,0.02917454217814427,0.0330063262607148,0.024084220028944215,0.0037495718379228823,0.0,0.0,0.0,0.0,0.0,0.0,0.0,0.0,1.0,3,0.7449067414607035,0.7615036122082177,0.7351673057674682,0.011794591158040933,0.9568965517241379,0.9589249492900609,0.9543610547667343,0.0018973921839624602,0.8092462101228056,0.8372212740513797,0.7909490676586657,0.02009188715238563,0.9953980607118229,0.9960454283181108,0.994342570049397,0.0007527083953056316,0.06433946866210209,0.07571766184316198,0.055781761891197434,0.008379593642338819,0.03850150898768497,0.041445129001226655,0.03693891893377832,0.0020827730081232794,0.5555555555555555,0.8333333333333333,0.0,0.3928371006591931,0.8055555555555556,0.8888888888888888,0.7222222222222222,0.08333333333333331,2,0.75,1.0,0.5,0.25,2,0.41574192165991275,0.6345863435068481,0.0,0.29411043947900356,0.6538628234779608,0.7030658379188139,0.6046598090371076,0.04920301444085318,0.04682029640638921,0.055781761891197434,0.03785883092158099,0.008961465484808223,0.1792713701725006,0.2441691905260086,0.14648719131946564,0.04589050533652499,0.7240384419759115,0.7321863174438477,0.7107036709785461,0.009506276477962396,0.5447670718034109,0.582067608833313,0.48801712691783905,0.04078466122277967,0.1087019219994545,0.2034743254383405,0.0,0.0836499607238156,0.5885007646348741,0.6482003000047472,0.5288012292650011,0.05969953536987305,0.41303808614611626,0.582067608833313,0.24400856345891953,0.16902952268719673,0.0,0.3333333333333333,0.3333333333333333,1.0,1.0,1.0,0.0,2,-2.4009007297873026,-2.1986570869544226,-2.603144372620182,0.20224364283287977,2,0.0,0.0,0.0,0.0,2
seed5_i17,5,17,17,17,gen_query.predict,2,0.5333333333333333,0,,,,,0,,,,,0,,,,,0,18.0,18.0,18.0,0.0,3,0.0,0.0,0.0,0.0,3,,,,,0,0.3333333333333333,0.33333333333333337,0.33333333333333337,5.551115123125783e-17,28.333333333333332,39.0,19.0,8.219218670625303,3.0,3.0,3.0,0.0,-2.2347542555325117,-1.6901960800285136,-2.9206450014067875,0.5121733486596385,-0.9587268947399353,-0.6637420252308316,-1.4142880987135689,0.32677048163059547,0.029663863015290507,0.031176420517774056,0.026953047834708085,0.001921125590612467,0.0,0.0,0.0,0.0,0.0,0.0,0.0,0.0,1.0,0,0.7589290016781262,0.7721982695616759,0.747816144671643,0.010070073963360912,0.9594465648854963,0.9604007633587787,0.9575381679389313,0.0013494404221117409,0.8693687610635911,0.8989175384524765,0.8504648637771348,0.021164443848035057,0.9974916675256846,0.9979512421399855,0.9968044531491599,0.0004950731551186656,0.11043975938546491,0.15110139378083343,0.08652561139948589,0.028900595649170777,0.03804510264018842,0.04041307420105422,0.03640368979038122,0.0017155575398099746,0.7222222222222222,0.8333333333333333,0.6666666666666666,0.0785674201318386,0.648148148148148,0.7777777777777777,0.4444444444444444,0.14581496062984833,3,0.5,1.0,0.0,0.408248290463863,3,0.5488525716499549,0.6434985579680632,0.498544096447762,0.06696919763406436,0.5603936824628667,0.6614726718266604,0.3995189059788784,0.11499737961783121,0.045651692891939454,0.09369227297607541,0.0,0.03828699161480862,0.18153353532155356,0.18963180482387543,0.1655166894197464,0.011325857933198088,0.7146167755126953,0.7645080089569092,0.6865693926811218,0.035369217632819444,0.5330832401911417,0.5750558972358704,0.5031411200761795,0.03056669383054975,0.13154747419887117,0.15787675976753232,0.11034445961316426,0.019740632886413804,0.4646807224662215,0.5521446731355455,0.30789907773335773,0.11110860978057215,0.2695268839597702,0.5210527032613754,0.0,0.21309936436729435,0.0,0.6666666666666666,0.3333333333333333,1.0,1.0,1.0,0.0,3,-1.5429052684016684,-0.8450980400142568,-2.093421685162235,0.5201595384438349,3,0.0,0.0,0.0,0.0,1
seed5_i18,5,18,18,18,gen_query.predict,1,0.5666666666666667,0,,,,,0,,,,,0,,,,,0,19.0,19.0,19.0,0.0,3,0.0,0.0,0.0,0.0,3,,,,,0,0.4444444444444445,0.6666666666666667,0.33333333333333337,0.15713484026367724,23.666666666666668,26.0,21.0,2.0548046676563256,3.0,3.0,3.0,0.0,-2.418713553353981,-1.255272505103306,-3.000434077479319,0.8226770547288377,-1.4432187219293588,-0.6778079184956499,-2.2596731351140935,0.6468016071198031,0.026820860973951487,0.028373490195817617,0.025031286291119812,0.0013746973239586093,0.0,0.0,0.0,0.0,0.0,0.0,0.0,0.0,1.0,3,0.7632786999899124,0.8119194202133883,0.7290008888446872,0.035342048412414145,0.9616079494128275,0.962059620596206,0.9607046070460704,0.0006387595132670103,0.855260221438237,0.8851653042408683,0.8384709137745615,0.02119920113867055,0.996980120879167,0.9971397250607966,0.9968751181280949,0.00011471760798483699,0.09198152144832465,0.11314355745459415,0.07324588402748,0.01637827104826547,0.035372171466339565,0.03643511801472621,0.03481549753188895,0.0007518983073185316,0.6666666666666666,0.8333333333333333,0.5,0.1360827634879543,0.5555555555555555,0.8888888888888888,0.3333333333333333,0.24002743327436518,3,0.3333333333333333,1.0,0.0,0.4714045207910317,3,0.5053522650320679,0.6240964924263848,0.4059597101066941,0.09009912826328552,0.47154966696726747,0.7453074789107214,0.29505510141362273,0.19625987055289898,0.0298517076209666,0.0895551228628998,0.0,0.04221668977756724,0.21010921398798624,0.25157076120376587,0.16892153024673462,0.033741962947732046,0.662888765335083,0.7308052182197571,0.6289024949073792,0.048024189847702306,0.45277955134709674,0.5209698677062988,0.3773317337036133,0.05886414799412781,0.14239144325256348,0.20964230100313822,0.10491767525672913,0.04765723530327626,0.36072110909002797,0.5590244399176704,0.2436017394065857,0.1409869891390067,0.1257772445678711,0.3773317337036133,0.0,0.177875885105801,0.0,0.6666666666666666,0.3333333333333333,1.0,1.0,1.0,0.0,3,-1.069838338180877,-0.7781512503836436,-1.255272505103306,0.2087717019811143,3,0.0,0.0,0.0,0.0,2
seed5_i19,5,19,19,19,append_notes.predict,2,0.5333333333333333,1,,,,,0,,,,,0,,,,,0,20.0,20.0,20.0,0.0,3,0.0,0.0,0.0,0.0,3,,,,,0,0.4444444444444445,0.6666666666666667,0.33333333333333337,0.15713484026367724,28.0,36.0,21.0,6.164414002968976,3.0,3.0,3.0,0.0,-2.148575615635097,-1.5314789170422551,-3.000434077479319,0.6222497515506897,-1.041111792551908,-0.7969783690344597,-1.4338213577144334,0.28041445571072565,0.030997792862415035,0.03444989300580633,0.026109072958207975,0.0035534234215733817,0.0,0.0,0.0,0.0,0.0,0.0,0.0,0.0,1.0,1,0.752969401284251,0.7619090679542156,0.7370542998212114,0.01128220996822531,0.9641791044776119,0.9650319829424308,0.9628997867803838,0.0009212140296244389,0.8230723098226639,0.8375891838232379,0.7953925769767568,0.019580331067608786,0.9960767881424516,0.9964752714410717,0.9956495483171269,0.0003377127701912489,0.07010290853841283,0.07629033259067086,0.058338277155545404,0.008322579920229336,0.03189768366483966,0.03357548466068794,0.031044004607105657,0.0011864458246044968,0.4444444444444444,0.6666666666666666,0.0,0.31426968052735443,0.7777777777777777,0.7777777777777777,0.7777777777777777,0.0,2,1.0,1.0,1.0,0.0,2,0.33266647464411947,0.5066298907182175,0.0,0.23531320566696917,0.6345219010840709,0.6504051311862199,0.6186386709819219,0.015883230102148982,0.06731430487310813,0.07629033259067086,0.058338277155545404,0.008976027717562729,0.18243131538232168,0.2603466808795929,0.1322231888771057,0.05585502436456963,0.7288272182146708,0.7508163452148438,0.7014419436454773,0.02051498133922702,0.5463959028323492,0.579499289393425,0.49046966433525085,0.039767913886867554,0.06376605894830491,0.10314938426017761,0.0,0.045503385537066336,0.5583142870002322,0.5710626178317599,0.5455659561687045,0.01274833083152771,0.5743590220808983,0.579499289393425,0.5692187547683716,0.005140267312526703,0.0,0.0,0.6666666666666666,1.0,1.0,1.0,0.0,2,-2.457123964931518,-1.9138138523837167,-3.000434077479319,0.543310112547801,2,,,,,0
seed5_i20,5,20,20,20,gen_query.predict,5,0.6333333333333333,1,,,,,0,,,,,0,,,,,0,21.0,21.0,21.0,0.0,3,0.0,0.0,0.0,0.0,3,,,,,0,0.5555555555555556,0.6666666666666667,0.33333333333333337,0.15713484026367724,29.0,32.0,27.0,2.160246899469287,3.0,3.0,3.0,0.0,-1.899221140079679,-0.7781512503836436,-3.000434077479319,0.9073518115251521,-1.1941461689320596,-0.5604137457918624,-2.0002893849862127,0.6003357811654235,0.03492957973385027,0.03726086160171408,0.03199174006168487,0.002193451576605437,0.0,0.0,0.0,0.0,0.0,0.0,0.0,0.0,1.0,2,0.7517540250890423,0.7772378860681125,0.7159272581667043,0.02607655461558903,0.9638472952920546,0.9647915823553217,0.962363415621206,0.0010621891102133806,0.8356969741811439,0.8489387988240072,0.8214432505354651,0.011247792334966974,0.9970126848307438,0.9976581850934474,0.9966786759738797,0.00045653017480627744,0.08394294909210154,0.10551599236876075,0.07170091275589474,0.015300668181448696,0.033165389538689305,0.03431526035267374,0.03231430552526848,0.0008437654569339268,0.5,0.8333333333333333,0.0,0.3600411499115478,0.6666666666666665,0.7777777777777777,0.5555555555555555,0.1111111111111111,2,0.5,1.0,0.0,0.5,2,0.37078853821268704,0.6350807758602584,0.0,0.2699851779787902,0.5518692844260028,0.6389003059720283,0.4648382628799773,0.08703102154602549,0.052757996184380374,0.10551599236876075,0.0,0.052757996184380374,0.16589095195134482,0.2344711422920227,0.11527138948440552,0.050293030548068635,0.7151029904683431,0.7584161758422852,0.6376309394836426,0.05490834426820561,0.5492120385169983,0.6431447863578796,0.4897006154060364,0.06720565004470258,0.09074673718876308,0.19539261857668558,0.0,0.0803718794341458,0.5030679172939724,0.5898792478773328,0.41625658671061194,0.08681133058336044,0.3215723931789398,0.6431447863578796,0.0,0.3215723931789398,0.0,0.3333333333333333,0.3333333333333333,1.0,1.0,1.0,0.0,2,-2.0732810565787783,-1.146128035678238,-3.000434077479319,0.9271530209005404,2,0.0,0.0,0.0,0.0,1
seed5_i21,5,21,21,21,append_notes.predict,5,0.6333333333333333,0,,,,,0,,,,,0,,,,,0,22.0,22.0,22.0,0.0,3,0.0,0.0,0.0,0.0,3,,,,,0,0.3333333333333333,0.33333333333333337,0.33333333333333337,5.551115123125783e-17,21.666666666666668,28.0,13.0,6.342099196813483,3.0,3.0,3.0,0.0,-2.327477930536399,-1.591064607026499,-3.000434077479319,0.5771196790987146,-1.1611979024468173,-0.7310415327848205,-1.6738744588497525,0.3893076482961857,0.03338824953069283,0.04018564317271363,0.029204707363637592,0.0048490138145569905,0.0,0.0,0.0,0.0,0.0,0.0,0.0,0.0,1.0,1,0.7558915632329536,0.778052412114171,0.7439094140108016,0.015687373371255513,0.9662300975860297,0.9672573189522342,0.9657164869029276,0.0007263551938228702,0.8095021742513689,0.8275108433884072,0.7917092030210657,0.014616754255267954,0.9954994081061964,0.9958988906114281,0.9948103924090994,0.0004892710128425471,0.05361061101841532,0.06537706233383223,0.045996339447177514,0.008439334585669016,0.029269310520166607,0.03018240370850056,0.027553073456865196,0.0012143927030864791,0.4444444444444444,0.6666666666666666,0.0,0.31426968052735443,0.7777777777777777,0.7777777777777777,0.7777777777777777,0.0,2,1.0,1.0,1.0,0.0,2,0.3382137391388828,0.518701608076114,0.0,0.23933369612786498,0.6365322910072937,0.6436195448576499,0.6294450371569373,0.007087253850356301,0.05741774680403422,0.06537706233383223,0.049458431274236214,0.007959315529798006,0.1419806828101476,0.16830289363861084,0.09753096103668213,0.03160824365940914,0.6854050159454346,0.7264823913574219,0.6491649150848389,0.03174951393963394,0.5434243331352869,0.5830367803573608,0.489056721329689,0.03976052510657886,0.05907418992784288,0.11220192909240723,0.0,0.04599882919179913,0.5471861627366807,0.5650418599446614,0.5293304655287,0.017855697207980692,0.5706081390380859,0.5830367803573608,0.558179497718811,0.012428641319274902,0.0,0.0,0.6666666666666666,1.0,1.0,1.0,0.0,2,-2.6956845922913493,-2.3909351071033793,-3.000434077479319,0.30474948518796974,2,,,,,0
seed5_i22,5,22,22,22,gen_query.predict,2,0.5333333333333333,1,,,,,0,,,,,0,,,,,0,23.0,23.0,23.0,0.0,3,0.0,0.0,0.0,0.0,3,,,,,0,0.4444444444444445,0.6666666666666667,0.33333333333333337,0.15713484026367724,24.0,28.0,21.0,2.943920288775949,3.0,3.0,3.0,0.0,-3.000434077479319,-3.000434077479319,-3.000434077479319,0.0,-1.3236658212435353,-1.1004880243811,-1.5693347511924183,0.1920654430327607,0.03632885388600061,0.03898169298032316,0.0327010390453465,0.002655131728331077,0.0,0.0,0.0,0.0,0.0,0.0,0.0,0.0,1.0,3,0.7658603038876887,0.7960027876472807,0.7498951126362742,0.021326449007073717,0.9691380794294848,0.9701217263002582,0.9679085208410181,0.0009201173950015713,0.8709211680263284,0.884581331509226,0.8626292694690135,0.009732658362022441,0.9974813651612641,0.9978994381506898,0.9970530952696571,0.0003455932586912417,0.10506086413863969,0.13468621887295185,0.06662648182173281,0.02847491500816646,0.028343285731779206,0.029583041222427053,0.027669104122478916,0.0008777600914017357,0.7222222222222222,0.8333333333333333,0.6666666666666666,0.0785674201318386,0.648148148148148,0.7777777777777777,0.4444444444444444,0.14581496062984833,3,0.5,1.0,0.0,0.408248290463863,3,0.5522343755160298,0.6249125938635618,0.5011220075863405,0.052787888389276796,0.5651542983107866,0.6732078135228018,0.38339078643067265,0.12928869505809684,0.06040433371923678,0.1138698917212344,0.0,0.046745395612773265,0.16145885239044824,0.21665354073047638,0.11921320110559464,0.04082003688586678,0.698450764020284,0.7698548436164856,0.6614682674407959,0.05050113204542725,0.5369919116298357,0.5532013028860092,0.5129584521055222,0.017335585615212142,0.11967554274532528,0.18054461727539697,0.07947546740372975,0.04377327121684574,0.455486437788716,0.5560062759452395,0.29398589664035374,0.11533329786840456,0.27380554378032684,0.5448159798979759,0.0,0.222428973619569,0.0,0.6666666666666666,0.3333333333333333,1.0,1.0,1.0,0.0,3,-1.3011746881570876,-0.3010299956639812,-3.000434077479319,1.2078263171836658,3,0.0,0.0,0.0,0.0,1
seed5_i23,5,23,23,23,append_notes.predict,1,0.5666666666666667,1,,,,,0,,,,,0,,,,,0,24.0,24.0,24.0,0.0,3,0.0,0.0,0.0,0.0,3,,,,,0,0.4444444444444445,0.6666666666666667,0.33333333333333337,0.15713484026367724,18.666666666666668,25.0,12.0,5.312459150169742,3.0,3.0,3.0,0.0,-2.413827409383654,-1.8260748027008264,-3.000434077479319,0.4794308510765661,-1.0835585820397307,-0.9640315342301601,-1.3182255289728813,0.16594425520957906,0.02383023791034745,0.03389226449297485,0.01115569100406593,0.00946420943468139,0.0,0.0,0.0,0.0,0.0,0.0,0.0,0.0,1.0,1,0.7658032118141141,0.7749781661185455,0.7589073607295695,0.006755907542181563,0.9698575297303661,0.9720946661956905,0.9675026492405511,0.0018765309608511646,0.7988672103880088,0.845174312006031,0.7135013600366951,0.06043525990422904,0.9944838376442978,0.9970413311001234,0.9897599967905965,0.003344074672011771,0.033063998573894714,0.08165020341180362,-0.061476806081850466,0.0668590763968625,0.02462630791393165,0.026674911287316694,0.02225734755004538,0.0018176337721033304,0.4444444444444444,0.6666666666666666,0.0,0.31426968052735443,0.611111111111111,0.7777777777777777,0.4444444444444444,0.16666666666666663,2,0.5,1.0,0.0,0.5,2,0.3408634504106922,0.516652110745697,0.0,0.24106654077715442,0.4844159529997713,0.6517201904276781,0.31711171557186446,0.16730423742790684,0.03950929919586549,0.07901859839173098,-0.0,0.03950929919586549,0.1407341087857882,0.16189754009246826,0.10837968438863754,0.023237454888566326,0.6818286577860514,0.733985424041748,0.6043316721916199,0.05588153469203133,0.5410945490002632,0.5987891927361488,0.452406570315361,0.0636522225071164,0.06973836488193935,0.10793169339497884,0.0,0.049387107625461266,0.39812574452824057,0.4700357450379265,0.3262157440185547,0.0719100005096859,0.2262032851576805,0.452406570315361,0.0,0.2262032851576805,0.0,0.3333333333333333,0.3333333333333333,1.0,1.0,1.0,0.0,2,-2.120524075335822,-1.8260748027008264,-2.4149733479708178,0.29444927263499565,2,,,,,0
seed5_i24,5,24,24,24,append_notes.predict,2,0.5333333333333333,0,,,,,0,,,,,0,,,,,0,25.0,25.0,25.0,0.0,3,0.0,0.0,0.0,0.0,3,,,,,0,0.3333333333333333,0.33333333333333337,0.33333333333333337,5.551115123125783e-17,21.666666666666668,27.0,15.0,4.988876515698588,3.0,3.0,3.0,0.0,-2.39231980467144,-1.1760912590556813,-3.000434077479319,0.8600034520775549,-1.2706324945807923,-0.5927170834612147,-1.8369930292286434,0.5140616209186883,0.029916598335319743,0.04023001626766798,0.021269330514745693,0.007829812394580573,0.0,0.0,0.0,0.0,0.0,0.0,0.0,0.0,1.0,2,0.7474004312465632,0.7625105046002161,0.7307633452559675,0.013005623329988563,0.970494417862839,0.9726589200273411,0.9675324675324676,0.002167498016682652,0.8139535516685301,0.8516425956901527,0.7770619778350212,0.03045263107340083,0.9967682940500097,0.9971942770939629,0.9963102822057595,0.0003615993396277311,0.06655312042196686,0.08913209108993658,0.028134533951515106,0.027305012553148877,0.026273876187170846,0.029661809561495334,0.02414140282296584,0.0024222382923592754,0.5,0.8333333333333333,0.0,0.3600411499115478,0.8333333333333333,0.8888888888888888,0.7777777777777777,0.05555555555555558,2,1.0,1.0,1.0,0.0,2,0.3704272555800778,0.624106203236255,0.0,0.26783049836518347,0.661588244057949,0.6907217580755743,0.6324547300403238,0.02913351401762526,0.05526363508798199,0.08239273622444887,0.028134533951515106,0.027129101136466882,0.14369869728883108,0.15399636328220367,0.1328919380903244,0.008623362553302217,0.6428091526031494,0.7148798108100891,0.49880242347717285,0.10182814952525425,0.49911045531431836,0.5705374330282211,0.36591048538684845,0.09426902584454534,0.06896060291263792,0.110743281741937,0.0,0.04912567747355284,0.4996464418040381,0.5559129516283671,0.44337993197970915,0.05626650982432896,0.4682239592075348,0.5705374330282211,0.36591048538684845,0.10231347382068634,0.0,0.0,0.6666666666666666,1.0,1.0,1.0,0.0,2,-1.5002170387396594,-0.0,-3.000434077479319,1.5002170387396594,2,0.0,0.0,0.0,0.0,1
seed5_i25,5,25,25,25,gen_query.predict,5,0.6333333333333333,0,,,,,0,,,,,0,,,,,0,26.0,26.0,26.0,0.0,3,0.0,0.0,0.0,0.0,3,,,,,0,0.3333333333333333,0.33333333333333337,0.33333333333333337,5.551115123125783e-17,22.0,25.0,17.0,3.559026084010437,3.0,3.0,3.0,0.0,-3.000434077479319,-3.000434077479319,-3.000434077479319,0.0,-1.2342791335650916,-1.1004880243811,-1.5018613519330748,0.18920920113294049,0.029794102506808893,0.03057260118025462,0.028939776488862257,0.0006687508045282079,0.0,0.0,0.0,0.0,0.0,0.0,0.0,0.0,1.0,3,0.7267560200379748,0.7377288284528053,0.7058173357071275,0.014811591280580369,0.970008853474989,0.9711155378486056,0.9681274900398407,0.0013372118164668616,0.861393474033774,0.8821940606673352,0.8320100739886923,0.021367524334579648,0.9982554641463112,0.9985578100481637,0.9978956725231067,0.00027335146325853474,0.13463745399579904,0.16415895173816664,0.09428124553588701,0.029538299130368366,0.028246610671322243,0.030185419827822524,0.027112139986586126,0.0013775539985804394,0.7222222222222222,0.8333333333333333,0.6666666666666666,0.0785674201318386,0.648148148148148,0.7777777777777777,0.4444444444444444,0.14581496062984833,3,0.5,1.0,0.0,0.408248290463863,3,0.5237160875646014,0.5881811130892728,0.4911479306359945,0.04558448050180203,0.5558404677401703,0.6471189464356495,0.3920862491854823,0.11604587833490292,0.05878690713499011,0.09428124553588701,0.0,0.04186602547511045,0.1768485208352407,0.23347972333431244,0.1284569352865219,0.04326942698911239,0.7088590065638224,0.7329694628715515,0.6837014555931091,0.020127202831360685,0.5320104857285818,0.5814491659402847,0.4994897395372391,0.03553401434041298,0.12726617521709865,0.15565314888954163,0.08563795685768127,0.03007800635525141,0.45979518912456646,0.5700873600112066,0.3155138227674696,0.10667199108401976,0.25234533846378326,0.4994897395372391,0.0,0.20394899245979506,0.0,0.6666666666666666,0.3333333333333333,1.0,1.0,1.0,0.0,3,-2.0002893849862127,-0.0,-3.000434077479319,1.4144181884592197,3,0.0,0.0,0.0,0.0,1
seed5_i26,5,26,26,26,append_notes.predict,6,0.6333333333333333,0,,,,,0,,,,,0,,,,,0,27.0,27.0,27.0,0.0,3,0.0,0.0,0.0,0.0,3,,,,,0,0.5555555555555557,0.6666666666666667,0.33333333333333337,0.15713484026367724,23.666666666666668,32.0,18.0,6.018490028422596,3.0,3.0,3.0,0.0,-3.000434077479319,-3.000434077479319,-3.000434077479319,0.0,-2.227321566613706,-1.1591851107329938,-2.820086880905956,0.756805551526616,0.031223639117500274,0.038245988424558945,0.024466960868237884,0.005628400360829397,0.0,0.0,0.0,0.0,0.0,0.0,0.0,0.0,1.0,5,0.7331039627158055,0.7717056537219192,0.6829117875846916,0.03716487730450068,0.9721149721149721,0.9732947232947233,0.9707207207207207,0.0010617218936735213,0.8034363821752502,0.8407009404733614,0.7824307863182248,0.026421179775088663,0.9967573012878402,0.9968973811035309,0.9966470256882538,0.00010435732513128518,0.07033241945944457,0.10426563214947238,0.010725132596305587,0.04228336810653262,0.024642329172868054,0.026006776351015115,0.023352302393530477,0.0010849613801299598,0.7222222222222222,0.8333333333333333,0.5,0.1571348402636772,0.5925925925925926,0.6666666666666666,0.5555555555555555,0.05237828008789243,3,0.3333333333333333,1.0,0.0,0.4714045207910317,3,0.5251748962940691,0.6205787057006713,0.3858528268609596,0.10073288017354175,0.4753324636647028,0.5216205242121499,0.43732078874120217,0.034909265908114245,0.003575044198768529,0.010725132596305587,0.0,0.005055875991981708,0.13738845785458884,0.17083512246608734,0.10916930437088013,0.025444887302837758,0.6990300218264262,0.7212070822715759,0.6816189885139465,0.016509402428368396,0.5616415639718374,0.6120377779006958,0.5107838660478592,0.041338024400333205,0.10236045883761512,0.14236260205507278,0.054584652185440063,0.0362543285068706,0.41506138554325805,0.4808047215143839,0.3786772158410813,0.046575940403950085,0.20401259263356528,0.6120377779006958,0.0,0.28851737539728534,0.0,0.6666666666666666,0.3333333333333333,1.0,1.0,1.0,0.0,3,-1.6812412373755874,-0.47712125471966244,-2.459392487759231,0.8634955437017973,3,0.0,0.0,0.0,0.0,3
seed5_i27,5,27,27,27,gen_query.predict,2,0.5333333333333333,0,,,,,0,,,,,0,,,,,0,28.0,28.0,28.0,0.0,3,0.0,0.0,0.0,0.0,3,,,,,0,0.4444444444444445,0.6666666666666667,0.33333333333333337,0.15713484026367724,23.333333333333332,28.0,17.0,4.642796092394706,3.0,3.0,3.0,0.0,-1.9288250959072908,-1.1139433523068367,-3.000434077479319,0.791262059445893,-1.041800171552901,-0.4716577826569393,-1.77829594287675,0.5462483600704916,0.03218348961811963,0.040338366036250045,0.024373823619565128,0.006522066713288093,0.0,0.0,0.0,0.0,0.0,0.0,0.0,0.0,1.0,1,0.7793978824770287,0.8015962661177906,0.7510924840720771,0.02106544915618555,0.9733749349973998,0.9750390015600624,0.9722308892355694,0.0012039351952979858,0.8705251431245746,0.9022738148081735,0.8531588047778437,0.02248272947144737,0.9980907742375787,0.9985194334929525,0.9978426030897308,0.000304364711489331,0.09112726064754595,0.1511813307360964,0.0545465436699164,0.04280046142690499,0.02471583924017884,0.025679396894483508,0.022803601529668427,0.001352169893628971,0.27777777777777773,0.8333333333333333,0.0,0.3928371006591931,0.7222222222222222,0.7222222222222222,0.7222222222222222,0.0,1,0.5,0.5,0.5,0.0,1,0.22266562947716403,0.6679968884314921,0.0,0.3148967530809478,0.618325362624455,0.618325362624455,0.618325362624455,0.0,0.0272732718349582,0.0272732718349582,0.0272732718349582,0.0,0.13512026766935983,0.20115499198436737,0.10058343410491943,0.046710080317320386,0.6660441954930624,0.7036240696907043,0.6255722641944885,0.031930070268333416,0.5309239278237025,0.5683528184890747,0.502469077706337,0.027635326156928153,0.05587638666232426,0.16762915998697278,0.0,0.07902114383426209,0.5081729392210642,0.5081729392210642,0.5081729392210642,0.0,0.2512345388531685,0.2512345388531685,0.2512345388531685,0.0,0.0,0.3333333333333333,0.0,1.0,1.0,1.0,0.0,1,-0.9542425094393249,-0.9542425094393249,-0.9542425094393249,0.0,1,0.0,0.0,0.0,0.0,1
seed5_i28,5,28,28,28,gen_query.predict,1,0.5666666666666667,0,,,,,0,,,,,0,,,,,0,29.0,29.0,29.0,0.0,3,0.0,0.0,0.0,0.0,3,,,,,0,0.3333333333333333,0.33333333333333337,0.33333333333333337,5.551115123125783e-17,20.666666666666668,28.0,11.0,7.1336448530109,3.0,3.0,3.0,0.0,-1.7148321233608022,-0.8450980400142568,-2.9014583213961123,0.8688957977322536,-0.8221965416873015,-0.38204267855941265,-1.459526525371925,0.4614482108347049,0.03560591917175992,0.03790226357761571,0.032288993266677564,0.0024025529259987274,0.0,0.0,0.0,0.0,0.0,0.0,0.0,0.0,1.0,0,0.7633515308732951,0.8005644498793686,0.7252172545570863,0.030767262203011004,0.9734459867229934,0.9743512371756186,0.971937235968618,0.0010739366578184416,0.8670752341082184,0.8723977659483291,0.8579717147885891,0.0064678506350546805,0.9983485571385353,0.9984595785073732,0.998143167606185,0.00014539137368079082,0.10372370323492335,0.13275446023150284,0.07029177170836842,0.025689487049725294,0.02490257041554189,0.026522342538755184,0.024091688126428923,0.001145352141140711,0.2222222222222222,0.6666666666666666,0.0,0.31426968052735443,0.7777777777777777,0.7777777777777777,0.7777777777777777,0.0,1,1.0,1.0,1.0,0.0,1,0.16115938990157472,0.4834781697047242,0.0,0.2279137949025806,0.6673113337244582,0.6673113337244582,0.6673113337244582,0.0,0.13275446023150284,0.13275446023150284,0.13275446023150284,0.0,0.12765627602736154,0.13909029960632324,0.1153293251991272,0.009720904124590694,0.6447949608167013,0.6760074496269226,0.59531569480896,0.03538404711908485,0.5171386847893397,0.5606781244277954,0.4562253952026367,0.044377029772651816,0.025628738933139373,0.07688621679941812,0.0,0.03624451018576507,0.5257835719320508,0.5257835719320508,0.5257835719320508,0.0,0.5606781244277954,0.5606781244277954,0.5606781244277954,0.0,0.0,0.0,0.3333333333333333,1.0,1.0,1.0,0.0,1,-1.3979400086720377,-1.3979400086720377,-1.3979400086720377,0.0,1,,,,,0
seed5_i29,5,29,29,29,append_notes.predict,1,0.5666666666666667,1,,,,,0,,,,,0,,,,,0,30.0,30.0,30.0,0.0,3,0.0,0.0,0.0,0.0,3,,,,,0,0.4444444444444445,0.6666666666666667,0.33333333333333337,0.15713484026367724,24.0,26.0,23.0,1.4142135623730951,3.0,3.0,3.0,0.0,-2.7635964267518127,-2.5390760987927767,-3.000434077479319,0.18854987572623846,-1.5190482888273735,-1.1057424497254735,-2.2009760487622,0.48580000094600884,0.04099682720632596,0.05140696632522506,0.03532257648947578,0.007371041460317749,0.0,0.0,0.0,0.0,0.0,0.0,0.0,0.0,1.0,2,0.7666930785913794,0.8026356294154239,0.7108979489088781,0.03999620125027458,0.9739842151417714,0.9763227126571178,0.9722303420052616,0.001721087570170098,0.8125409167658014,0.8322196203736753,0.7915258464352938,0.01664001635315795,0.9970700682459714,0.9977242181122554,0.9966110639280326,0.0004749311516717927,0.04584783817442203,0.08062789752641564,0.011241654073011365,0.02832708208994643,0.02308585310419997,0.024380721922770965,0.021401505455137637,0.0012470506564971817,0.5,0.8333333333333333,0.0,0.3600411499115478,0.75,0.7777777777777777,0.7222222222222222,0.027777777777777735,2,0.75,1.0,0.5,0.25,2,0.39774226538202573,0.6688630245128532,0.0,0.2873664220400058,0.6175410936272531,0.6472819269573029,0.5878002602972032,0.029740833330049843,0.025647394980172378,0.04567396292383907,0.005620827036505682,0.020026567943666695,0.15775781869888306,0.20942814648151398,0.12696318328380585,0.03676015449431077,0.6779776414235433,0.8044100403785706,0.6144764423370361,0.08940150950970015,0.5202198227246603,0.5949818938970566,0.47816431522369385,0.053002365684132746,0.0818071390191714,0.1396187643210093,0.0,0.05947093601948456,0.5347203976578182,0.625652253627777,0.4437885416878594,0.09093185596995879,0.41936926171183586,0.5949818938970566,0.24375662952661514,0.17561263218522072,0.0,0.3333333333333333,0.3333333333333333,1.0,1.0,1.0,0.0,2,-2.8758565907313303,-2.751279103983342,-3.000434077479319,0.1245774867479883,2,0.0,0.0,0.0,0.0,1
seed5_i30,5,30,30,30,gen_query.predict,6,0.6333333333333333,0,,,,,0,,,,,0,,,,,0,31.0,31.0,31.0,0.0,3,0.0,0.0,0.0,0.0,3,,,,,0,0.3333333333333333,0.33333333333333337,0.33333333333333337,5.551115123125783e-17,26.333333333333332,30.0,22.0,3.299831645537222,3.0,3.0,3.0,0.0,-2.1749001154154324,-1.3424226808222062,-3.000434077479319,0.6768981246437268,-1.1586916011908401,-0.5478175588287292,-2.0002893849862127,0.6150033523437282,0.02963286325113069,0.03294993955536263,0.027804898341051962,0.0023496030632692753,0.0,0.0,0.0,0.0,0.0,0.0,0.0,0.0,1.0,2,0.7614859958190715,0.7742399464073496,0.746067871435777,0.011654464625441906,0.9753927692598903,0.9758659852356616,0.9747302668938104,0.00048258749892037786,0.8695785409317264,0.8753099659812454,0.8599732299389183,0.006834184288521616,0.9983485563564928,0.9985363982875077,0.9980589667128444,0.0002077653723007873,0.10809254511265502,0.12924209454546842,0.08573328353156873,0.017782982718919215,0.022955787096602436,0.02332869981903407,0.02267041305184614,0.00027578086956923486,0.5,0.8333333333333333,0.0,0.3600411499115478,0.6666666666666665,0.7777777777777777,0.5555555555555555,0.1111111111111111,2,0.5,1.0,0.0,0.5,2,0.3780567963229748,0.6367918080117396,0.0,0.27331815149374256,0.5830239942357665,0.6807966402076353,0.4852513482638975,0.09777264597186891,0.06462104727273421,0.12924209454546842,0.0,0.06462104727273421,0.13887853920459747,0.19525186717510223,0.10195255279541016,0.040495595120803474,0.7102482914924622,0.7481570243835449,0.6624505519866943,0.03568140684396652,0.5713697522878647,0.6287258267402649,0.524885430932045,0.04308405127922783,0.07656463649537827,0.13016791145006815,0.0,0.05556581314483363,0.4878747893704308,0.56010678741667,0.4156427913241916,0.0722319980462392,0.2624427154660225,0.524885430932045,0.0,0.2624427154660225,0.0,0.3333333333333333,0.3333333333333333,1.0,1.0,1.0,0.0,2,-2.1714283791507625,-1.3424226808222062,-3.000434077479319,0.8290056983285563,2,0.0,0.0,0.0,0.0,1
seed5_i31,5,31,31,31,append_notes.predict,6,0.6333333333333333,0,,,,,0,,,,,0,,,,,0,32.0,32.0,32.0,0.0,3,0.0,0.0,0.0,0.0,3,,,,,0,0.5555555555555556,0.6666666666666667,0.33333333333333337,0.15713484026367724,21.333333333333332,28.0,16.0,4.988876515698588,3.0,3.0,3.0,0.0,-2.802899264207081,-2.4727564493172123,-3.000434077479319,0.23494620857473297,-1.4403837092817913,-1.1791890857175584,-1.7911153601498084,0.2577157358782893,0.03091448285850179,0.03350249209969755,0.02727603889117751,0.0026482371148703063,0.0,0.0,0.0,0.0,0.0,0.0,0.0,0.0,1.0,1,0.7284987534372899,0.7466666310084352,0.6972180823871433,0.02221484120740412,0.9757174392935982,0.9773730684326711,0.9743377483443708,0.0012544317234166964,0.7868235409031664,0.8150771668628943,0.7305546124768864,0.039788259819560065,0.9968691908815184,0.9974047240202061,0.9965319079912873,0.00038290932420454864,0.05832478746587658,0.07322729645342763,0.03333653008974302,0.017778452326507762,0.021151751587920226,0.02219415964691651,0.01929787220039081,0.0013142766149734466,0.5,0.8333333333333333,0.0,0.3600411499115478,0.75,0.7777777777777777,0.7222222222222222,0.027777777777777735,2,0.75,1.0,0.5,0.25,2,0.35847425553338225,0.5810150686559528,0.0,0.25593365426162107,0.5806931602604328,0.6337635448431145,0.5276227756777513,0.053070384582681596,0.04494778074914957,0.07322729645342763,0.01666826504487151,0.028279515704278058,0.17994298040866852,0.2207130342721939,0.13720811903476715,0.03411903738987057,0.6780226230621338,0.7139840722084045,0.6535026431083679,0.025983087184525345,0.49807964265346527,0.5767759531736374,0.445868119597435,0.05662919269640144,0.09179986930555767,0.18392752856016156,0.0,0.07508845683703225,0.5183703336450789,0.5553209450509813,0.48141972223917645,0.03695061140590242,0.39985500648617744,0.5767759531736374,0.2229340597987175,0.17692094668745995,0.0,0.3333333333333333,0.3333333333333333,1.0,1.0,1.0,0.0,2,-1.5002170387396594,-0.0,-3.000434077479319,1.5002170387396594,2,0.0,0.0,0.0,0.0,1
seed5_i32,5,32,32,32,append_notes.predict,5,0.6333333333333333,0,,,,,0,,,,,0,,,,,0,33.0,33.0,33.0,0.0,3,0.0,0.0,0.0,0.0,3,,,,,0,0.5555555555555556,0.6666666666666667,0.33333333333333337,0.15713484026367724,18.333333333333332,21.0,17.0,1.8856180831641267,3.0,3.0,3.0,0.0,-2.9248848666466105,-2.7737864449811935,-3.000434077479319,0.10684271858620059,-1.850157680283487,-1.551533345753995,-2.3380379249235035,0.3478608082719999,0.029785806922176295,0.033894095220962754,0.02727694135244155,0.002928628362627201,0.0,0.0,0.0,0.0,0.0,0.0,0.0,0.0,1.0,2,0.7769451864517573,0.8066496282983945,0.7611484308288899,0.021018365697073008,0.9768061850173287,0.9778725673153825,0.9754732071447614,0.0009975093006595393,0.8317432980575049,0.8578227500589156,0.8034983739946,0.02223063067977951,0.9971455594069784,0.9972650022669768,0.9969871147967765,0.00011675105684827435,0.05479811160574773,0.07276033929010928,0.04046087376661278,0.013433026013260047,0.020339374389649684,0.021513907652015107,0.01931199384179938,0.0009049296650188017,0.6666666666666666,0.8333333333333333,0.5,0.1360827634879543,0.7037037037037036,0.8888888888888888,0.4444444444444444,0.18885257457751053,3,0.7777777777777778,1.0,0.3333333333333333,0.31426968052735443,3,0.517858509334555,0.6342903590240749,0.3815187501139936,0.1041493005710868,0.5885193669386223,0.7412522401057771,0.3571103884420444,0.16640049621774,0.04580680632427822,0.07276033929010928,0.01348695792220426,0.024493964436397002,0.13386611143747965,0.16139928996562958,0.09911739826202393,0.02593333072488978,0.7129367589950562,0.7443645596504211,0.6585335731506348,0.03862331596605658,0.5790706475575765,0.6032829135656357,0.5594161748886108,0.018196204744048705,0.09157542139291763,0.11756803840398787,0.04955869913101196,0.029987736592414733,0.508905028855359,0.6616573863559299,0.2926815880669488,0.15717764629243905,0.4547559420267741,0.6032829135656357,0.1864720582962036,0.19006860301985415,0.0,0.3333333333333333,0.6666666666666666,1.0,1.0,1.0,0.0,3,-1.020484159695731,-0.3010299956639812,-1.6812412373755872,0.5649954447582887,3,0.0,0.0,0.0,0.0,2
seed5_i33,5,33,33,33,gen_query.predict,1,0.5666666666666667,0,1.0,1.0,1.0,0.0,1,1.0,1.0,1.0,0.0,1,0.0,0.0,0.0,0.0,1,23.0,34.0,1.0,15.556349186104045,3,0.3333333333333333,1.0,0.0,0.4714045207910317,3,0.0,0.0,0.0,0.0,1,0.4444444444444445,0.6666666666666667,0.33333333333333337,0.15713484026367724,18.333333333333332,21.0,17.0,1.8856180831641267,3.0,3.0,3.0,0.0,-3.000434077479319,-3.000434077479319,-3.000434077479319,0.0,-1.6581629942897553,-1.3182255289728813,-2.3380379249235035,0.4807441738098569,0.023488907875211656,0.033894095220962754,0.01828631420233611,0.007357578531697054,0.0,0.0,0.0,0.0,0.0,0.0,0.0,0.0,0.6666666666666666,3,0.700910902549381,0.7693006159575733,0.5641314757329967,0.09671766022867449,0.9744389567628455,0.9768650896802703,0.9695866909279959,0.0034310700759419698,0.8481424552870477,0.9056270966039067,0.7430475424868467,0.07442258311947908,0.9983523889198734,0.9988148354712771,0.9974832682654768,0.000614982750665763,0.1472315527376666,0.17891606675384997,0.12645211081281638,0.022764110879973008,0.023913432157028052,0.027896577337480966,0.02189397334259635,0.002816600999777851,0.611111111111111,0.6666666666666666,0.5,0.0785674201318386,0.6666666666666666,0.7777777777777777,0.4444444444444444,0.1571348402636772,3,0.7777777777777778,1.0,0.3333333333333333,0.31426968052735443,3,0.4359332974921986,0.5128670773050488,0.28206573786649836,0.1088007948159581,0.577105516058054,0.7043766306919274,0.3302433522163763,0.17458606627044762,0.10747242679236661,0.13632648064633346,0.05963868891794999,0.034062938356137815,0.12718754013379416,0.15965338051319122,0.062255859375,0.04591363177838342,0.6509423851966858,0.7371175289154053,0.5103796720504761,0.10023645283394604,0.5237548450628916,0.577464148402214,0.4481238126754761,0.055031216988298756,0.08133303456836276,0.10643558700879414,0.0311279296875,0.035500370111439895,0.44957966936959165,0.5733136336008707,0.22683540980021158,0.15782705477667291,0.4241717755794525,0.577464148402214,0.1493746042251587,0.1947438086445385,0.0,0.3333333333333333,0.6666666666666666,0.6666666666666666,1.0,0.0,0.4714045207910317,3,-2.3600164670020876,-1.0791812460476249,-3.000434077479319,0.9056872703194704,3,1.0,1.0,1.0,0.0,1
seed6_i0,6,0,0,0,gen_query.predict,0,0.5666666666666667,1,,,,,0,,,,,0,,,,,0,1.0,1.0,1.0,0.0,3,0.0,0.0,0.0,0.0,3,,,,,0,0.4444444444444445,0.6666666666666667,0.33333333333333337,0.15713484026367724,21.333333333333332,24.0,17.0,3.0912061651652345,3.0,3.0,3.0,0.0,-2.9173824196473266,-2.751279103983342,-3.000434077479319,0.11745278088357305,-1.762798481995097,-1.2504263679944474,-2.2596731351140935,0.4121689683497114,0.03356407627228188,0.040338366036250045,0.025031286291119812,0.006371599215338187,0.0,0.0,0.0,0.0,0.0,0.0,0.0,0.0,1.0,3,,,,,,,,,,,,,,,,,,,,,,,,,0.611111111111111,0.8333333333333333,0.5,0.1571348402636772,0.537037037037037,0.7222222222222222,0.4444444444444444,0.13094570021973104,3,0.38888888888888884,0.5,0.3333333333333333,0.07856742013183862,3,,,,,,,,,,,,,,,,,,,,,,,,,,,,,,,,,,,,,0.0,1.0,0.0,1.0,1.0,1.0,0.0,3,-1.4015180200450812,-0.3010299956639812,-3.000434077479319,1.1570129579597745,3,0.0,0.0,0.0,0.0,3
seed6_i1,6,1,1,1,append_notes.predict,1,0.4666666666666666,0,,,,,0,,,,,0,,,,,0,2.0,2.0,2.0,0.0,3,0.0,0.0,0.0,0.0,3,,,,,0,0.3333333333333333,0.33333333333333337,0.33333333333333337,5.551115123125783e-17,24.333333333333332,32.0,18.0,5.792715732327588,3.0,3.0,3.0,0.0,-1.8006115394202873,-1.146128035678238,-3.000434077479319,0.849571939636792,-1.4713191583567797,-0.7781512503836435,-2.820086880905956,0.9538461152803919,0.025546249831729446,0.028799262702172042,0.023372525924778415,0.0023432195106754526,0.0,0.0,0.0,0.0,0.0,0.0,0.0,0.0,1.0,2,0.41492423200987116,0.42227500436880056,0.4030936205168804,0.008447212187815818,0.6080402010050251,0.6231155778894473,0.5829145728643216,0.017884553185982123,0.674288268818005,0.6860821650181869,0.6571962180029927,0.012373420855019227,0.9157860236595324,0.9301030353661932,0.8992431409649952,0.012696433799937007,0.25936403680813375,0.27649280291595474,0.2377921468590602,0.016108821742760338,0.30774582265450723,0.31632856810067367,0.2999214423861021,0.006719612184274217,0.6666666666666666,0.8333333333333333,0.5,0.1360827634879543,0.648148148148148,0.7777777777777777,0.4444444444444444,0.14581496062984833,3,0.611111111111111,1.0,0.3333333333333333,0.28327886186626583,3,0.2775222908191947,0.3495033926199437,0.2015468102584402,0.06046902161318018,0.43676652836585556,0.533619461680812,0.3020384104145934,0.09826271939658306,0.15828916723918932,0.2638071606493863,0.09216426763865157,0.07540637709635303,0.2484414130449295,0.2908574342727661,0.221749946475029,0.030324988945547984,0.905945618947347,0.9473555684089661,0.8796483874320984,0.029635128611761735,0.6575042059024175,0.7146387100219727,0.5887909531593323,0.05202541072466247,0.16501833581262162,0.19390495618184406,0.1163584291934967,0.03460831401873504,0.5828657348950704,0.6841709680027431,0.4210469192928738,0.11562867724490489,0.38718177792098785,0.5887909531593323,0.23821290334065753,0.14788394817939932,0.0,0.6666666666666666,0.3333333333333333,1.0,1.0,1.0,0.0,3,-1.5615672564950314,-1.0791812460476249,-2.459392487759231,0.6354463405520152,3,0.0,0.0,0.0,0.0,2
seed6_i2,6,2,2,2,append_notes.predict,0,0.5666666666666667,0,,,,,0,,,,,0,,,,,0,3.0,3.0,3.0,0.0,3,0.0,0.0,0.0,0.0,3,,,,,0,0.4444444444444445,0.6666666666666667,0.33333333333333337,0.15713484026367724,27.333333333333332,30.0,24.0,2.494438257849294,3.0,3.0,3.0,0.0,-2.797267754020672,-2.3909351071033793,-3.000434077479319,0.28732057005269696,-1.5494339506281698,-1.0786777157058787,-2.0002893849862127,0.37650944975812084,0.03367605574780736,0.03730382963233218,0.03077439805572728,0.002714627380456863,0.0,0.0,0.0,0.0,0.0,0.0,0.0,0.0,1.0,3,0.5013597930731877,0.531352120157822,0.46819205816232384,0.025882565160946357,0.7412140575079872,0.744408945686901,0.7380191693290735,0.0026086152745294646,0.7111248517017631,0.7315532604295193,0.6989323921770701,0.01453509329960859,0.9525505432045471,0.9555363695229873,0.948845240664796,0.002778613068181525,0.20976505862857545,0.2307403340147463,0.19835370159928267,0.01485092344056675,0.21133648569655986,0.21751720019391374,0.20443629497789506,0.00536443565484075,0.6666666666666666,0.8333333333333333,0.5,0.1360827634879543,0.648148148148148,0.7777777777777777,0.4444444444444444,0.14581496062984833,3,0.611111111111111,1.0,0.3333333333333333,0.28327886186626583,3,0.33625892553418585,0.42044600074951427,0.23409602908116192,0.07713160008313115,0.46242149103542457,0.5689858692229594,0.31063661874536447,0.1102111719102353,0.1254304785809736,0.20020114027169733,0.07691344467158209,0.053646395966906756,0.16687773913145065,0.20832563936710358,0.11748126894235611,0.03751052947902984,0.8432659904162089,0.8593285083770752,0.827863872051239,0.012853869209929944,0.6763882512847582,0.7251243218779564,0.6510028690099716,0.03447161564265999,0.11443766165110798,0.14568859090407688,0.058740634471178055,0.03948160381625215,0.5469198922316233,0.668366617626614,0.37449137369791663,0.1252730941377463,0.4064099192619324,0.6510028690099716,0.24170810729265213,0.1763849878608302,0.0,0.6666666666666666,0.3333333333333333,1.0,1.0,1.0,0.0,3,-1.366168427733772,-0.0,-2.3909351071033793,1.005504529058072,3,0.0,0.0,0.0,0.0,2
seed6_i3,6,3,3,3,gen_query.predict,1,0.4666666666666666,1,,,,,0,,,,,0,,,,,0,4.0,4.0,4.0,0.0,3,0.0,0.0,0.0,0.0,3,,,,,0,0.4444444444444445,0.6666666666666667,0.33333333333333337,0.15713484026367724,27.0,39.0,17.0,9.092121131323903,3.0,3.0,3.0,0.0,-2.3066435217807935,-1.8260748027008264,-3.000434077479319,0.5025784119735679,-0.9556857558575519,-0.7981505602754054,-1.1004880243811,0.12375669981614523,0.03017728396091349,0.03389226449297485,0.02546316687199157,0.0035129405603148544,0.0,0.0,0.0,0.0,0.0,0.0,0.0,0.0,1.0,1,0.6256817844432914,0.6502665975245076,0.5938487804478815,0.0235958290744976,0.8116932422171601,0.8132118451025057,0.8109339407744874,0.0010738143981572465,0.8480213170260557,0.8544356463497146,0.8384645791846906,0.006888386122866031,0.9903057419835943,0.9904512467943472,0.9902329895782179,0.00010288743837858199,0.2223395325827643,0.2605868659018331,0.20089712801925408,0.027111134551229415,0.17861249976643415,0.1795173060198597,0.17702114447571227,0.0011287804035269011,0.6666666666666666,0.6666666666666666,0.6666666666666666,0.0,0.6666666666666666,0.7777777777777777,0.4444444444444444,0.1571348402636772,3,0.6666666666666666,1.0,0.0,0.4714045207910317,3,0.4171211896288609,0.43351106501633835,0.3958991869652543,0.015730552716331742,0.5649983881820697,0.6645610582720002,0.3782949891305607,0.13211660397388691,0.15537382324301294,0.2605868659018331,0.0,0.11214115094156005,0.20404083033402762,0.21582436561584473,0.18263663351535797,0.015160787947826125,0.8190036614735922,0.8857455849647522,0.7169906497001648,0.0732693400884726,0.6149628311395645,0.6720840930938721,0.5343540161848068,0.05862958514155331,0.13602722022268507,0.14388291041056314,0.1217577556769053,0.010107191965217414,0.5385866717055992,0.6644359164767795,0.3936647044287787,0.11136153996875435,0.3909348001082738,0.6384503841400146,0.0,0.2796802065540076,0.0,0.3333333333333333,0.6666666666666666,1.0,1.0,1.0,0.0,3,-2.3066435217807935,-1.8260748027008264,-3.000434077479319,0.5025784119735679,3,,,,,0
seed6_i4,6,4,4,4,append_notes.predict,1,0.4666666666666666,1,,,,,0,,,,,0,,,,,0,5.0,5.0,5.0,0.0,3,0.0,0.0,0.0,0.0,3,,,,,0,0.3333333333333333,0.33333333333333337,0.33333333333333337,5.551115123125783e-17,23.333333333333332,28.0,19.0,3.681787005729087,3.0,3.0,3.0,0.0,-2.048854037719186,-1.3979400086720377,-3.000434077479319,0.6878938133361255,-1.2000231893791355,-0.6250204211305667,-2.0002893849862127,0.5836088241936956,0.029359277046627687,0.03790226357761571,0.024748870596071535,0.006047138513296518,0.0,0.0,0.0,0.0,0.0,0.0,0.0,0.0,1.0,2,0.6259797989655164,0.6571743433515563,0.6068442179552357,0.022246263040126807,0.8529062870699882,0.8558718861209964,0.8487544483985765,0.0030243294861167147,0.7324859311397982,0.759821348406296,0.7094964639797786,0.020773604403691102,0.979539947442067,0.9846421623835364,0.9759393877342071,0.003708170975896616,0.10650613217428184,0.14590051281653893,0.07096563768176367,0.030713169886412484,0.1266336603720787,0.13054963569314493,0.12006750161321067,0.004671644100879917,0.4444444444444444,0.6666666666666666,0.0,0.31426968052735443,0.7777777777777777,0.7777777777777777,0.7777777777777777,0.0,2,1.0,1.0,1.0,0.0,2,0.28246559532029186,0.4381162289010375,0.0,0.20007995634640416,0.5786516281154062,0.5909721598715635,0.5663310963592488,0.012320531756157327,0.1084330752491513,0.14590051281653893,0.07096563768176367,0.03746743756738763,0.16460530956586203,0.20900912582874298,0.13474935293197632,0.032014149293799796,0.7844695051511129,0.8853289484977722,0.7044288516044617,0.07530505857534839,0.6198641955852509,0.6763198226690292,0.5696794986724854,0.04376096509774629,0.07979257239235772,0.139339417219162,0.0,0.0586588180994576,0.6412698692745631,0.6885891821649338,0.5939505563841925,0.04731931289037067,0.6449565440416336,0.6763198226690292,0.613593265414238,0.03136327862739563,0.0,0.0,0.6666666666666666,1.0,1.0,1.0,0.0,2,-2.1991870430756784,-1.3979400086720377,-3.000434077479319,0.8012470344036406,2,,,,,0
seed6_i5,6,5,5,5,gen_query.predict,1,0.4666666666666666,0,,,,,0,,,,,0,,,,,0,6.0,6.0,6.0,0.0,3,0.0,0.0,0.0,0.0,3,,,,,0,0.4444444444444445,0.6666666666666667,0.33333333333333337,0.15713484026367724,19.0,22.0,16.0,2.449489742783178,3.0,3.0,3.0,0.0,-2.7275705809678037,-2.1818435879447726,-3.000434077479319,0.38588725744312874,-1.249351580221178,-0.9279678597575783,-1.5018613519330748,0.23929918610090845,0.029658844181293356,0.03439002245290102,0.026442758234001575,0.003416760717858416,0.0,0.0,0.0,0.0,0.0,0.0,0.0,0.0,1.0,2,0.6171314002587521,0.6183396276936646,0.6160326252711754,0.0009450043820052048,0.8718734047983666,0.8744257274119449,0.8683001531393568,0.002602868562324048,0.8313541874517751,0.8548131264517448,0.8138512446610554,0.01724479357356015,0.9926638662501945,0.9928912504936631,0.9924604171902488,0.00017669937481578076,0.21422278719302304,0.23878050118056937,0.19551161696739083,0.018141768394754048,0.12079046145182792,0.12416026405089198,0.11821420365472657,0.0024914779513711934,0.7222222222222222,0.8333333333333333,0.6666666666666666,0.0785674201318386,0.648148148148148,0.7777777777777777,0.4444444444444444,0.14581496062984833,3,0.5,1.0,0.0,0.408248290463863,3,0.44577313504437166,0.5152830230780537,0.4106884168474503,0.04915165071389509,0.5398265829788583,0.6648546539069126,0.3668436405522334,0.12629962601027767,0.11217876988808827,0.23878050118056937,0.0,0.09801376875305301,0.14911936223506927,0.15986227989196777,0.1339266300201416,0.011045817331132647,0.8069135745366415,0.8716413378715515,0.7644111514091492,0.04651202376942971,0.6577942123015722,0.7180721610784531,0.6045488715171814,0.0466117116869792,0.10829414592848884,0.1332185665766398,0.08928442001342773,0.018417202445877977,0.5262561032065638,0.6779432627889844,0.3487503263685438,0.13562681174217586,0.3401155322790146,0.7180721610784531,0.0,0.29437036599989813,0.0,0.6666666666666666,0.3333333333333333,1.0,1.0,1.0,0.0,3,-1.5189121927488687,-0.6020599913279624,-3.000434077479319,1.0574145994570165,3,0.0,0.0,0.0,0.0,1
seed6_i6,6,6,6,6,append_notes.predict,1,0.4666666666666666,0,,,,,0,,,,,0,,,,,0,7.0,7.0,7.0,0.0,3,0.0,0.0,0.0,0.0,3,,,,,0,0.5555555555555557,0.6666666666666667,0.33333333333333337,0.15713484026367724,18.0,21.0,15.0,2.449489742783178,3.0,3.0,3.0,0.0,-2.4291878993994764,-1.414973347970818,-3.000434077479319,0.7190675286062634,-1.27695015582062,-0.5720011145449331,-1.8989775784079461,0.5448997645108808,0.026243532530672433,0.029160380888948168,0.02168654331807165,0.003264159771976132,0.0,0.0,0.0,0.0,0.0,0.0,0.0,0.0,1.0,1,0.6649422531724173,0.6934556697220907,0.6452399501280803,0.02064647984354719,0.8913907284768213,0.8940397350993378,0.8887417218543047,0.0021629048501396646,0.8015394537918773,0.8115789044347016,0.7955982250714747,0.007138725162643043,0.9886362352728547,0.9894608424548443,0.9873259005727066,0.0009368182415134691,0.13659720061946,0.15035827494339438,0.11812323471261088,0.013575295330717224,0.09724550679603343,0.09858417871840197,0.09542110735550657,0.0013362144359132398,0.4444444444444444,0.6666666666666666,0.0,0.31426968052735443,0.611111111111111,0.7777777777777777,0.4444444444444444,0.16666666666666663,2,0.5,1.0,0.0,0.5,2,0.2974879155222602,0.46230377981472714,0.0,0.21076464139079656,0.4897501774021738,0.6187986195000358,0.3607017353043118,0.12904844209786198,0.07517913747169719,0.15035827494339438,0.0,0.07517913747169719,0.16702082256476083,0.2016681283712387,0.13733915984630585,0.02649587711737649,0.7788233359654745,0.8318435549736023,0.7391015887260437,0.03901200746268555,0.6118025134007136,0.6301754266023636,0.6017624288797379,0.013010294264224877,0.06653207540512085,0.10803678631782532,0.0,0.04752377320561475,0.45754503210385633,0.5748567912313672,0.3402332729763455,0.11731175912751088,0.3008812144398689,0.6017624288797379,0.0,0.3008812144398689,0.0,0.3333333333333333,0.3333333333333333,1.0,1.0,1.0,0.0,2,-1.6746387637339777,-0.47712125471966244,-2.8721562727482928,1.197517509014315,2,,,,,0
seed6_i7,6,7,7,7,gen_query.predict,0,0.5666666666666667,0,,,,,0,,,,,0,,,,,0,8.0,8.0,8.0,0.0,3,0.0,0.0,0.0,0.0,3,,,,,0,0.4444444444444445,0.6666666666666667,0.33333333333333337,0.15713484026367724,21.666666666666668,23.0,21.0,0.9428090415820634,3.0,3.0,3.0,0.0,-3.000434077479319,-3.000434077479319,-3.000434077479319,0.0,-1.8441666459259123,-1.3011746881570874,-2.3380379249235035,0.424720279518683,0.03318446785922902,0.03898169298032316,0.026677615376401145,0.005048119099573934,0.0,0.0,0.0,0.0,0.0,0.0,0.0,0.0,1.0,3,0.6842256998740278,0.6958479871818287,0.6708028248447843,0.010303611866045973,0.9044943820224719,0.9067415730337078,0.9011235955056179,0.0024272437072688775,0.8322931630274071,0.8724610697736964,0.7842103538078357,0.03646031155464739,0.9932161753590325,0.9944727891156463,0.9922902494331066,0.0009211897008719623,0.14806746315337918,0.1766130825918677,0.0981840662123652,0.035395416032065787,0.08872179333656065,0.09176189202272678,0.08554867639939878,0.0025382779578308917,0.6666666666666666,0.8333333333333333,0.5,0.1360827634879543,0.537037037037037,0.7222222222222222,0.4444444444444444,0.13094570021973104,3,0.27777777777777773,0.5,0.0,0.20786985482077452,3,0.45530471865209154,0.5590023540373201,0.34301314379773523,0.08838637369217486,0.447705115558541,0.606816936194942,0.34853793502570474,0.11364280449168836,0.03914354746624691,0.08470262032795234,0.0,0.034875996494056295,0.1494979982574781,0.1687125712633133,0.11796959489583969,0.02247124423466757,0.7524246772130331,0.7921329140663147,0.7027201652526855,0.03718067642933529,0.602926678955555,0.674163319170475,0.5409083366394043,0.054790238512906854,0.10210101182262103,0.1348431905110677,0.058984797447919846,0.031825979030193983,0.3994776496180781,0.5075201193491617,0.3388537565867106,0.07658753834251295,0.16505842490328682,0.27045416831970215,0.0,0.11819783123229843,0.0,1.0,0.0,1.0,1.0,1.0,0.0,3,-1.453556377995902,-0.6020599913279624,-2.6794278966121188,0.8884375453728259,3,0.0,0.0,0.0,0.0,2
seed6_i8,6,8,8,8,gen_query.predict,1,0.4666666666666666,1,,,,,0,,,,,0,,,,,0,9.0,9.0,9.0,0.0,3,0.0,0.0,0.0,0.0,3,,,,,0,0.4444444444444445,0.6666666666666667,0.33333333333333337,0.15713484026367724,20.333333333333332,23.0,17.0,2.494438257849294,3.0,3.0,3.0,0.0,-2.846648084583805,-2.5390760987927767,-3.000434077479319,0.21748623685584836,-1.6363077274362474,-1.1004880243811,-2.7026927082021683,0.75405110244544,0.033038395158250335,0.03626093880427703,0.030957968059703998,0.002310656087993294,0.0,0.0,0.0,0.0,0.0,0.0,0.0,0.0,1.0,3,0.6764907979302269,0.6832503357800453,0.6658886685136527,0.007590828019345001,0.9174917491749176,0.9217821782178218,0.9108910891089109,0.004736864717626184,0.8385377861500422,0.85451185056842,0.8258424947555759,0.011931631771265609,0.9939784712209012,0.9944500367276982,0.9937154827651876,0.0003341862461152769,0.1620469882198153,0.1741784610714373,0.14259215897553057,0.013895977395489579,0.07648672204598372,0.08287880506090706,0.07266785850987634,0.004548402740275601,0.4444444444444444,0.6666666666666666,0.0,0.31426968052735443,0.7777777777777777,0.7777777777777777,0.7777777777777777,0.0,2,1.0,1.0,1.0,0.0,2,0.29980866762082176,0.45550022385336353,0.0,0.2120493964917805,0.6459839197317747,0.6496458990981016,0.6423219403654479,0.0036619793663268396,0.1559812517940043,0.16937034461247802,0.14259215897553057,0.013389092818473725,0.18733895321687064,0.2646010220050812,0.13050353527069092,0.05661843065991069,0.7470332384109497,0.8581882119178772,0.6718416213989258,0.08021340373152142,0.559694285194079,0.593587189912796,0.504929319024086,0.0390878218848205,0.08780101272794934,0.17640068133672077,0.0,0.07201749084968552,0.6102670364909701,0.667479720380571,0.5530543526013691,0.057212683889600935,0.5870767682790756,0.593587189912796,0.5805663466453552,0.006510421633720398,0.0,0.0,0.6666666666666666,1.0,1.0,1.0,0.0,2,-3.000434077479319,-3.000434077479319,-3.000434077479319,0.0,2,,,,,0
seed6_i9,6,9,9,9,append_notes.predict,1,0.4666666666666666,0,,,,,0,,,,,0,,,,,0,10.0,10.0,10.0,0.0,3,0.0,0.0,0.0,0.0,3,,,,,0,0.5555555555555557,0.6666666666666667,0.33333333333333337,0.15713484026367724,20.666666666666668,26.0,17.0,3.8586123009300755,3.0,3.0,3.0,0.0,-3.000434077479319,-3.000434077479319,-3.000434077479319,0.0,-1.9143911345301106,-1.6609017701729625,-2.2009760487622,0.22172286480283576,0.038213164005472956,0.05140696632522506,0.028186384193124574,0.009740683833291082,0.0,0.0,0.0,0.0,0.0,0.0,0.0,0.0,1.0,4,0.705123497901082,0.742301127088219,0.6864688578799352,0.026288608647969204,0.9247407407407406,0.9271111111111111,0.9208888888888889,0.0027477388134802077,0.7781156021370791,0.8340309275891116,0.7199286553102304,0.04660974384935603,0.9908123161812551,0.9926342364852555,0.9886260118164546,0.0016565120095590226,0.07299210423599722,0.1475620697091764,-0.022372471777988623,0.07091661285515133,0.06607157544051438,0.06773712292756573,0.06406558913094407,0.0015181049697659996,0.7222222222222222,0.8333333333333333,0.6666666666666666,0.0785674201318386,0.7037037037037036,0.7777777777777777,0.5555555555555555,0.10475656017578482,3,0.6666666666666666,1.0,0.0,0.4714045207910317,3,0.5113212834389556,0.6185842725735158,0.4576459052532901,0.07584639545086085,0.5518729753428963,0.6486907214581978,0.3999603640612391,0.1087605345042612,0.0804495948286601,0.1475620697091764,-0.0,0.06097567919860803,0.15652382870515189,0.1885123997926712,0.12883220613002777,0.02455306096044901,0.7453987201054891,0.7965875267982483,0.7059095501899719,0.037932264067961324,0.5888748914003372,0.6080751270055771,0.5536826699972153,0.02491910314292188,0.11280626803636551,0.12685573349396387,0.08588813742001851,0.019040096099993457,0.5274649637716787,0.6195680763986375,0.39217197232776213,0.09772843755639304,0.40431400140126544,0.6080751270055771,0.0,0.2858961723114803,0.0,0.3333333333333333,0.6666666666666666,1.0,1.0,1.0,0.0,3,-2.441709330447031,-1.6812412373755872,-3.000434077479319,0.5571311758156203,3,0.0,0.0,0.0,0.0,1
seed6_i10,6,10,10,10,append_notes.predict,4,0.5666666666666667,1,,,,,0,,,,,0,,,,,0,11.0,11.0,11.0,0.0,3,0.0,0.0,0.0,0.0,3,,,,,0,0.5555555555555556,0.6666666666666667,0.33333333333333337,0.15713484026367724,26.0,32.0,15.0,7.788880963698615,3.0,3.0,3.0,0.0,-2.39231980467144,-1.1760912590556813,-3.000434077479319,0.8600034520775549,-1.1507234672421676,-0.5927170834612147,-1.700268207532294,0.4521954390642039,0.031458193165852966,0.038245988424558945,0.021269330514745693,0.0073360831057837075,0.0,0.0,0.0,0.0,0.0,0.0,0.0,0.0,1.0,2,0.711547166156007,0.7271891620287262,0.6918666276908167,0.014700401983542251,0.9283387622149837,0.9332247557003257,0.9250814332247557,0.0035183174258457454,0.785367605548902,0.8139121650305204,0.7558153852074779,0.02372861130587654,0.9914556355975899,0.9925752419675609,0.9905422725062978,0.0008426717135030381,0.073820439392895,0.08672300300179425,0.06394875751666118,0.009541357255384927,0.06311687338260623,0.06546083928154212,0.05935048626723516,0.002689679668360307,0.7222222222222222,0.8333333333333333,0.6666666666666666,0.0785674201318386,0.5925925925925926,0.7777777777777777,0.4444444444444444,0.13857990321384966,3,0.3333333333333333,1.0,0.0,0.4714045207910317,3,0.5141195390344756,0.5963214239570649,0.4612444184605445,0.05891515755076983,0.4686119640032256,0.6330427950237381,0.3359179489811013,0.1233591305937041,0.028907667667264752,0.08672300300179425,0.0,0.04088161567162002,0.17312973737716675,0.18737642467021942,0.15969443321228027,0.011315679967928236,0.7081325650215149,0.7360300421714783,0.6548330187797546,0.03770223678180863,0.5350028276443481,0.5637116879224777,0.49513858556747437,0.029084927355983507,0.12582962628867891,0.15614702055851618,0.10646295547485352,0.02171121582603399,0.42367464966244167,0.5724678105778164,0.2910368972354465,0.11546020285145853,0.18790389597415924,0.5637116879224777,0.0,0.2657362381093992,0.0,0.6666666666666666,0.3333333333333333,1.0,1.0,1.0,0.0,3,-1.5512155304182211,-0.47712125471966244,-3.000434077479319,1.0637404334390927,3,0.0,0.0,0.0,0.0,1
seed6_i11,6,11,11,11,gen_query.predict,4,0.5666666666666667,1,,,,,0,,,,,0,,,,,0,12.0,12.0,12.0,0.0,3,0.0,0.0,0.0,0.0,3,,,,,0,0.4444444444444445,0.6666666666666667,0.33333333333333337,0.15713484026367724,15.666666666666666,18.0,12.0,2.6246692913372702,3.0,3.0,3.0,0.0,-2.805280500976485,-2.4149733479708178,-3.000434077479319,0.2759888346359228,-1.4455447115777638,-0.9640315342301601,-1.9904152294506121,0.4214075516665716,0.022240019197337018,0.03166107618140108,0.01115569100406593,0.008453502574051844,0.0,0.0,0.0,0.0,0.0,0.0,0.0,0.0,1.0,2,0.689128282839362,0.7069170517503028,0.6687787553889025,0.015674831749459363,0.9358878036563988,0.9406461307287753,0.9331329827197595,0.0033785969354450463,0.8610455924560582,0.8673482915039937,0.8572782449669555,0.004484972312042834,0.9960716370928845,0.9964397227933897,0.9956591272561115,0.00032022125279979627,0.17191730961669607,0.18973148550832275,0.1604312397536909,0.012771316683687764,0.06018383343648585,0.0625554252727285,0.055469930500377074,0.003333254166593749,0.2222222222222222,0.6666666666666666,0.0,0.31426968052735443,0.4444444444444444,0.4444444444444444,0.4444444444444444,0.0,1,0.0,0.0,0.0,0.0,1,0.1486175011975339,0.44585250359260165,0.0,0.2101768857995521,0.3815601070654334,0.3815601070654334,0.3815601070654334,0.0,0.0,0.0,0.0,0.0,0.14541023969650269,0.15170913934707642,0.1391974538564682,0.00510823714832219,0.6343609889348348,0.6774641871452332,0.6056215763092041,0.03103845931719941,0.4889507492383321,0.538266733288765,0.4539124369621277,0.0358868663130862,0.030932767523659598,0.09279830257097879,0.0,0.04374553935369342,0.3010951942867703,0.3010951942867703,0.3010951942867703,0.0,0.0,0.0,0.0,0.0,0.0,0.3333333333333333,0.0,1.0,1.0,1.0,0.0,1,-3.000434077479319,-3.000434077479319,-3.000434077479319,0.0,1,,,,,0
seed6_i12,6,12,12,12,append_notes.predict,0,0.5666666666666667,1,,,,,0,,,,,0,,,,,0,13.0,13.0,13.0,0.0,3,0.0,0.0,0.0,0.0,3,,,,,0,0.4444444444444445,0.6666666666666667,0.33333333333333337,0.15713484026367724,19.333333333333332,23.0,17.0,2.6246692913372702,3.0,3.0,3.0,0.0,-3.000434077479319,-3.000434077479319,-3.000434077479319,0.0,-1.4488360967562972,-1.2595284426209874,-1.7047924765953855,0.18778809771697744,0.023678481964316114,0.028250448223545558,0.018505116941639966,0.004001177393637057,0.0,0.0,0.0,0.0,0.0,0.0,0.0,0.0,1.0,3,0.7187648188573316,0.7323929544208531,0.7028518351119214,0.01216784919139627,0.9409843713552601,0.9426172148355494,0.9391182645206438,0.0014379318877930927,0.8261081989860458,0.8364383127749008,0.8143322127477762,0.009082504241940147,0.9929315545028957,0.9931906074792295,0.992691005310586,0.00020438097472731215,0.10734338012871418,0.1153886457356803,0.09516111701460739,0.008760680750604695,0.051947183147635724,0.053794786198228195,0.050573392643680104,0.0013571337087980354,0.6666666666666666,0.6666666666666666,0.6666666666666666,0.0,0.6666666666666666,0.7777777777777777,0.4444444444444444,0.1571348402636772,3,0.6666666666666666,1.0,0.0,0.4714045207910317,3,0.47917654590488773,0.488261969613902,0.46856789007461425,0.00811189946093084,0.5505781468296511,0.6505631321582561,0.3678018095268713,0.12943285869604698,0.07562300779051172,0.1153886457356803,0.0,0.053497340247579135,0.18880798916021982,0.25457513332366943,0.13950175046920776,0.048398980134721645,0.7501842180887858,0.7740836143493652,0.7342430949211121,0.017210797580670196,0.561376228928566,0.6345818638801575,0.4796679615974426,0.06352847313423449,0.12587199277347985,0.16971675554911295,0.09300116697947183,0.032265986756481096,0.5010070646250688,0.6020650333828396,0.3298781977759467,0.12166584412211412,0.3714166084925334,0.6345818638801575,0.0,0.27013860896237013,0.0,0.3333333333333333,0.6666666666666666,1.0,1.0,1.0,0.0,3,-3.000434077479319,-3.000434077479319,-3.000434077479319,0.0,3,,,,,0
seed6_i13,6,13,13,13,append_notes.predict,6,0.5666666666666667,0,,,,,0,,,,,0,,,,,0,14.0,14.0,14.0,0.0,3,0.0,0.0,0.0,0.0,3,,,,,0,0.4444444444444445,0.6666666666666667,0.33333333333333337,0.15713484026367724,15.666666666666666,18.0,13.0,2.0548046676563256,3.0,3.0,3.0,0.0,-2.801329558711485,-2.403120521175818,-3.000434077479319,0.28157631077123874,-1.5831226777604976,-1.3552927842857974,-1.7941503733513955,0.17955636303662834,0.024955742519443047,0.035001688499377445,0.008918015255404201,0.011460528920080426,0.0,0.0,0.0,0.0,0.0,0.0,0.0,0.0,1.0,2,0.7006164393916493,0.7186558620534426,0.6674939851259484,0.023452189584476976,0.9425661031642827,0.9434330299089727,0.94148244473342,0.0008109357145153813,0.7911100797637478,0.8186052372015782,0.7746417647631981,0.01956851498049031,0.9932459472942673,0.9948851207999605,0.9923030113645708,0.0011634381105884801,0.0904936403720985,0.11258925220051885,0.055985902709755564,0.02471882473178717,0.05067984412998464,0.05145209089098779,0.049520176514115666,0.0008349229421449752,0.6666666666666666,0.6666666666666666,0.6666666666666666,0.0,0.5555555555555555,0.7777777777777777,0.4444444444444444,0.1571348402636772,3,0.3333333333333333,1.0,0.0,0.4714045207910317,3,0.46707762626109955,0.47910390803562836,0.44499599008396556,0.01563479305631798,0.43767578709091,0.6024991503713762,0.3467036610339854,0.11675711832953255,0.01866196756991852,0.055985902709755564,0.0,0.026392007637945643,0.13440687954425812,0.14565443992614746,0.11431211233139038,0.014242897090523189,0.70016082127889,0.7909230589866638,0.6536365151405334,0.0641853811105468,0.5657539417346319,0.6766109466552734,0.5102684497833252,0.07838775373225695,0.08960458636283875,0.09710295995076497,0.07620807488759358,0.009495264727015458,0.38380886669512143,0.5083839562204149,0.29152128431532115,0.09143018084748888,0.17012747625509897,0.5103824287652969,0.0,0.24059658425226768,0.0,0.6666666666666666,0.3333333333333333,1.0,1.0,1.0,0.0,3,-2.5951905470766685,-2.3820170425748683,-3.000434077479319,0.28667993581945245,3,,,,,0
seed6_i14,6,14,14,14,gen_query.predict,6,0.5666666666666667,0,,,,,0,,,,,0,,,,,0,15.0,15.0,15.0,0.0,3,0.0,0.0,0.0,0.0,3,,,,,0,0.3333333333333333,0.33333333333333337,0.33333333333333337,5.551115123125783e-17,23.0,25.0,22.0,1.4142135623730951,3.0,3.0,3.0,0.0,-2.2758482549817765,-1.863322860120456,-3.000434077479319,0.5139985493061335,-1.2521342761937921,-1.0982288747598143,-1.5018613519330748,0.17816871986455166,0.0297699419157436,0.0309758125502731,0.028939776488862257,0.0008726307020085111,0.0,0.0,0.0,0.0,0.0,0.0,0.0,0.0,1.0,1,0.7125480171008975,0.7266025413083748,0.6855283164969438,0.019110988727410308,0.9494210847044484,0.9512492382693479,0.947592931139549,0.0014926811351512422,0.8515923995965355,0.862578338128702,0.8393351634897646,0.00953147207820606,0.9968548253600398,0.9970956042798453,0.9966441438052098,0.0001855326181086769,0.13904438249563802,0.15380684699282077,0.12626115586276532,0.011332234609018138,0.04743374065559125,0.049051212665660815,0.04557548972571612,0.001429135718999772,0.2222222222222222,0.6666666666666666,0.0,0.31426968052735443,0.4444444444444444,0.4444444444444444,0.4444444444444444,0.0,1,0.0,0.0,0.0,0.0,1,0.16122515411052754,0.48367546233158265,0.0,0.22800679953880043,0.3833681502794231,0.3833681502794231,0.3833681502794231,0.0,0.0,0.0,0.0,0.0,0.12642468263705572,0.13790465891361237,0.103657566010952,0.01609897504032773,0.6945865551630656,0.7477436065673828,0.6528680920600891,0.039568268347263666,0.5681618725260099,0.61003178358078,0.5452433079481125,0.02965076495546163,0.03060262733035617,0.09180788199106851,0.0,0.043278650614839244,0.33233049180772567,0.33233049180772567,0.33233049180772567,0.0,0.0,0.0,0.0,0.0,0.0,0.3333333333333333,0.0,1.0,1.0,1.0,0.0,1,-3.000434077479319,-3.000434077479319,-3.000434077479319,0.0,1,,,,,0
seed6_i15,6,15,15,15,gen_query.predict,7,0.4666666666666666,1,,,,,0,,,,,0,,,,,0,16.0,16.0,16.0,0.0,3,0.0,0.0,0.0,0.0,3,,,,,0,0.4444444444444445,0.6666666666666667,0.33333333333333337,0.15713484026367724,18.0,19.0,17.0,0.816496580927726,3.0,3.0,3.0,0.0,-2.68475564290929,-2.359835482339888,-2.9206450014067875,0.2374471056287227,-1.449965722804537,-1.3840757239460473,-1.551533345753995,0.07287058583990177,0.027033443995563847,0.02727694135244155,0.026870342799541907,0.00017545797752411708,0.0,0.0,0.0,0.0,0.0,0.0,0.0,0.0,1.0,0,0.741242942625805,0.7727716422218766,0.7214594222866447,0.022534387137633824,0.9527363184079602,0.9529276693455798,0.952353616532721,0.0002706110911544593,0.8805396248398104,0.8942416367730653,0.8552360846031605,0.017912842120494616,0.9968924767548438,0.9972796917964327,0.9964121340450248,0.00036024869645794765,0.1392966822140054,0.17278221448642062,0.11936951092132886,0.023820174780715696,0.044156158346883655,0.04463198789035305,0.043484464699445,0.0004885177777970871,0.6666666666666666,0.6666666666666666,0.6666666666666666,0.0,0.5555555555555555,0.7777777777777777,0.4444444444444444,0.1571348402636772,3,0.3333333333333333,1.0,0.0,0.4714045207910317,3,0.4941619617505366,0.5151810948145843,0.4809729481910965,0.015022924758422516,0.48637717599582236,0.6651836213580136,0.3965071791747579,0.1264358244470146,0.041912773744755584,0.12573832123426676,0.0,0.05927361306650833,0.22750025739272436,0.35576751828193665,0.11170270293951035,0.10002842498004637,0.7464226484298706,0.8113985061645508,0.7123661637306213,0.04596271629386776,0.5189223910371462,0.6038005724549294,0.3565986454486847,0.11482032263841967,0.15166683826181623,0.23717834552129108,0.07446846862634023,0.06668561665336423,0.4108951952722337,0.5540625717904832,0.3180014557308621,0.10271900687471187,0.11886621514956157,0.3565986454486847,0.0,0.1681022135724682,0.0,0.6666666666666666,0.3333333333333333,1.0,1.0,1.0,0.0,3,-2.4956077119620783,-1.792391689498254,-2.9206450014067875,0.5008502368215032,3,,,,,0
seed6_i16,6,16,16,16,gen_query.predict,1,0.4666666666666666,0,,,,,0,,,,,0,,,,,0,17.0,17.0,17.0,0.0,3,0.0,0.0,0.0,0.0,3,,,,,0,0.3333333333333333,0.33333333333333337,0.33333333333333337,5.551115123125783e-17,25.666666666666668,36.0,17.0,7.845734863959881,3.0,3.0,3.0,0.0,-2.638227335780785,-1.9138138523837167,-3.000434077479319,0.5122376864930352,-1.243613371149378,-0.7969783690344597,-1.8333737200325742,0.4350421278897643,0.032676273482258586,0.03444989300580633,0.03057260118025462,0.0016000102296646992,0.0,0.0,0.0,0.0,0.0,0.0,0.0,0.0,1.0,2,0.7493987410445953,0.763428654480133,0.7413995545790976,0.009953142266066054,0.9540292049756625,0.955110870740941,0.9534883720930233,0.0007648531976057625,0.8752163821721495,0.8927159699066648,0.8491692055834695,0.018777222499078653,0.9964680871623907,0.997115523988984,0.9958544716625598,0.0005153776311941341,0.12581764112755425,0.14236441644721665,0.10580119150891432,0.015127157350891861,0.042438882186728165,0.04362715189596067,0.04074360092161877,0.001230585793772367,0.6666666666666666,0.6666666666666666,0.6666666666666666,0.0,0.7777777777777777,0.7777777777777777,0.7777777777777777,0.0,3,1.0,1.0,1.0,0.0,3,0.49959916069639676,0.5089524363200886,0.49426636971939836,0.006635428177377343,0.6807238528005607,0.6943346432607392,0.6604649376760318,0.014604506388172303,0.12581764112755425,0.14236441644721665,0.10580119150891432,0.015127157350891861,0.20080978175004324,0.3016875982284546,0.1342693716287613,0.07253279146219563,0.754802405834198,0.7851958870887756,0.7368960380554199,0.021605012634098898,0.5539926240841547,0.6080459207296371,0.48350828886032104,0.05215291432877474,0.13387318783336213,0.20112506548563638,0.0895129144191742,0.04835519430813041,0.5870685378710429,0.6107079121801587,0.5731413629319932,0.01680389871541024,0.5539926240841547,0.6080459207296371,0.48350828886032104,0.05215291432877474,0.0,0.0,1.0,1.0,1.0,1.0,0.0,3,-2.638227335780785,-1.9138138523837167,-3.000434077479319,0.5122376864930352,3,,,,,0
seed6_i17,6,17,17,17,gen_query.predict,0,0.5666666666666667,0,,,,,0,,,,,0,,,,,0,18.0,18.0,18.0,0.0,3,0.0,0.0,0.0,0.0,3,,,,,0,0.4444444444444445,0.6666666666666667,0.33333333333333337,0.15713484026367724,28.0,35.0,19.0,6.683312551921141,3.0,3.0,3.0,0.0,-3.000434077479319,-3.000434077479319,-3.000434077479319,0.0,-1.3479595556592183,-1.1591851107329938,-1.725508445511667,0.2669673802441194,0.03224832508592352,0.03760042362098713,0.022496720618110377,0.006906383541767758,0.0,0.0,0.0,0.0,0.0,0.0,0.0,0.0,1.0,3,0.7289482628263751,0.7466993990197093,0.7015838418723753,0.019632707524194132,0.9577177789098319,0.9597554763117677,0.95618950585838,0.0014997046809862272,0.845152980769032,0.8717820066226696,0.8076721151724926,0.027274424708782753,0.9963323061914612,0.996482390848588,0.9962009821164751,0.00011564799525297071,0.11620471794265697,0.17019816475029426,0.06911056758545187,0.041556193230961956,0.03861452728162925,0.040124039750940255,0.0364455058047074,0.001572496337406808,0.6666666666666666,0.8333333333333333,0.5,0.1360827634879543,0.6851851851851851,0.7777777777777777,0.5555555555555555,0.09442628728875528,3,0.7222222222222222,1.0,0.5,0.20786985482077452,3,0.4884719283924353,0.622249499183091,0.35079192093618766,0.1108564415685594,0.5769128212091988,0.6281894229119386,0.4843233370125941,0.06559689201460335,0.07907624049947569,0.11346544316686283,0.05465271074611239,0.025022927502201905,0.17149066925048828,0.18917153775691986,0.1566753387451172,0.013420363099417555,0.7167951265970866,0.7746772766113281,0.6360981464385986,0.05882987441621072,0.5453044573465983,0.5855057388544083,0.47942280769348145,0.04696103386129366,0.11318564580546485,0.14052094270785648,0.09458576887845993,0.019744040793684362,0.4864273380350183,0.5341627465354072,0.4303762647840711,0.04277671608685317,0.3850841265585687,0.47942280769348145,0.2854924127459526,0.07925883877255538,0.0,0.6666666666666666,0.3333333333333333,1.0,1.0,1.0,0.0,3,-1.2331346939384458,-0.0,-3.000434077479319,1.2818346487329104,3,0.0,0.0,0.0,0.0,2
seed6_i18,6,18,18,18,append_notes.predict,0,0.5666666666666667,0,,,,,0,,,,,0,,,,,0,19.0,19.0,19.0,0.0,3,0.0,0.0,0.0,0.0,3,,,,,0,0.4444444444444445,0.6666666666666667,0.33333333333333337,0.15713484026367724,25.333333333333332,28.0,21.0,3.0912061651652345,3.0,3.0,3.0,0.0,-2.004984872079081,-1.3424226808222062,-3.000434077479319,0.7166406682106825,-1.089922580014814,-0.5478175588287292,-1.8465033920906986,0.5514502830640842,0.0300387561913792,0.031838279198543706,0.027804898341051962,0.0016750174829702734,0.0,0.0,0.0,0.0,0.0,0.0,0.0,0.0,1.0,1,0.7413874633055769,0.7512367476606757,0.7233368791003301,0.012781409829518545,0.9581947743467932,0.9605700712589074,0.956769596199525,0.0016907487334966483,0.8010530708962821,0.8144536866666603,0.7928630074533854,0.00955341994229302,0.9953255410422991,0.9956322881041658,0.9950279506091447,0.00024680469317407596,0.059665607590705126,0.09111680756633023,0.04327424429766047,0.022245999276404194,0.03713076669550571,0.03838763252221811,0.03474631315467924,0.0016868890941353458,0.7777777777777777,0.8333333333333333,0.6666666666666666,0.0785674201318386,0.7407407407407408,0.7777777777777777,0.7222222222222222,0.026189140043946166,3,0.6666666666666666,1.0,0.5,0.23570226039551584,3,0.5776375039157401,0.626030623050563,0.4822245860668867,0.06746945072435173,0.5936208046596604,0.6334639785185134,0.5726232831607784,0.028187071653009613,0.045018938389740935,0.09111680756633023,0.021637122148830235,0.03259724903690601,0.18913741409778595,0.23831133544445038,0.13819675147533417,0.04089069586005259,0.7231892347335815,0.7530116438865662,0.6815400123596191,0.030352964286912112,0.5340518206357956,0.544111892580986,0.5147003084421158,0.013687182977951724,0.14700872533851198,0.19859277953704196,0.11516395956277846,0.036808709396493625,0.5359147444919303,0.5716791484091016,0.4922233422597249,0.03291842705260735,0.35771122574806213,0.544111892580986,0.2573501542210579,0.13193478848053886,0.0,0.6666666666666666,0.3333333333333333,1.0,1.0,1.0,0.0,3,-1.6119137630181026,-0.9542425094393249,-2.5390760987927767,0.6744842271558681,3,0.0,0.0,0.0,0.0,2
seed6_i19,6,19,19,19,gen_query.predict,0,0.5666666666666667,0,,,,,0,,,,,0,,,,,0,20.0,20.0,20.0,0.0,3,0.0,0.0,0.0,0.0,3,,,,,0,0.4444444444444445,0.6666666666666667,0.33333333333333337,0.15713484026367724,21.666666666666668,27.0,14.0,5.557777333511022,3.0,3.0,3.0,0.0,-2.6533031824265767,-1.9590413923210936,-3.000434077479319,0.4909172197022988,-1.7289770829338955,-1.3496488345868307,-2.0002893849862127,0.2763860403451002,0.03279385660332363,0.04023001626766798,0.019753777426232307,0.009251018852064873,0.0,0.0,0.0,0.0,0.0,0.0,0.0,0.0,1.0,3,0.742314110300888,0.7755175790886174,0.7057491859570201,0.028581832313939105,0.9601629696695336,0.9637845178813943,0.9583521955636034,0.002560821299000643,0.847207718002001,0.8745401180254063,0.8149202050092071,0.02459062647188071,0.997281847340183,0.9975034813262912,0.9970016685275558,0.00020900501393951166,0.10489360770111296,0.12886455216837978,0.07664525188277205,0.02153193003393396,0.037118877670649364,0.03915128576268778,0.033217150646161486,0.0027597409115963684,0.7777777777777777,0.8333333333333333,0.6666666666666666,0.0785674201318386,0.6851851851851851,0.8888888888888888,0.4444444444444444,0.18332398030762342,3,0.5,1.0,0.0,0.408248290463863,3,0.5755107819680391,0.6213963048808554,0.5170117193924115,0.04353819364663278,0.5782416196712724,0.7243735155637396,0.3787390359872842,0.14606418932448112,0.057867765045458985,0.10917101905218707,0.0,0.04480995019045408,0.1602204442024231,0.17729143798351288,0.1500331312417984,0.012146127444165855,0.7039692203203837,0.766646683216095,0.6711300015449524,0.04433658931779832,0.5437487761179606,0.6166135519742966,0.4968395382165909,0.052228479177593885,0.12366751250293517,0.12778063615163165,0.11819429198900858,0.004030045178669094,0.4832876799283204,0.596560001373291,0.2996137672000461,0.13105101942585543,0.2753666713833809,0.5177932381629944,0.0,0.21266757665475666,0.0,0.6666666666666666,0.3333333333333333,1.0,1.0,1.0,0.0,3,-2.012885571949346,-1.0791812460476249,-3.000434077479319,0.7852717182949924,3,0.0,0.0,0.0,0.0,2
seed6_i20,6,20,20,20,append_notes.predict,1,0.4666666666666666,0,,,,,0,,,,,0,,,,,0,21.0,21.0,21.0,0.0,3,0.0,0.0,0.0,0.0,3,,,,,0,0.3333333333333333,0.33333333333333337,0.33333333333333337,5.551115123125783e-17,26.333333333333332,34.0,17.0,7.039570693980958,3.0,3.0,3.0,0.0,-2.5306442539950456,-1.591064607026499,-3.000434077479319,0.6643831398363216,-0.9773391938490068,-0.7310415327848205,-1.1004880243811,0.17415874632887202,0.03429866170252147,0.04018564317271363,0.02433938184997761,0.007081135034408352,0.0,0.0,0.0,0.0,0.0,0.0,0.0,0.0,1.0,2,0.7373177084750241,0.7600477022496142,0.7068589919564081,0.022391361311960904,0.9612168396770473,0.9632352941176471,0.9571799307958477,0.0028545256449284103,0.7905239327216774,0.8113099233348996,0.7781867021024378,0.014783393955845521,0.9950287903936395,0.9956845146615848,0.994135366078564,0.000654390972519791,0.05320622424665319,0.10445093137849149,0.018138999852823634,0.037047002503367905,0.03381195071659219,0.038504583865737074,0.03090007196091693,0.0033501706409309806,0.4444444444444444,0.6666666666666666,0.0,0.31426968052735443,0.7777777777777777,0.7777777777777777,0.7777777777777777,0.0,2,1.0,1.0,1.0,0.0,2,0.3226456495945463,0.4966976208127001,0.0,0.22838154124230978,0.6196497595798977,0.6310188292604774,0.6082806898993179,0.011369069680579713,0.07073983644356796,0.10445093137849149,0.037028741508644436,0.033711094934923524,0.15950160225232443,0.1963009089231491,0.10460513830184937,0.03956141987392773,0.6952548027038574,0.7267570495605469,0.6697812080383301,0.02364769354112847,0.535753200451533,0.6221519112586975,0.47348029911518097,0.0630468242726759,0.06271197729640536,0.11839917302131653,0.0,0.048590820190157424,0.5506601333618164,0.5652554829915364,0.5360647837320963,0.014595349629720034,0.566889651119709,0.6221519112586975,0.5116273909807205,0.055262260138988495,0.0,0.0,0.6666666666666666,1.0,1.0,1.0,0.0,2,-1.8012470344036406,-0.6020599913279624,-3.000434077479319,1.1991870430756784,2,,,,,0
seed6_i21,6,21,21,21,append_notes.predict,0,0.5666666666666667,0,,,,,0,,,,,0,,,,,0,22.0,22.0,22.0,0.0,3,0.0,0.0,0.0,0.0,3,,,,,0,0.3333333333333333,0.33333333333333337,0.33333333333333337,5.551115123125783e-17,19.666666666666668,22.0,16.0,2.6246692913372702,3.0,3.0,3.0,0.0,-2.311980447768011,-1.0,-3.000434077479319,0.9280888586093,-0.9574647311866243,-0.4923737515732208,-1.2008313562690938,0.3289876506871476,0.031398154484396874,0.034652260919818996,0.02727603889117751,0.0030732439731190556,0.0,0.0,0.0,0.0,0.0,0.0,0.0,0.0,1.0,1,0.7212562016280039,0.7735346362397134,0.6633211538849054,0.045171900390117474,0.9633911368015414,0.9644921552436003,0.9616019818331957,0.0012763031235199355,0.7985462103553093,0.8063633086566789,0.7940342416426324,0.005549437482469283,0.9952013749467664,0.9954029019894142,0.9948553568169374,0.00024577724966833817,0.07729000872730545,0.1430421547717735,0.021706444526902957,0.050054228510662255,0.031810238145225024,0.03374388420075214,0.03036320157333705,0.0014224029782969865,0.6666666666666666,0.6666666666666666,0.6666666666666666,0.0,0.5555555555555555,0.7777777777777777,0.4444444444444444,0.1571348402636772,3,0.3333333333333333,1.0,0.0,0.4714045207910317,3,0.4808374677520025,0.5156897574931423,0.44221410258993693,0.030114600260078322,0.4432695469097614,0.6185208405962571,0.35290410739672545,0.12394156800139383,0.007235481508967652,0.021706444526902957,0.0,0.0102325160802818,0.15638231486082077,0.18527941405773163,0.12451193481683731,0.024897147528312114,0.7211846907933553,0.7549226880073547,0.6900139451026917,0.026560990338639675,0.5648023759325346,0.5696432739496231,0.5592618435621262,0.004266977102811011,0.10425487657388051,0.12351960937182108,0.0830079565445582,0.016598098352208077,0.3971947453640125,0.536677512857649,0.3193855285644531,0.09884894789839627,0.1885006700952848,0.5655020102858543,0.0,0.2665802041651682,0.0,0.6666666666666666,0.3333333333333333,1.0,1.0,1.0,0.0,3,-2.311980447768011,-1.0,-3.000434077479319,0.9280888586093,3,,,,,0
seed6_i22,6,22,22,22,append_notes.predict,6,0.5666666666666667,0,,,,,0,,,,,0,,,,,0,23.0,23.0,23.0,0.0,3,0.0,0.0,0.0,0.0,3,,,,,0,0.5555555555555557,0.6666666666666667,0.33333333333333337,0.15713484026367724,30.0,37.0,21.0,6.683312551921141,3.0,3.0,3.0,0.0,-3.000434077479319,-3.000434077479319,-3.000434077479319,0.0,-1.7003555981178418,-1.1004880243811,-2.0002893849862127,0.42417042920317144,0.03338488023876981,0.03726086160171408,0.030192740069248835,0.002925783608174247,0.0,0.0,0.0,0.0,0.0,0.0,0.0,0.0,1.0,5,0.7647908710263386,0.7925481509765522,0.7344667764106309,0.023780985696026984,0.9660749506903352,0.9676528599605523,0.9648915187376725,0.0011613097786098627,0.8053947101619521,0.8498574135343352,0.7820754571148765,0.03145242463103505,0.9955606679400727,0.9961164638715057,0.9945018415137349,0.0007490131724058672,0.040603839135613495,0.08249972784250248,-0.010472693861675708,0.03850697747659965,0.029485717249737253,0.03117217969730457,0.028463603910953372,0.0012014201322762463,0.7777777777777777,0.8333333333333333,0.6666666666666666,0.0785674201318386,0.6296296296296295,0.7777777777777777,0.5555555555555555,0.10475656017578482,3,0.3333333333333333,1.0,0.0,0.4714045207910317,3,0.5946947433168469,0.6604567924804601,0.5115717904612218,0.06200933633639175,0.5103939066480723,0.6610002105267051,0.4344863650638202,0.10649588212017164,0.02749990928083416,0.08249972784250248,-0.0,0.038890744668985414,0.20012998580932617,0.2286219447851181,0.16267211735248566,0.02766026734283031,0.7435068488121033,0.7925389409065247,0.7154937386512756,0.03478830262010123,0.5433768630027771,0.5834430456161499,0.4938659220933914,0.03717452406425186,0.15515854954719543,0.19051828732093173,0.13556009779373804,0.025052135661276672,0.47176594866646654,0.6164191762606303,0.39749652147293085,0.10229757805523429,0.1944810152053833,0.5834430456161499,0.0,0.2750376893275412,0.0,0.6666666666666666,0.3333333333333333,1.0,1.0,1.0,0.0,3,-3.000434077479319,-3.000434077479319,-3.000434077479319,0.0,3,0.0,0.0,0.0,0.0,2
seed6_i23,6,23,23,23,gen_query.predict,1,0.4666666666666666,1,,,,,0,,,,,0,,,,,0,24.0,24.0,24.0,0.0,3,0.0,0.0,0.0,0.0,3,,,,,0,0.4444444444444445,0.6666666666666667,0.33333333333333337,0.15713484026367724,19.0,20.0,17.0,1.4142135623730951,3.0,3.0,3.0,0.0,-2.651703554799321,-1.954242509439325,-3.000434077479319,0.4931794347875113,-1.2870327969412638,-0.751757501701102,-1.7911153601498084,0.4248889497099742,0.02604222791096245,0.03196491758463031,0.01828631420233611,0.00573274689215619,0.0,0.0,0.0,0.0,0.0,0.0,0.0,0.0,1.0,2,0.7466388887303596,0.7745344265435,0.7146748319633138,0.02460633252755313,0.967513069454817,0.9686333084391336,0.9667662434652726,0.0008066642641781918,0.8602206817946446,0.8934735719396675,0.8376863926099626,0.024003036603749816,0.9982569495647224,0.9984477472932594,0.9980305793783228,0.00017215558298995507,0.113581793064285,0.14276616425540267,0.06315196606646256,0.03580625813683917,0.030743880109905437,0.03130809083321451,0.029659213583451582,0.0007671830413778926,0.7222222222222222,0.8333333333333333,0.6666666666666666,0.0785674201318386,0.6481481481481481,0.7777777777777777,0.4444444444444444,0.14581496062984833,3,0.5,1.0,0.0,0.408248290463863,3,0.5374634164848682,0.5955623599694282,0.5004716051228432,0.04159083379906317,0.560252744423722,0.6949238892864079,0.3723050633822056,0.13699031276544624,0.07005992956363251,0.14276616425540267,0.0,0.05831407269932681,0.19093827903270721,0.2725963294506073,0.139529287815094,0.05838357976511148,0.7522437969843546,0.7583534717559814,0.7401729226112366,0.0085356123513093,0.5613055179516474,0.6188241839408875,0.48560866713523865,0.05588338024945077,0.13504381312264335,0.18173088630040485,0.1071261465549469,0.033223332829928856,0.4867899263346637,0.5756900509198506,0.3369799984825982,0.10654615708432451,0.2962985982497533,0.5794837027788162,0.0,0.23675488482779514,0.0,0.6666666666666666,0.3333333333333333,1.0,1.0,1.0,0.0,3,-2.2418428661869294,-1.7708520116421442,-3.000434077479319,0.5416047070561798,3,0.0,0.0,0.0,0.0,1
seed6_i24,6,24,24,24,append_notes.predict,1,0.4666666666666666,1,,,,,0,,,,,0,,,,,0,25.0,25.0,25.0,0.0,3,0.0,0.0,0.0,0.0,3,,,,,0,0.4444444444444445,0.6666666666666667,0.33333333333333337,0.15713484026367724,32.0,45.0,21.0,9.899494936611665,3.0,3.0,3.0,0.0,-2.6517035547993206,-1.954242509439325,-3.000434077479319,0.4931794347875113,-1.3321798667974591,-0.9694950062928833,-1.8678594833665005,0.3866178756311296,0.031182458751171153,0.03554344524633478,0.024084220028944215,0.005062797182167336,0.0,0.0,0.0,0.0,0.0,0.0,0.0,0.0,1.0,2,0.7607325733425053,0.7820237736181367,0.7383218680874192,0.017858781319063686,0.9690197469551851,0.9712664065271372,0.9677190493082654,0.00159521550942792,0.8143650269417974,0.8477160173966333,0.76976939317621,0.03279990405707,0.9965755606523955,0.9972381498470948,0.9958715596330275,0.0005586760586200788,0.05363245359929225,0.06569224377849658,0.031447525088790784,0.015706983780157543,0.027555813697210496,0.02916436481694229,0.025350565949927018,0.0016131337201258115,0.5,0.8333333333333333,0.0,0.3600411499115478,0.75,0.7777777777777777,0.7222222222222222,0.027777777777777735,2,0.75,1.0,0.5,0.25,2,0.3865292878543623,0.6516864780151138,0.0,0.27954988342076675,0.62719010026922,0.6421408546408715,0.6122393458975685,0.014950754371651498,0.04830185690991884,0.06375759193058939,0.03284612188924829,0.015455735020670547,0.1591708411773046,0.24668174982070923,0.10747399181127548,0.06221835261906674,0.6848621169726054,0.7563875317573547,0.6121912598609924,0.05887345319012942,0.5256912757953008,0.6489135399460793,0.43932580947875977,0.0894448502357955,0.09593532648351456,0.205568124850591,0.0,0.0844798952045111,0.485799330804083,0.49544990393850535,0.4761487576696607,0.00965057313442233,0.35424869135022163,0.4888344779610634,0.21966290473937988,0.13458578661084175,0.0,0.3333333333333333,0.3333333333333333,1.0,1.0,1.0,0.0,2,-2.8017892250497507,-2.603144372620182,-3.000434077479319,0.1986448524295683,2,0.0,0.0,0.0,0.0,1
seed6_i25,6,25,25,25,gen_query.predict,0,0.5666666666666667,0,,,,,0,,,,,0,,,,,0,26.0,26.0,26.0,0.0,3,0.0,0.0,0.0,0.0,3,,,,,0,0.5555555555555556,0.6666666666666667,0.33333333333333337,0.15713484026367724,24.333333333333332,26.0,21.0,2.3570226039551585,3.0,3.0,3.0,0.0,-2.4719471676431515,-1.414973347970818,-3.000434077479319,0.7473933554269544,-1.4873497176326531,-1.1591851107329938,-1.9803168541372953,0.3549030293189938,0.029901626526421837,0.03556592034491762,0.023705878989574086,0.004856403163431233,0.0,0.0,0.0,0.0,0.0,0.0,0.0,0.0,1.0,2,0.7655444394125158,0.7902011013551089,0.7496278125935932,0.017679349548811233,0.9714770797962649,0.9724957555178269,0.9707979626485569,0.0007335303563563115,0.8759630940428863,0.8928747937547659,0.8576978370853956,0.014392791205844403,0.998235350417534,0.9984118153757806,0.9980887947742445,0.00013355773432011968,0.11041865463037041,0.14324698116117263,0.08711554993338844,0.023884887567350768,0.026758270621269193,0.02761385272722372,0.02559303925641765,0.0008535548287795868,0.5555555555555555,0.8333333333333333,0.0,0.3928371006591931,0.7222222222222222,0.7222222222222222,0.7222222222222222,0.0,2,0.5,0.5,0.5,0.0,2,0.42972375156776504,0.658500917795924,0.0,0.30407292141223213,0.6265330096905725,0.633617581486137,0.6194484378950079,0.007084571795564543,0.04700224568248465,0.05044671639827508,0.04355777496669422,0.003444470715790432,0.1706345478693644,0.2409852147102356,0.1128954291343689,0.053047379146306486,0.711017906665802,0.74186772108078,0.6725366115570068,0.028814120498283895,0.5403833587964376,0.5838447213172913,0.47766417264938354,0.04543658626384586,0.09830017884572345,0.20082101225852964,0.0,0.08203913775292906,0.5023727218310038,0.5190245575375027,0.4857208861245049,0.016651835706498863,0.25932633876800537,0.27982059121131897,0.23883208632469177,0.0204942524433136,0.0,0.6666666666666666,0.0,1.0,1.0,1.0,0.0,2,-2.0854827031554204,-1.2304489213782739,-2.940516484932567,0.8550337817771466,2,0.0,0.0,0.0,0.0,2
seed6_i26,6,26,26,26,append_notes.predict,0,0.5666666666666667,1,,,,,0,,,,,0,,,,,0,27.0,27.0,27.0,0.0,3,0.0,0.0,0.0,0.0,3,,,,,0,0.4444444444444445,0.6666666666666667,0.33333333333333337,0.15713484026367724,25.666666666666668,29.0,21.0,3.39934634239519,3.0,3.0,3.0,0.0,-2.2596731351140935,-0.7781512503836436,-3.000434077479319,1.0475941711691759,-1.1529682879186438,-0.5604137457918624,-1.5063160057857354,0.4215824948490182,0.030945802300469952,0.035536137538151845,0.028373490195817617,0.0032537355210838005,0.0,0.0,0.0,0.0,0.0,0.0,0.0,0.0,1.0,2,0.7660093255562854,0.7757968418223742,0.750955692875395,0.010803383939679364,0.9717477003942182,0.9727332457293035,0.9710906701708278,0.0007096737514682212,0.8038957344873569,0.8567698923179178,0.7685509523531956,0.038088533719515136,0.9965010496850945,0.9970325358088776,0.9960935769901941,0.00039323056315885207,0.03788640893107146,0.0809730504955436,0.015090916819870182,0.03048400612360582,0.02475334929087636,0.025286366085383927,0.0242992900795741,0.0004068214065742594,0.5,0.8333333333333333,0.0,0.3600411499115478,0.8333333333333333,0.8888888888888888,0.7777777777777777,0.05555555555555558,2,1.0,1.0,1.0,0.0,2,0.38099810175924836,0.6257964107294958,0.0,0.2730300039523191,0.6747664925028327,0.6831564020917293,0.666376582913936,0.008389909588896682,0.0492841549866721,0.0809730504955436,0.017595259477800607,0.031688895508871495,0.17670447627703348,0.2364976406097412,0.14440147578716278,0.042325781936753404,0.6374051968256632,0.6497076153755188,0.6258970499038696,0.009736834105063137,0.46070072054862976,0.5004933029413223,0.3893994092941284,0.05053093638085315,0.09778300589985317,0.19708136717478433,0.0,0.08046526599846307,0.5257473819785647,0.556352933247884,0.4951418307092454,0.030605551269319325,0.4408044293522835,0.49220944941043854,0.3893994092941284,0.05140502005815506,0.0,0.0,0.6666666666666666,1.0,1.0,1.0,0.0,2,-2.0882626682675003,-1.1760912590556813,-3.000434077479319,0.9121714092118187,2,0.0,0.0,0.0,0.0,1
seed6_i28,6,28,27,27,gen_query.predict,10,0.5333333333333332,1,,,,,0,,,,,0,,,,,0,28.0,28.0,28.0,0.0,3,0.0,0.0,0.0,0.0,3,,,,,0,0.4444444444444445,0.6666666666666667,0.33333333333333337,0.15713484026367724,25.333333333333332,28.0,22.0,2.494438257849294,3.0,3.0,3.0,0.0,-2.242821010633279,-1.255272505103306,-3.000434077479319,0.7307758242199673,-1.0430475416182523,-0.6778079184956499,-1.3508466819780074,0.27775270905667976,0.0302393643225515,0.03350249209969755,0.027057806434917026,0.002631664057158904,0.0,0.0,0.0,0.0,0.0,0.0,0.0,0.0,1.0,1,0.7473080745079373,0.7607638134163498,0.739792723587808,0.009536344835686794,0.9713227513227514,0.9717460317460317,0.9711111111111111,0.00029930445764505653,0.8642306603775517,0.8724691612602412,0.8554236470813739,0.006970403774947791,0.9983045156492372,0.9985348351273278,0.9979853983000757,0.00023292917838586193,0.11692258586961428,0.1250064492032319,0.11170534784389141,0.005796146986562675,0.02698176432648595,0.027423724016216622,0.02623936655404402,0.0005281243103085958,0.2222222222222222,0.6666666666666666,0.0,0.31426968052735443,0.7777777777777777,0.7777777777777777,0.7777777777777777,0.0,1,1.0,1.0,1.0,0.0,1,0.1647483747821454,0.4942451243464362,0.0,0.2329893859958356,0.6653295032855129,0.6653295032855129,0.6653295032855129,0.0,0.11405596056171952,0.11405596056171952,0.11405596056171952,0.0,0.17716204623381296,0.20346248149871826,0.14181679487228394,0.025966699104525447,0.6590169866879781,0.731626570224762,0.5278895497322083,0.09289939991327631,0.48185494045416516,0.589809775352478,0.34168268740177155,0.1038275315707434,0.04521388477749294,0.13564165433247882,0.0,0.06394208905990495,0.5580826534165275,0.5580826534165275,0.5580826534165275,0.0,0.5140723586082458,0.5140723586082458,0.5140723586082458,0.0,0.0,0.0,0.3333333333333333,1.0,1.0,1.0,0.0,1,-2.4727564493172123,-2.4727564493172123,-2.4727564493172123,0.0,1,,,,,0
seed7_i0,7,0,0,0,gen_query.predict,0,0.6,0,,,,,0,,,,,0,,,,,0,1.0,1.0,1.0,0.0,3,0.0,0.0,0.0,0.0,3,,,,,0,0.3333333333333333,0.33333333333333337,0.33333333333333337,5.551115123125783e-17,22.666666666666668,24.0,22.0,0.9428090415820634,3.0,3.0,3.0,0.0,-2.653303182426577,-1.9590413923210936,-3.000434077479319,0.4909172197022989,-1.2031073232336416,-1.1004880243811,-1.3496488345868307,0.10635521582197427,0.0335880431163273,0.03839777611607063,0.03015779443303992,0.0035025283504616423,0.0,0.0,0.0,0.0,0.0,0.0,0.0,0.0,1.0,2,,,,,,,,,,,,,,,,,,,,,,,,,0.2222222222222222,0.6666666666666666,0.0,0.31426968052735443,0.4444444444444444,0.4444444444444444,0.4444444444444444,0.0,1,0.0,0.0,0.0,0.0,1,,,,,,,,,,,,,,,,,,,,,,,,,,,,,,,,,,,,,0.0,0.3333333333333333,0.0,1.0,1.0,1.0,0.0,1,-1.9590413923210936,-1.9590413923210936,-1.9590413923210936,0.0,1,,,,,0
seed7_i1,7,1,1,1,append_notes.predict,0,0.6,0,,,,,0,,,,,0,,,,,0,2.0,2.0,2.0,0.0,3,0.0,0.0,0.0,0.0,3,,,,,0,0.6666666666666666,0.6666666666666667,0.6666666666666667,1.1102230246251565e-16,21.666666666666668,31.0,16.0,6.649979114420001,3.0,3.0,3.0,0.0,-3.000434077479319,-3.000434077479319,-3.000434077479319,0.0,-1.6180967851308903,-1.3598717745089812,-1.7941503733513955,0.18657184915868216,0.03258154081420973,0.035001688499377445,0.027883673384997476,0.003322402766717999,0.0,0.0,0.0,0.0,0.0,0.0,0.0,0.0,1.0,3,0.5085485354210333,0.535464340596783,0.4938441530773852,0.019059540707578124,0.6719787516600265,0.6772908366533864,0.6613545816733067,0.007512422642088148,0.6738754011348621,0.6823809015976091,0.6605850367689791,0.00951966816073018,0.9333957790478338,0.9462939698492462,0.9115294117647059,0.01554487625679795,0.1653268657138289,0.18604378900867757,0.125120696172196,0.02843447261853685,0.2614170273878073,0.2690031331958598,0.2501748300913992,0.008109726800855886,0.5555555555555555,0.8333333333333333,0.0,0.3928371006591931,0.7222222222222222,0.7222222222222222,0.7222222222222222,0.0,2,0.5,0.5,0.5,0.0,2,0.2866115147738096,0.4462202838306525,0.0,0.20310163053705138,0.4849599221879346,0.4928306511538288,0.4770891932220404,0.007870728965894191,0.0777911212952184,0.09302189450433879,0.062560348086098,0.01523077320912039,0.2413531243801117,0.254207044839859,0.22098921239376068,0.014563792492605539,0.9026755293210348,0.9601717591285706,0.8679526448249817,0.0409476104572792,0.6613224049409231,0.7059647142887115,0.6310390681028366,0.03222936738176859,0.1397417113184929,0.21183920403321582,0.0,0.09882903528903697,0.6644711461332109,0.6934573815928565,0.6354849106735653,0.028986235459645626,0.33425094559788704,0.3529823571443558,0.3155195340514183,0.018731411546468735,0.0,0.6666666666666666,0.0,1.0,1.0,1.0,0.0,2,-2.2411937938462154,-2.100370545117563,-2.3820170425748683,0.1408232487286527,2,0.0,0.0,0.0,0.0,2
seed7_i2,7,2,2,2,gen_query.predict,0,0.6,0,,,,,0,,,,,0,,,,,0,3.0,3.0,3.0,0.0,3,0.0,0.0,0.0,0.0,3,,,,,0,0.5555555555555556,0.6666666666666667,0.33333333333333337,0.15713484026367724,19.666666666666668,23.0,15.0,3.39934634239519,3.0,3.0,3.0,0.0,-2.5830187273216123,-1.7481880270062005,-3.000434077479319,0.5903144493357424,-1.7420443869735338,-0.9747597620206273,-2.3380379249235035,0.5695830725053463,0.03153363550961467,0.03595794071180972,0.024748870596071535,0.004870978050423196,0.0,0.0,0.0,0.0,0.0,0.0,0.0,0.0,1.0,2,0.5652260448259449,0.5869324033071134,0.5528559519550919,0.015398604392312998,0.7807250221043325,0.7904509283819628,0.7745358090185677,0.006961987510178426,0.7794581296152874,0.8089945851479575,0.7424994553732859,0.02764920214478131,0.9772987272987272,0.9796224796224796,0.9739382239382239,0.002433629690421487,0.21423208478934255,0.23099056910898952,0.18964350341819403,0.01776471737624309,0.19657370519439485,0.20114714942301148,0.18917155124051677,0.005282356607265621,0.7777777777777777,0.8333333333333333,0.6666666666666666,0.0785674201318386,0.7407407407407408,0.7777777777777777,0.7222222222222222,0.026189140043946166,3,0.6666666666666666,1.0,0.5,0.23570226039551584,3,0.4384143482823366,0.4632414826796912,0.3912882688714089,0.033339150717775906,0.5779233637063733,0.6292180106706335,0.5362496066584842,0.038559064461582845,0.14412640603481197,0.22206218184084414,0.09482175170909701,0.055751457995544935,0.1741198847691218,0.17566101253032684,0.17328345775604248,0.0010910679888645179,0.8028483192125956,0.8165922164916992,0.7875146865844727,0.011923957123828625,0.6287284344434738,0.6409312039613724,0.6142312288284302,0.0110202993237584,0.13547304521004358,0.14638417710860568,0.11552230517069498,0.014127978656605015,0.5944185025162166,0.6125114228990343,0.5809830394056108,0.013286049641358225,0.41673608869314194,0.6142312288284302,0.31551143527030945,0.13966479805768622,0.0,0.6666666666666666,0.3333333333333333,1.0,1.0,1.0,0.0,3,-2.4740862742332865,-1.7481880270062005,-2.934498451243568,0.5194197055515783,3,0.0,0.0,0.0,0.0,2
seed7_i3,7,3,3,3,append_notes.predict,0,0.6,0,,,,,0,,,,,0,,,,,0,4.0,4.0,4.0,0.0,3,0.0,0.0,0.0,0.0,3,,,,,0,0.3333333333333333,0.33333333333333337,0.33333333333333337,5.551115123125783e-17,18.333333333333332,24.0,13.0,4.496912521077347,3.0,3.0,3.0,0.0,-3.000434077479319,-3.000434077479319,-3.000434077479319,0.0,-1.4580957862917174,-1.1004880243811,-1.6738744588497525,0.25466267721321834,0.030241610782479902,0.0309475238035475,0.029204707363637592,0.0007490074625215073,0.0,0.0,0.0,0.0,0.0,0.0,0.0,0.0,1.0,3,0.5833191280580411,0.5870367363971022,0.5779701559045572,0.0038770032566580277,0.8173418621179817,0.8187633262260128,0.8166311300639659,0.0010051269100021729,0.748010139318655,0.7762854619853238,0.710599195014474,0.02758340206439704,0.9688306897823681,0.9740870527480634,0.9641276281814829,0.004084698375202857,0.16469101126061383,0.1892487255882216,0.12564870314200993,0.027911685805498267,0.15148882766438657,0.15745592268409747,0.14536430195547012,0.004937638523131643,0.6666666666666666,0.6666666666666666,0.6666666666666666,0.0,0.7777777777777777,0.7777777777777777,0.7777777777777777,0.0,3,1.0,1.0,1.0,0.0,3,0.38887941870536075,0.39135782426473475,0.3853134372697048,0.002584668837772021,0.5817856639145094,0.6037775815441406,0.5526882627890353,0.021453757161197684,0.16469101126061383,0.1892487255882216,0.12564870314200993,0.027911685805498267,0.2023508201042811,0.3159200847148895,0.13472191989421844,0.08079225022461817,0.8170467019081116,0.895872175693512,0.7614646553993225,0.05728023546029687,0.6146958818038305,0.6373928189277649,0.5799520909786224,0.02494933960257286,0.13490054673618737,0.21061338980992633,0.08981461326281229,0.05386150014974543,0.6354807681507534,0.6967894699838425,0.5922502875328063,0.04455129424689755,0.6146958818038305,0.6373928189277649,0.5799520909786224,0.02494933960257286,0.0,0.0,1.0,1.0,1.0,1.0,0.0,3,-2.1593298032261,-0.47712125471966244,-3.000434077479319,1.1895010720188812,3,,,,,0
seed7_i4,7,4,4,4,gen_query.predict,0,0.6,0,,,,,0,,,,,0,,,,,0,5.0,5.0,5.0,0.0,3,0.0,0.0,0.0,0.0,3,,,,,0,0.4444444444444445,0.6666666666666667,0.33333333333333337,0.15713484026367724,26.666666666666668,32.0,19.0,5.557777333511022,3.0,3.0,3.0,0.0,-2.973837718788475,-2.9206450014067875,-3.000434077479319,0.03761293117033078,-1.3599297384107658,-1.1591851107329938,-1.5063160057857354,0.1468357088180219,0.03137560514223581,0.038245988424558945,0.026953047834708085,0.004924531503512972,0.0,0.0,0.0,0.0,0.0,0.0,0.0,0.0,1.0,2,0.6292444506937046,0.6673318301569494,0.5930950840875048,0.0303379908928322,0.856098931984261,0.8583473861720068,0.851602023608769,0.0031797944066848647,0.8393559218190348,0.8557686372297549,0.8087152370770582,0.021684586691178183,0.9876755347514369,0.9902826331694021,0.9845351662025241,0.0023764997942715346,0.21011147112533013,0.26267355314225016,0.18140879924039832,0.03721956157333535,0.13157660276717598,0.1329331425937551,0.12986141871037749,0.0012794116269677378,0.7222222222222222,0.8333333333333333,0.6666666666666666,0.0785674201318386,0.5925925925925926,0.7777777777777777,0.4444444444444444,0.13857990321384964,3,0.3333333333333333,1.0,0.0,0.4714045207910317,3,0.454346658120062,0.5227553648638832,0.39539672272500315,0.0524223692611971,0.4980848966886941,0.665597828956476,0.37937061828901836,0.12184001941377261,0.08755785104741672,0.26267355314225016,0.0,0.12382550044350003,0.2016717940568924,0.2469039410352707,0.1659817099571228,0.03371834410377416,0.7827548782030741,0.9138389229774475,0.669634997844696,0.1005018164510284,0.5810830841461817,0.6669349819421768,0.47750526666641235,0.07834351889314567,0.145121736658944,0.1646026273568471,0.11065447330474854,0.024441008646019377,0.45766909917195636,0.5948372218343946,0.3720194432470533,0.09798828135680053,0.199603001276652,0.598809003829956,0.0,0.2822812714958155,0.0,0.6666666666666666,0.3333333333333333,1.0,1.0,1.0,0.0,3,-2.132733444535256,-0.47712125471966244,-3.000434077479319,1.171147689651656,3,0.0,0.0,0.0,0.0,1
seed7_i5,7,5,5,5,append_notes.predict,0,0.6,1,,,,,0,,,,,0,,,,,0,6.0,6.0,6.0,0.0,3,0.0,0.0,0.0,0.0,3,,,,,0,0.3333333333333333,0.33333333333333337,0.33333333333333337,5.551115123125783e-17,21.333333333333332,24.0,17.0,3.0912061651652345,3.0,3.0,3.0,0.0,-2.7972677540206727,-2.3909351071033793,-3.000434077479319,0.28732057005269696,-1.4314129355969907,-1.0786777157058787,-1.8333737200325742,0.3100633073962062,0.03067705751332921,0.0330063262607148,0.028250448223545558,0.0019427987306980536,0.0,0.0,0.0,0.0,0.0,0.0,0.0,0.0,1.0,2,0.6339660032745611,0.6534673633299477,0.6201192215833687,0.01418932302460998,0.8814919735599623,0.8852691218130312,0.876770538243626,0.0035331986655089283,0.7797698318730489,0.790513104460676,0.7704434559650988,0.008254428905529708,0.9791237020152682,0.9802453055465103,0.9781287311407794,0.0008687150188894464,0.1458038285984877,0.15823371361000294,0.13704574113072832,0.009031209492545775,0.09763172845530606,0.10135819289715331,0.09497618373347916,0.0027132590521795675,0.7222222222222222,0.8333333333333333,0.6666666666666666,0.0785674201318386,0.7037037037037036,0.8888888888888888,0.4444444444444444,0.18885257457751053,3,0.6666666666666666,1.0,0.0,0.4714045207910317,3,0.4575501924558389,0.5235928540919724,0.4134128143889125,0.0475730411993144,0.5485389303599633,0.6848386275245322,0.34593463786372075,0.14608491383113814,0.09305925739515337,0.14213203105473182,0.0,0.06583558625596955,0.1821257621049881,0.19932760298252106,0.1713753491640091,0.0122895027075696,0.8082086245218912,0.8783323764801025,0.76274174451828,0.05030751799530915,0.6260828624169031,0.6790047734975815,0.5913663953542709,0.03802367661355339,0.13093802746799255,0.14281279097000757,0.11711622277895609,0.010580536572320208,0.5697950963620786,0.6831474039289686,0.34824522336324054,0.15667355129051058,0.4234570562839508,0.6790047734975815,0.0,0.3015593144732882,0.0,0.3333333333333333,0.6666666666666666,1.0,1.0,1.0,0.0,3,-2.5300087571790404,-2.1986570869544226,-3.000434077479319,0.3417774087939063,3,0.0,0.0,0.0,0.0,1
seed7_i6,7,6,6,6,gen_query.predict,0,0.6,0,,,,,0,,,,,0,,,,,0,7.0,7.0,7.0,0.0,3,0.0,0.0,0.0,0.0,3,,,,,0,0.5555555555555557,0.6666666666666667,0.33333333333333337,0.15713484026367724,19.0,32.0,11.0,9.273618495495704,3.0,3.0,3.0,0.0,-2.2819887316576315,-0.8450980400142568,-3.000434077479319,1.0160351518848587,-1.4608738161772792,-0.38204267855941265,-2.0002893849862127,0.762848813164791,0.029767877431541318,0.03726086160171408,0.019753777426232307,0.007366207430896043,0.0,0.0,0.0,0.0,0.0,0.0,0.0,0.0,1.0,4,0.6696594786028308,0.7050431928243572,0.6395051575715949,0.02701010219716658,0.8942585708384966,0.8983890954151177,0.885997521685254,0.005841443875973115,0.8400130216162279,0.8617284097119428,0.8247091448280811,0.01577840509622105,0.9929332176493518,0.9946056056433664,0.9913237013844355,0.0013405691656748165,0.17035354301339725,0.19729832429940275,0.1285583174843028,0.0299632987157936,0.09867464681085532,0.10532617969918145,0.09448125050513578,0.0047563956171333245,0.7777777777777777,0.8333333333333333,0.6666666666666666,0.0785674201318386,0.6851851851851851,0.7777777777777777,0.5555555555555555,0.09442628728875528,3,0.5,1.0,0.0,0.408248290463863,3,0.5225215011928258,0.5875359940202977,0.42633677171439655,0.06940213761196097,0.5756372677210183,0.6414404459773964,0.4631119501714777,0.07994782394035771,0.0946177164687292,0.18520398725648624,0.0,0.07566293077253507,0.19324124356110892,0.2588422894477844,0.15880067646503448,0.046406268692151253,0.7338420550028483,0.7643283009529114,0.6849033832550049,0.03495185642372231,0.5406008114417394,0.5934938043355942,0.505486011505127,0.0380647781931566,0.15202988270256254,0.21570190787315366,0.10805384318033853,0.04610115939267067,0.5002177523242102,0.5433237916893429,0.4246268338627285,0.05362643923011348,0.27318984021743137,0.5228226184844971,0.0,0.214090438795612,0.0,0.6666666666666666,0.3333333333333333,1.0,1.0,1.0,0.0,3,-2.2819887316576315,-0.8450980400142568,-3.000434077479319,1.0160351518848587,3,0.0,0.0,0.0,0.0,2
seed7_i7,7,7,7,7,gen_query.predict,1,0.4666666666666666,1,,,,,0,,,,,0,,,,,0,8.0,8.0,8.0,0.0,3,0.0,0.0,0.0,0.0,3,,,,,0,0.3333333333333333,0.33333333333333337,0.33333333333333337,5.551115123125783e-17,21.666666666666668,26.0,17.0,3.681787005729087,3.0,3.0,3.0,0.0,-2.0619920774445646,-1.3222192947339193,-3.000434077479319,0.6993822548937634,-0.9467144426094029,-0.6414264286872938,-1.1004880243811,0.21587319506696848,0.030806109413979404,0.03189627861076998,0.02954623708089513,0.0009668757810201792,0.0,0.0,0.0,0.0,0.0,0.0,0.0,0.0,1.0,1,0.6894020192374454,0.7111846320748224,0.6629967772902572,0.01994231451127212,0.9056945955749002,0.9096844396082698,0.8998911860718172,0.00419870761798703,0.8516776230899521,0.8694588322641955,0.816736038818001,0.024708731146608067,0.9929201238682835,0.9936883908942629,0.9920927593787675,0.0006527528199647342,0.1622756038525067,0.20646205497393832,0.10555140674317864,0.04213973609655372,0.08722552829338337,0.09220157330695034,0.08329478172355065,0.003710545396109562,0.4444444444444444,0.6666666666666666,0.0,0.31426968052735443,0.7777777777777777,0.7777777777777777,0.7777777777777777,0.0,2,1.0,1.0,1.0,0.0,2,0.3122687289826842,0.47412308804988157,0.0,0.22085672227833383,0.6555010143910902,0.6757628874792908,0.6352391413028896,0.0202618730882006,0.14018237829179087,0.1748133498404031,0.10555140674317864,0.03463097154861222,0.2309772546092669,0.31180816888809204,0.11259254068136215,0.08555478763736883,0.7771283189455668,0.849564790725708,0.7246912121772766,0.05290452788140006,0.5461510643362999,0.6120986714959145,0.48859789967536926,0.050767182041914806,0.1289642718103197,0.20787211259206134,0.0,0.0919490384719012,0.6248253451453314,0.660772615008884,0.5888780752817789,0.03594726986355251,0.5131772607564926,0.537756621837616,0.48859789967536926,0.024579361081123352,0.0,0.0,0.6666666666666666,1.0,1.0,1.0,0.0,2,-2.161326686106619,-1.3222192947339193,-3.000434077479319,0.8391073913726997,2,,,,,0
seed7_i8,7,8,8,8,append_notes.predict,1,0.4666666666666666,1,,,,,0,,,,,0,,,,,0,9.0,9.0,9.0,0.0,3,0.0,0.0,0.0,0.0,3,,,,,0,0.3333333333333333,0.33333333333333337,0.33333333333333337,5.551115123125783e-17,24.333333333333332,28.0,17.0,5.185449728701348,3.0,3.0,3.0,0.0,-2.105817392842477,-1.3979400086720377,-3.000434077479319,0.6674081634175795,-1.1416839133418069,-0.6250204211305667,-1.77829594287675,0.47840139769117496,0.03674412322518354,0.040338366036250045,0.03199174006168487,0.0035045216598722185,0.0,0.0,0.0,0.0,0.0,0.0,0.0,0.0,1.0,1,0.6847408496873083,0.7021501523063233,0.6550481320056787,0.021099949341186253,0.9218500797448166,0.9272727272727272,0.9186602870813397,0.0038542411399025574,0.7772155530164468,0.7799428380978215,0.7741886710710387,0.0023586618033300927,0.987773182362646,0.9884059936266866,0.987422876127195,0.00044832043810603186,0.09247470332913843,0.12489470609214282,0.07203851876471545,0.02318265240304355,0.06592310261782948,0.06883039025271687,0.061133266353959326,0.0034126647538807384,0.611111111111111,0.6666666666666666,0.5,0.0785674201318386,0.6666666666666666,0.7777777777777777,0.4444444444444444,0.1571348402636772,3,0.7777777777777777,1.0,0.3333333333333333,0.3142696805273545,3,0.4174855579967432,0.4646828431666155,0.35107507615316164,0.048329020793327196,0.518480022227121,0.6066222074094166,0.3440838538093505,0.1233191225932337,0.0764661436036461,0.12489470609214282,0.024012839588238483,0.04128306073598649,0.1329354320963224,0.1429334282875061,0.11790057271718979,0.010822459904650911,0.7376605272293091,0.755865752696991,0.7205009460449219,0.014456542149028301,0.6047250951329867,0.6379651799798012,0.5775675177574158,0.025029543521415388,0.08068287538157569,0.09198153018951416,0.07146671414375305,0.00850360723262133,0.49368030495113785,0.5878955854309929,0.3202226426866319,0.12280531305698131,0.47637675785356093,0.6379651799798012,0.19252250591913858,0.2013562246742341,0.0,0.3333333333333333,0.6666666666666666,1.0,1.0,1.0,0.0,3,-1.4067026960133517,-0.9030899869919435,-1.919078092376074,0.4148216854566067,3,0.0,0.0,0.0,0.0,1
seed7_i9,7,9,9,9,append_notes.predict,2,0.5666666666666667,0,,,,,0,,,,,0,,,,,0,10.0,10.0,10.0,0.0,3,0.0,0.0,0.0,0.0,3,,,,,0,0.4444444444444445,0.6666666666666667,0.33333333333333337,0.15713484026367724,22.0,26.0,17.0,3.7416573867739413,3.0,3.0,3.0,0.0,-3.000434077479319,-3.000434077479319,-3.000434077479319,0.0,-1.6067920886307228,-1.3011746881570874,-2.2009760487622,0.4202091674799388,0.03622499116929478,0.05140696632522506,0.01828631420233611,0.013661233544048464,0.0,0.0,0.0,0.0,0.0,0.0,0.0,0.0,1.0,4,0.7036935917065184,0.7163025952028527,0.6886359532081467,0.011426799780799185,0.9241898148148149,0.9270833333333334,0.921875,0.0021653109877164136,0.8064474165076195,0.8490156601099006,0.7778396186305958,0.0306885185240541,0.9895118962710997,0.9905360179952817,0.9882591759477698,0.0009434671578734722,0.10275382480110118,0.16037970690175385,0.06153702342774314,0.04198739863992546,0.06532208145628478,0.06866101799528168,0.06265716153691403,0.0024969710845769294,0.27777777777777773,0.8333333333333333,0.0,0.3928371006591931,0.7222222222222222,0.7222222222222222,0.7222222222222222,0.0,1,0.5,0.5,0.5,0.0,1,0.1989729431119035,0.5969188293357105,0.0,0.2813902346941442,0.5617730578998748,0.5617730578998748,0.5617730578998748,0.0,0.03076851171387157,0.03076851171387157,0.03076851171387157,0.0,0.14641781648000082,0.156982421875,0.13453646004199982,0.009210706655266649,0.6962374250094095,0.7447879910469055,0.6607504487037659,0.03552998886649946,0.5498196085294088,0.5878055691719055,0.5130158811807632,0.030544204186980332,0.04103737986750073,0.12311213960250218,0.0,0.058035619172876134,0.4772086573971642,0.4772086573971642,0.4772086573971642,0.0,0.2565079405903816,0.2565079405903816,0.2565079405903816,0.0,0.0,0.3333333333333333,0.0,1.0,1.0,1.0,0.0,1,-3.000434077479319,-3.000434077479319,-3.000434077479319,0.0,1,0.0,0.0,0.0,0.0,1
seed7_i10,7,10,10,10,gen_query.predict,1,0.4666666666666666,1,,,,,0,,,,,0,,,,,0,11.0,11.0,11.0,0.0,3,0.0,0.0,0.0,0.0,3,,,,,0,0.3333333333333333,0.33333333333333337,0.33333333333333337,5.551115123125783e-17,27.666666666666668,30.0,25.0,2.0548046676563256,3.0,3.0,3.0,0.0,-1.553083489590887,-1.1139433523068367,-1.954242509439325,0.34410036552400997,-0.7240647739115477,-0.4716577826569393,-0.9694950062928833,0.20330106030657763,0.032826392590171075,0.04018564317271363,0.024373823619565128,0.0065012777317791145,0.0,0.0,0.0,0.0,0.0,0.0,0.0,0.0,1.0,0,0.7021057684237979,0.7123776965338449,0.6962799521881542,0.007285157346943425,0.9332816136539953,0.9356089992242048,0.9317300232738557,0.001675909153971525,0.8510962991190377,0.8831153271019344,0.8335790983561343,0.022674313427723473,0.9954083696143506,0.9960983037137487,0.9944567363738015,0.0006952460779008462,0.1489905306952398,0.18683537491378022,0.1242167753651996,0.02718347875585072,0.062126755960355294,0.06436828043989307,0.06006106953129686,0.0017628018829465432,0.2222222222222222,0.6666666666666666,0.0,0.31426968052735443,0.7777777777777777,0.7777777777777777,0.7777777777777777,0.0,1,1.0,1.0,1.0,0.0,1,0.15503547923319883,0.4651064376995965,0.0,0.2192532773806021,0.6483392987214377,0.6483392987214377,0.6483392987214377,0.0,0.13591944180673954,0.13591944180673954,0.13591944180673954,0.0,0.13601241757472357,0.16522841155529022,0.11820366233587265,0.020823473638663235,0.716946542263031,0.7504889369010925,0.6796204447746277,0.029055385037481615,0.5809341246883074,0.6258837580680847,0.5555018335580826,0.0318757882077451,0.0276900397406684,0.0830701192220052,0.0,0.03915962974390323,0.5837136175897386,0.5837136175897386,0.5837136175897386,0.0,0.6258837580680847,0.6258837580680847,0.6258837580680847,0.0,0.0,0.0,0.3333333333333333,1.0,1.0,1.0,0.0,1,0.0,-0.0,-0.0,0.0,1,,,,,0
seed7_i11,7,11,11,11,gen_query.predict,2,0.5666666666666667,1,,,,,0,,,,,0,,,,,0,12.0,12.0,12.0,0.0,3,0.0,0.0,0.0,0.0,3,,,,,0,0.5555555555555556,0.6666666666666667,0.33333333333333337,0.15713484026367724,21.333333333333332,22.0,21.0,0.4714045207910317,3.0,3.0,3.0,0.0,-2.6848113127241278,-2.1818435879447726,-3.000434077479319,0.35948685458019547,-1.8432127154558975,-0.9279678597575783,-2.7026927082021683,0.7256006072565971,0.02692942107825104,0.030957968059703998,0.02168654331807165,0.0038812179029320045,0.0,0.0,0.0,0.0,0.0,0.0,0.0,0.0,1.0,2,0.7232731619973749,0.7254071169336617,0.7192180828154542,0.002868690131338256,0.9396344396344397,0.9415584415584416,0.937950937950938,0.0014825430502570908,0.8572736707585366,0.891658023597479,0.8327698036140346,0.025035622772004513,0.9947295147175815,0.995548008077841,0.9939645676519185,0.0006475447474165645,0.13400050876116168,0.17243994078202485,0.10757551737102566,0.027810171327079775,0.055095075083141896,0.05601362970098056,0.05398956651939946,0.0008368280485160607,0.4444444444444444,0.8333333333333333,0.0,0.34246744460938755,0.6944444444444444,0.7222222222222222,0.6666666666666666,0.02777777777777779,2,0.75,1.0,0.5,0.25,2,0.3206839869376809,0.5993484023462118,0.0,0.2464803712838802,0.6044520146537884,0.643975239264846,0.5649287900427308,0.03952322461105762,0.10410301926072349,0.12198606813043456,0.08621997039101242,0.017883048869711066,0.1199269766608874,0.13231121003627777,0.11311999708414078,0.008771354269987134,0.7501740256945292,0.7720613479614258,0.7309994697570801,0.016872833911068762,0.6302470490336418,0.639750137925148,0.6166497468948364,0.0098650545875866,0.05581140104267332,0.11025934169689813,0.0,0.04502351145813697,0.5224664211273193,0.5575998624165853,0.48733297983805335,0.03513344128926599,0.4682624079287052,0.6166497468948364,0.319875068962574,0.1483873389661312,0.0,0.3333333333333333,0.3333333333333333,1.0,1.0,1.0,0.0,2,-2.4659932160617073,-2.1072099696478683,-2.824776462475546,0.35878324641383874,2,0.0,0.0,0.0,0.0,2
seed7_i12,7,12,12,12,append_notes.predict,2,0.5666666666666667,0,,,,,0,,,,,0,,,,,0,13.0,13.0,13.0,0.0,3,0.0,0.0,0.0,0.0,3,,,,,0,0.4444444444444445,0.6666666666666667,0.33333333333333337,0.15713484026367724,30.666666666666668,37.0,21.0,6.944222218666553,3.0,3.0,3.0,0.0,-3.000434077479319,-3.000434077479319,-3.000434077479319,0.0,-1.664688244688153,-1.1004880243811,-2.0002893849862127,0.4013342552639645,0.031747105176841046,0.03837096008487317,0.026677615376401145,0.004898681168339276,0.0,0.0,0.0,0.0,0.0,0.0,0.0,0.0,1.0,4,0.745349366877304,0.7750558799967177,0.7274894199856753,0.021148646576672342,0.9423205902079141,0.9443326626425218,0.9409792085848424,0.0014488577461229325,0.8038919368199492,0.8117746032027191,0.7924383820715791,0.008287975011938294,0.9916210331859867,0.9926326669745552,0.9906093993974181,0.0008259955295171877,0.05854256994264517,0.07997340519987417,0.017382502074861472,0.029112852294158244,0.04930044297807253,0.0506418246011443,0.04830000433203341,0.0009859723215843233,0.5555555555555555,0.8333333333333333,0.0,0.3928371006591931,0.6388888888888888,0.7222222222222222,0.5555555555555555,0.08333333333333337,2,0.25,0.5,0.0,0.25,2,0.4173736944395536,0.6458798999972647,0.0,0.2955710941804231,0.5117055707813315,0.5831675959673412,0.4402435455953217,0.07146202518600978,0.019993351299968543,0.039986702599937085,0.0,0.019993351299968543,0.1733584056297938,0.20683413743972778,0.14508914947509766,0.025474711987243583,0.7489553888638815,0.76424640417099,0.7239897847175598,0.0178016310930664,0.5755969832340876,0.596094474196434,0.5517958402633667,0.018235091253373786,0.08701141095823711,0.14012660831212997,0.0,0.06202462716157603,0.4737314234177271,0.5228815111849043,0.42458133565054995,0.04915008776717719,0.14472515881061554,0.2894503176212311,0.0,0.14472515881061554,0.0,0.6666666666666666,0.0,1.0,1.0,1.0,0.0,2,-2.839930987045719,-2.6794278966121188,-3.000434077479319,0.1605030904336,2,0.0,0.0,0.0,0.0,2
seed7_i13,7,13,13,13,append_notes.predict,0,0.6,1,,,,,0,,,,,0,,,,,0,14.0,14.0,14.0,0.0,3,0.0,0.0,0.0,0.0,3,,,,,0,0.4444444444444445,0.6666666666666667,0.33333333333333337,0.15713484026367724,21.0,23.0,17.0,2.8284271247461903,3.0,3.0,3.0,0.0,-2.2601126846892803,-1.255272505103306,-2.7737864449811935,0.7105887160106417,-1.1933703213773619,-0.7781512503836435,-1.551533345753995,0.3182991367686872,0.028657347922231916,0.03532257648947578,0.023372525924778415,0.00497527679954568,0.0,0.0,0.0,0.0,0.0,0.0,0.0,0.0,1.0,0,0.7330399221460787,0.7581520421872522,0.7169925666171956,0.01798430934727978,0.9511193263503799,0.9531731361675909,0.9494762784966112,0.0015369305347192428,0.8137033996629485,0.8325028879265419,0.7986804852562597,0.014063797807850973,0.9921617161716171,0.9938681368136814,0.9908303330333034,0.0012682147028885945,0.08066347751686982,0.11551032130934635,0.04052844306900749,0.030838766041224073,0.0410423898212372,0.042310400171255536,0.04012176864636563,0.0009266557854969087,0.7777777777777777,0.8333333333333333,0.6666666666666666,0.0785674201318386,0.7407407407407406,0.8888888888888888,0.5555555555555555,0.1385799032138497,3,0.6666666666666666,1.0,0.0,0.4714045207910317,3,0.568747043889107,0.60331263136149,0.5054346947915014,0.044831572541031914,0.601210831217588,0.7199349562720389,0.4625016044036343,0.10604255712622711,0.04216003708042104,0.08595166817225564,0.0,0.0351085828980317,0.16570195804039636,0.22793574631214142,0.11856845766305923,0.04590798752202364,0.7409355640411377,0.859328031539917,0.6744896769523621,0.08392512434258848,0.5752336060007414,0.6313922852277756,0.5383873134851456,0.04035019539466082,0.131497828496827,0.18994645526011783,0.07904563844203949,0.04547318427841883,0.5381473987190811,0.6124346521165636,0.47740446196662045,0.05595161271442738,0.36476951092481613,0.5559212192893028,0.0,0.25803030382551895,0.0,0.3333333333333333,0.6666666666666666,1.0,1.0,1.0,0.0,3,-0.6191108321437562,-0.3010299956639812,-1.255272505103306,0.4498342328806764,3,0.0,0.0,0.0,0.0,2
seed7_i14,7,14,14,14,gen_query.predict,6,0.5666666666666667,0,,,,,0,,,,,0,,,,,0,15.0,15.0,15.0,0.0,3,0.0,0.0,0.0,0.0,3,,,,,0,0.3333333333333333,0.33333333333333337,0.33333333333333337,5.551115123125783e-17,25.333333333333332,27.0,23.0,1.699673171197595,3.0,3.0,3.0,0.0,-1.8330511691072082,-1.255272505103306,-2.9014583213961123,0.7563152652073617,-0.8950506675654347,-0.5478175588287292,-1.459526525371925,0.4026571071738033,0.030496401815651827,0.03662650067098649,0.027057806434917026,0.0043453515823375045,0.0,0.0,0.0,0.0,0.0,0.0,0.0,0.0,1.0,0,0.7431896176267433,0.7692875319513433,0.7282315292909324,0.01851973057594325,0.9494655004859087,0.9516034985422741,0.9469387755102041,0.0019241000848613618,0.8707046409480913,0.8847579931201771,0.8586420258031953,0.010754323554086977,0.9967916216440861,0.9969412351425484,0.9967085030338293,0.00010601017632064959,0.1275150233213479,0.14048237462996882,0.11547046116883386,0.010231898117058484,0.047326121158177435,0.049769727523625185,0.045121628213606546,0.001905096361514121,0.5,0.8333333333333333,0.0,0.3600411499115478,0.6666666666666665,0.7777777777777777,0.5555555555555555,0.1111111111111111,2,0.5,1.0,0.0,0.5,2,0.3742999492219525,0.6100414930316285,0.0,0.26762720288722414,0.5825842267142897,0.6881451057601377,0.47702334766844173,0.10556087904584796,0.05773523058441693,0.11547046116883386,0.0,0.05773523058441693,0.1824015031258265,0.22064079344272614,0.14958815276622772,0.029259756835297118,0.7112639943758646,0.8042027354240417,0.645444929599762,0.06759002815189787,0.5288624912500381,0.5835619419813156,0.49585677683353424,0.03895307129415339,0.09058355208900239,0.14709386229515076,0.0,0.06470389190011062,0.4920357664426167,0.6254910164409213,0.35858051644431216,0.13345524999830458,0.2917809709906578,0.5835619419813156,0.0,0.2917809709906578,0.0,0.3333333333333333,0.3333333333333333,1.0,1.0,1.0,0.0,2,-1.171211340411103,-1.0,-1.3424226808222062,0.17121134041110309,2,0.0,0.0,0.0,0.0,1
seed7_i15,7,15,15,15,gen_query.predict,2,0.5666666666666667,1,,,,,0,,,,,0,,,,,0,16.0,16.0,16.0,0.0,3,0.0,0.0,0.0,0.0,3,,,,,0,0.3333333333333333,0.33333333333333337,0.33333333333333337,5.551115123125783e-17,22.0,30.0,18.0,5.656854249492381,3.0,3.0,3.0,0.0,-3.000434077479319,-3.000434077479319,-3.000434077479319,0.0,-2.026634902837719,-1.2595284426209874,-2.820086880905956,0.6373676200115352,0.02530733912174683,0.03294993955536263,0.018505116941639966,0.005926938602246889,0.0,0.0,0.0,0.0,0.0,0.0,0.0,0.0,1.0,5,0.7169790640002347,0.7350319121312499,0.7034197329947282,0.0132910054688077,0.9542660882140274,0.9560737527114967,0.9522776572668112,0.0015550117980916009,0.8633342158557219,0.8839313424645024,0.8510320473127228,0.014655957886488366,0.995863489740045,0.9963243067414816,0.9954948361388957,0.00034484386747529933,0.1463551518554873,0.1805116094697743,0.1160001351814729,0.026473518764094914,0.041597401526017506,0.043493669072946384,0.03942108342739892,0.0016743774352887305,0.7222222222222222,0.8333333333333333,0.5,0.1571348402636772,0.6296296296296297,0.7222222222222222,0.4444444444444444,0.13094570021973104,3,0.4444444444444444,0.5,0.3333333333333333,0.07856742013183862,3,0.5183174925696704,0.6125265934427082,0.356242773437363,0.11510764731449638,0.5443488542485825,0.6383948584465851,0.3800174479066403,0.116604030477033,0.06525792532134284,0.09025580473488715,0.04751790363840491,0.018186797806127874,0.1234087919195493,0.13146382570266724,0.11123660951852798,0.00875588385778021,0.7032992243766785,0.7246940732002258,0.6808372139930725,0.017920382254581278,0.5798904324571291,0.5971681326627731,0.5696006044745445,0.012291322718529195,0.09048103665312131,0.10955318808555602,0.05561830475926399,0.02468805019082011,0.4448978459393536,0.5233901639779409,0.30259431733025444,0.10080213099623386,0.25830073820220095,0.29858406633138657,0.1898668681581815,0.04864289637917067,0.0,1.0,0.0,1.0,1.0,1.0,0.0,3,-2.079325938540731,-0.7781512503836436,-3.000434077479319,0.9462111030410464,3,0.0,0.0,0.0,0.0,3
seed7_i16,7,16,16,16,append_notes.predict,1,0.4666666666666666,0,,,,,0,,,,,0,,,,,0,17.0,17.0,17.0,0.0,3,0.0,0.0,0.0,0.0,3,,,,,0,0.4444444444444445,0.6666666666666667,0.33333333333333337,0.15713484026367724,21.0,25.0,17.0,3.265986323710904,3.0,3.0,3.0,0.0,-2.608980985886488,-1.8260748027008264,-3.000434077479319,0.5535982711634587,-1.243269492490071,-0.9684186829161504,-1.6609017701729625,0.3001922908855769,0.03159322924381531,0.03389226449297485,0.028186384193124574,0.002457600376564003,0.0,0.0,0.0,0.0,0.0,0.0,0.0,0.0,1.0,2,0.7639497050475152,0.7729929226032054,0.7490374538540242,0.010623881513818365,0.9561493662213086,0.9578622816032888,0.9537512846865365,0.0017468377915699944,0.8375338951388888,0.8535909010807888,0.8137652103206148,0.01714883678174677,0.9947919135110087,0.9949446278772176,0.9945180808543579,0.000194058102789279,0.07358419009137351,0.08059797847758343,0.06472775646659057,0.006608706014340855,0.03864254728969992,0.04076679616782142,0.03708234627392881,0.0015561502173457504,0.6666666666666666,0.6666666666666666,0.6666666666666666,0.0,0.6666666666666666,0.7777777777777777,0.4444444444444444,0.1571348402636772,3,0.6666666666666666,1.0,0.0,0.4714045207910317,3,0.5092998033650101,0.5153286150688036,0.49935830256934943,0.007082587675878903,0.5609968950724006,0.6639040341739468,0.3616734268091621,0.14096788382177344,0.052008271269176655,0.08059797847758343,0.0,0.03683594612756709,0.18615890045960745,0.22030580043792725,0.156654953956604,0.02619192403748032,0.7631173332532247,0.7850203514099121,0.7516319751739502,0.015493905211080664,0.5769584327936172,0.5960447192192078,0.5647145509719849,0.013675007280266778,0.12410593363973828,0.14687053362528482,0.10443663597106934,0.017461282691653545,0.5099024066218623,0.6105713844299315,0.33453318807813853,0.12445713033212495,0.378276859720548,0.5701160281896591,0.0,0.26749122220995414,0.0,0.3333333333333333,0.6666666666666666,1.0,1.0,1.0,0.0,3,-2.169250039185244,-1.6812412373755872,-3.000434077479319,0.5907026152796567,3,,,,,0
seed7_i17,7,17,17,17,append_notes.predict,6,0.5666666666666667,0,,,,,0,,,,,0,,,,,0,18.0,18.0,18.0,0.0,3,0.0,0.0,0.0,0.0,3,,,,,0,0.3333333333333333,0.33333333333333337,0.33333333333333337,5.551115123125783e-17,29.0,30.0,27.0,1.4142135623730951,3.0,3.0,3.0,0.0,-3.000434077479319,-3.000434077479319,-3.000434077479319,0.0,-1.795794973975167,-1.725508445511667,-1.8369930292286434,0.04994535385068095,0.03926750428575631,0.0409246655709279,0.036647831018673055,0.0018739709057387331,0.0,0.0,0.0,0.0,0.0,0.0,0.0,0.0,1.0,3,0.7194536678892375,0.7413846038031767,0.6853094103380061,0.02446740348029111,0.9558894813378576,0.9587978671837131,0.9534658264663112,0.00220361636726224,0.7940537742490443,0.8027753286402458,0.7815049020108663,0.009095567919790878,0.9947372729154931,0.9962732380938624,0.9937598405292579,0.001099472900789853,0.07460010635980685,0.09619549167286023,0.06139072483706909,0.015396682398097711,0.038847791577635515,0.042807411627551195,0.03496197334554485,0.003203311878918273,0.5555555555555555,0.8333333333333333,0.0,0.3928371006591931,0.8888888888888888,0.8888888888888888,0.8888888888888888,0.0,2,1.0,1.0,1.0,0.0,2,0.39630389281699524,0.6178205031693139,0.0,0.28087777782947515,0.7041245469560498,0.7135780699024407,0.6946710240096589,0.009453522946390902,0.07879310825496466,0.09619549167286023,0.06139072483706909,0.017402383417895573,0.16722925007343292,0.21275842189788818,0.13714653253555298,0.032743794992394624,0.6921849250793457,0.6969097256660461,0.6865005493164062,0.004303357329544474,0.5249556750059128,0.5559979677200317,0.47374212741851807,0.03648438440665649,0.10126144935687383,0.1772986849149068,0.0,0.0745470841793564,0.6148490111033121,0.6194753117031521,0.6102227105034722,0.004626300599839928,0.5094345286488533,0.5451269298791885,0.47374212741851807,0.035692401230335236,0.0,0.0,0.6666666666666666,1.0,1.0,1.0,0.0,2,-0.8890756251918219,-0.6989700043360189,-1.0791812460476249,0.19010562085580301,2,0.0,0.0,0.0,0.0,2
seed7_i18,7,18,18,18,gen_query.predict,0,0.6,0,,,,,0,,,,,0,,,,,0,19.0,19.0,19.0,0.0,3,0.0,0.0,0.0,0.0,3,,,,,0,0.4444444444444445,0.6666666666666667,0.33333333333333337,0.15713484026367724,30.0,35.0,27.0,3.559026084010437,3.0,3.0,3.0,0.0,-2.5636880783290503,-1.6901960800285136,-3.000434077479319,0.6176521153104978,-1.1307539623854146,-0.6637420252308316,-1.5693347511924183,0.3702528811284758,0.035255457982236234,0.03760042362098713,0.030862120693389387,0.0031089174320231023,0.0,0.0,0.0,0.0,0.0,0.0,0.0,0.0,1.0,2,0.7485525262486473,0.7539463132598542,0.7428068100403572,0.0045544866973213395,0.9617335177501153,0.9626556016597511,0.9608114338404795,0.0007528783595460794,0.8452402588658722,0.8683096241561286,0.8276117447092785,0.017054451885291692,0.9975686367280421,0.99798919686157,0.99731892914876,0.0002991183134681956,0.09668773261722492,0.11436331089627438,0.07870728926354797,0.0145581060284562,0.03583511897792683,0.03717776302109044,0.03474218251404537,0.0010098773879165352,0.7222222222222222,0.8333333333333333,0.6666666666666666,0.0785674201318386,0.648148148148148,0.7777777777777777,0.4444444444444444,0.14581496062984833,3,0.5,1.0,0.0,0.408248290463863,3,0.5406408205794165,0.6240870462047754,0.4952045400269048,0.05908322967364404,0.5456040996800108,0.6531773171250519,0.3859153885138349,0.11516438435440893,0.0454487474412088,0.09699259769185242,0.0,0.03983092358496155,0.15954080720742544,0.19294856488704681,0.14224642515182495,0.02362777178002028,0.6808881163597107,0.7559793591499329,0.5948114991188049,0.06625344577514244,0.5213473091522852,0.563030794262886,0.4513840675354004,0.04977319471550594,0.11426311731338501,0.12863237659136453,0.09561828772226968,0.013812865792225477,0.43276946743329364,0.4996864100297292,0.335990826288859,0.07008495708397885,0.24206586678822836,0.4513840675354004,0.0,0.18572596538907019,0.0,0.6666666666666666,0.3333333333333333,1.0,1.0,1.0,0.0,3,-2.132733444535256,-1.6901960800285136,-3.000434077479319,0.6135979987539086,3,0.0,0.0,0.0,0.0,1
seed7_i19,7,19,19,19,gen_query.predict,6,0.5666666666666667,1,,,,,0,,,,,0,,,,,0,20.0,20.0,20.0,0.0,3,0.0,0.0,0.0,0.0,3,,,,,0,0.5555555555555556,0.6666666666666667,0.33333333333333337,0.15713484026367724,19.666666666666668,24.0,16.0,3.2998316455372216,3.0,3.0,3.0,0.0,-2.978791806927784,-2.9355072658247128,-3.000434077479319,0.030606792534529116,-1.5326824438548818,-1.1591851107329938,-2.2596731351140935,0.5141249126019575,0.024934681933469233,0.02727603889117751,0.022496720618110377,0.0019523439058827315,0.0,0.0,0.0,0.0,0.0,0.0,0.0,0.0,1.0,3,0.7083035611122853,0.7967703419379286,0.6369739754475431,0.06635250449616055,0.9621012584138132,0.9631255487269534,0.9609306409130817,0.000902021364203814,0.8832635305751767,0.8981175468552961,0.8666496310860564,0.0129068540550356,0.9975693194094347,0.9978265342867432,0.9973892689953187,0.0001866654753937933,0.17495996946289136,0.22967565563851333,0.08825307184624898,0.0620089510136403,0.03546806099562135,0.036561514033160436,0.03470098555978973,0.0007938443609961254,0.6666666666666666,0.8333333333333333,0.5,0.1360827634879543,0.5,0.7222222222222222,0.3333333333333333,0.1635511271542194,3,0.16666666666666666,0.5,0.0,0.23570226039551584,3,0.46633548652004886,0.5759719716261535,0.3983851709689643,0.07826267944574639,0.4429419563057846,0.6486404505066027,0.29500780459472586,0.15003677662740866,0.03449186348398529,0.10347559045195587,0.0,0.04877886113057331,0.19210577507813772,0.21588702499866486,0.1710175722837448,0.01841659258842048,0.7590142687161764,0.805270254611969,0.7151982188224792,0.03681220697528219,0.5669084936380386,0.5893832296133041,0.5257854908704758,0.029120284843705182,0.12557776934570736,0.14251464356978732,0.10794351249933243,0.014122217313251539,0.37756802969508696,0.5464147958490584,0.2684234182039896,0.12108691634467397,0.097592793405056,0.292778380215168,0.0,0.13801705202330575,0.0,1.0,0.0,1.0,1.0,1.0,0.0,3,-1.2378861720694523,-0.0,-2.9355072658247128,1.241724036864475,3,0.0,0.0,0.0,0.0,2
seed7_i20,7,20,20,20,append_notes.predict,0,0.6,1,,,,,0,,,,,0,,,,,0,21.0,21.0,21.0,0.0,3,0.0,0.0,0.0,0.0,3,,,,,0,0.3333333333333333,0.33333333333333337,0.33333333333333337,5.551115123125783e-17,23.666666666666668,39.0,15.0,10.873004286866728,3.0,3.0,3.0,0.0,-2.089982340565745,-1.1760912590556813,-3.000434077479319,0.7447888074713598,-0.8304518893725734,-0.5927170834612147,-1.1004880243811,0.2085511352270694,0.02743856029460985,0.031176420517774056,0.021269330514745693,0.004394790592126215,0.0,0.0,0.0,0.0,0.0,0.0,0.0,0.0,1.0,1,0.7397599032392862,0.7714025776334826,0.7069079442670905,0.02634370525899595,0.9643501179081704,0.9662921348314607,0.9633791094465252,0.0013732133356376495,0.8469764447542508,0.8721948976896471,0.8209555515276875,0.02092606957189917,0.9959621098610865,0.9965208116413135,0.9951113594230134,0.0006113418044650843,0.10721654151496458,0.11404760726059704,0.10079232005616445,0.005419089802005169,0.031611991952916085,0.032875049072407236,0.03022867680985275,0.001083718300475898,0.4444444444444444,0.6666666666666666,0.0,0.31426968052735443,0.611111111111111,0.7777777777777777,0.4444444444444444,0.16666666666666663,2,0.5,1.0,0.0,0.5,2,0.33608261454461513,0.5142683850889884,0.0,0.2377905983345242,0.5275822124449555,0.6783738093141699,0.3767906155757412,0.15079159686921437,0.050396160028082226,0.10079232005616445,0.0,0.050396160028082226,0.14668366312980652,0.1520458310842514,0.14000236988067627,0.005004418587462744,0.7260841131210327,0.7775769829750061,0.6512280106544495,0.05416269429658748,0.5794004499912262,0.6255311518907547,0.5032252222299576,0.05426288024202512,0.06667747100194295,0.10136388738950093,0.0,0.04716093085159422,0.44710838463571334,0.6047820978694491,0.28943467140197754,0.1576737132337358,0.31276557594537735,0.6255311518907547,0.0,0.31276557594537735,0.0,0.3333333333333333,0.3333333333333333,1.0,1.0,1.0,0.0,2,-1.6347564721089582,-1.1760912590556813,-2.093421685162235,0.4586652130532769,2,,,,,0
seed7_i21,7,21,21,21,gen_query.predict,1,0.4666666666666666,1,,,,,0,,,,,0,,,,,0,22.0,22.0,22.0,0.0,3,0.0,0.0,0.0,0.0,3,,,,,0,0.4444444444444445,0.6666666666666667,0.33333333333333337,0.15713484026367724,20.666666666666668,27.0,17.0,4.496912521077347,3.0,3.0,3.0,0.0,-2.510782357333631,-1.5314789170422551,-3.000434077479319,0.6924721034693471,-1.529247785650943,-0.8925356509068311,-1.9904152294506121,0.4650783777206823,0.029458456510798234,0.0324344126232308,0.024279880727762826,0.003675390924200769,0.0,0.0,0.0,0.0,0.0,0.0,0.0,0.0,1.0,2,0.7232587552544207,0.7447190927341802,0.702540882735614,0.017227183757741144,0.9641434262948207,0.9645418326693227,0.9633466135458167,0.0005634316981566005,0.8655571941306163,0.8895931849417082,0.846502325781617,0.017940907103144253,0.997610428939835,0.9978115314547993,0.9973146899472402,0.0002135882613536476,0.14229843887619553,0.16707689464824016,0.11585697893434344,0.020943481540983407,0.033467002645014156,0.03435845187164843,0.032772857277917455,0.000662180319680645,0.27777777777777773,0.8333333333333333,0.0,0.3928371006591931,0.5555555555555555,0.5555555555555555,0.5555555555555555,0.0,1,0.0,0.0,0.0,0.0,1,0.1951502452043372,0.5854507356130116,0.0,0.2759841234684087,0.470279069878676,0.470279069878676,0.470279069878676,0.0,0.0,0.0,0.0,0.0,0.19752123951911926,0.25843682885169983,0.1464604288339615,0.046242232045864834,0.690137505531311,0.7518730163574219,0.632767379283905,0.04872255215374822,0.4926162660121918,0.49810566008090973,0.48630695044994354,0.004851569552260261,0.04068345245387819,0.12205035736163457,0.0,0.05753509022443551,0.3515374329355027,0.3515374329355027,0.3515374329355027,0.0,0.0,0.0,0.0,0.0,0.0,0.3333333333333333,0.0,1.0,1.0,1.0,0.0,1,-2.9708116108725178,-2.9708116108725178,-2.9708116108725178,0.0,1,0.0,0.0,0.0,0.0,1
seed7_i22,7,22,22,22,append_notes.predict,2,0.5666666666666667,1,,,,,0,,,,,0,,,,,0,23.0,23.0,23.0,0.0,3,0.0,0.0,0.0,0.0,3,,,,,0,0.4444444444444445,0.6666666666666667,0.33333333333333337,0.15713484026367724,18.0,21.0,12.0,4.242640687119285,3.0,3.0,3.0,0.0,-2.1384691418167123,-1.0,-3.000434077479319,0.8397519699692353,-0.9634088811726048,-0.4923737515732208,-1.4338213577144334,0.3843446279489954,0.023972341627364297,0.034652260919818996,0.01115569100406593,0.009710695650900427,0.0,0.0,0.0,0.0,0.0,0.0,0.0,0.0,1.0,1,0.7289571888770197,0.7420947114048827,0.7040322468556152,0.0176332119522338,0.9688804554079696,0.9703984819734346,0.9673624288425048,0.001239463500459552,0.8118966277648999,0.8349236542653135,0.7974386492837908,0.016459097536703004,0.995914499642713,0.9964698480753099,0.995502842762606,0.0004076438522306381,0.08293943888788025,0.09417904589475246,0.06123286834071262,0.01535210405060676,0.027034044234743242,0.028140413920101248,0.026071366101875326,0.000850774221995911,0.7222222222222222,0.8333333333333333,0.6666666666666666,0.0785674201318386,0.8148148148148148,0.8888888888888888,0.7777777777777777,0.05237828008789243,3,1.0,1.0,1.0,0.0,3,0.5271989432182843,0.6184122595040689,0.4693548312370768,0.06526692412614946,0.6612280282521663,0.7140689597738624,0.6202300605540595,0.03921416917213485,0.08293943888788025,0.09417904589475246,0.06123286834071262,0.01535210405060676,0.1569450447956721,0.17615891993045807,0.13704459369182587,0.015975735125422892,0.6536456743876139,0.7447131276130676,0.5392104983329773,0.0855077794235655,0.49670062959194183,0.5870815068483353,0.40216590464115143,0.07554859726433288,0.11338734212848874,0.1313596839706103,0.09136306246121724,0.016578019245285236,0.5359730477686281,0.6619672245449489,0.4193859431478712,0.0992565338771779,0.49670062959194183,0.5870815068483353,0.40216590464115143,0.07554859726433288,0.0,0.0,1.0,1.0,1.0,1.0,0.0,3,-1.4716577826569395,-1.0,-2.4149733479708178,0.667024833032265,3,0.0,0.0,0.0,0.0,1
seed7_i23,7,23,23,23,gen_query.predict,0,0.6,1,,,,,0,,,,,0,,,,,0,24.0,24.0,24.0,0.0,3,0.0,0.0,0.0,0.0,3,,,,,0,0.5555555555555556,0.6666666666666667,0.33333333333333337,0.15713484026367724,21.666666666666668,26.0,17.0,3.6817870057290873,3.0,3.0,3.0,0.0,-2.471947167643152,-1.414973347970818,-3.000434077479319,0.7473933554269543,-1.4026275726503368,-1.2008313562690938,-1.684504173654246,0.20541746042357803,0.03449747932063379,0.03566035397478962,0.032266163642194125,0.0015782493825439838,0.0,0.0,0.0,0.0,0.0,0.0,0.0,0.0,1.0,2,0.7577160867404293,0.7853605050802908,0.7168258112673284,0.029505260688050965,0.9687423687423687,0.9695970695970696,0.9681318681318681,0.000622590905200582,0.8739670657043291,0.8921588588664714,0.8616939574261832,0.013122516984396254,0.997714599466621,0.9980960937834253,0.9974757198476875,0.00027260492667631323,0.11625097896389995,0.17533304759914303,0.0763334523458924,0.04262776652312161,0.028972230724252295,0.029343851715819325,0.028499024186355748,0.00035230016184326123,0.8333333333333334,0.8333333333333333,0.8333333333333333,1.1102230246251565e-16,0.7777777777777778,0.8888888888888888,0.7222222222222222,0.0785674201318386,3,0.6666666666666666,1.0,0.5,0.23570226039551584,3,0.631430072283691,0.6544670875669089,0.5973548427227736,0.024587717240042443,0.6790703228656924,0.7659501843788294,0.6269238305924628,0.061843280237763414,0.07084773153959871,0.08766652379957152,0.048543218473332206,0.016436303406098522,0.15998287747303644,0.2474316507577896,0.10704884678125381,0.062291163125400485,0.6765076319376627,0.7246635556221008,0.6276878118515015,0.03959296476891992,0.5165247544646263,0.5517033934593201,0.4772319048643112,0.030541727740581285,0.1333190645608637,0.206193042298158,0.0892073723177115,0.0519093026045004,0.5262094857516112,0.6019302474127876,0.4533300863371955,0.060699022356135536,0.3502129428088665,0.5517033934593201,0.2386159524321556,0.14275050982331555,0.0,0.6666666666666666,0.3333333333333333,1.0,1.0,1.0,0.0,3,-1.295195785396552,-0.6020599913279624,-2.0530784434834195,0.5941423816022866,3,0.0,0.0,0.0,0.0,3
seed7_i24,7,24,24,24,append_notes.predict,1,0.4666666666666666,0,,,,,0,,,,,0,,,,,0,25.0,25.0,25.0,0.0,3,0.0,0.0,0.0,0.0,3,,,,,0,0.6666666666666666,0.6666666666666667,0.6666666666666667,1.1102230246251565e-16,29.666666666666668,45.0,16.0,11.897712198383164,3.0,3.0,3.0,0.0,-2.8245415347586165,-2.4727564493172123,-3.000434077479319,0.24874961943590604,-1.5735225057591942,-1.3508466819780074,-1.8678594833665005,0.21706688665887056,0.030658911527180924,0.03439002245290102,0.024084220028944215,0.004663107244081208,0.0,0.0,0.0,0.0,0.0,0.0,0.0,0.0,1.0,2,0.7614900102389871,0.8034510076615232,0.7387936558859035,0.029703963137423472,0.9694512983198215,0.9700387733521325,0.9686288332745858,0.0005991093307005913,0.8170451933419627,0.8702386554468505,0.7655072313099587,0.04277244682272201,0.9961480200612239,0.997047752601668,0.9953712978290438,0.0006899148754824829,0.055555183102975615,0.07659603738317511,0.023281864140424435,0.023169325472410233,0.026696721741402585,0.027396176478374334,0.025332524476911256,0.0009647372238785999,0.7222222222222222,0.8333333333333333,0.6666666666666666,0.0785674201318386,0.648148148148148,0.7777777777777777,0.4444444444444444,0.14581496062984833,3,0.5,1.0,0.0,0.408248290463863,3,0.5522961739182981,0.6695425063846027,0.4925291039239357,0.08291093765165253,0.5287652093574279,0.6285056956005032,0.36239541923070157,0.11841528026235461,0.018891896011029363,0.033393823892663654,0.0,0.013981910543660497,0.19203920165697733,0.26391878724098206,0.1077193021774292,0.06437204797578168,0.7052113811175028,0.7766923904418945,0.654342532157898,0.05203215558162906,0.5131721794605255,0.5466232299804688,0.4801197052001953,0.027151413091846693,0.14268828928470612,0.21993232270081836,0.07181286811828613,0.060636966848872556,0.45804796836994316,0.5609445042080349,0.30426632033454043,0.11079378292319637,0.267670010526975,0.5466232299804688,0.0,0.223300577684474,0.0,0.6666666666666666,0.3333333333333333,1.0,1.0,1.0,0.0,3,-1.9682028152544941,-0.3010299956639812,-3.000434077479319,1.1899744213449297,3,0.0,0.0,0.0,0.0,1
seed7_i25,7,25,25,25,gen_query.predict,2,0.5666666666666667,1,,,,,0,,,,,0,,,,,0,26.0,26.0,26.0,0.0,3,0.0,0.0,0.0,0.0,3,,,,,0,0.4444444444444445,0.6666666666666667,0.33333333333333337,0.15713484026367724,20.666666666666668,27.0,17.0,4.496912521077347,3.0,3.0,3.0,0.0,-2.046140270067617,-0.7781512503836436,-3.000434077479319,0.9339660077872197,-1.01499249803967,-0.5604137457918624,-1.3840757239460473,0.34164979860720424,0.02928988240322844,0.035536137538151845,0.02546316687199157,0.004453973015236848,0.0,0.0,0.0,0.0,0.0,0.0,0.0,0.0,1.0,1,0.7767032023116726,0.7927903213649009,0.7662451089760606,0.011544884093235168,0.9716359575656058,0.9725293132328309,0.9711892797319933,0.0006316978503062568,0.8636543552082566,0.8674089512419658,0.8597735859062566,0.003118401377058528,0.9978920605270497,0.9981709571342401,0.9977136964178001,0.00019975306098024364,0.08695115289658421,0.09753541950048705,0.06698326454135572,0.014127934763926799,0.026256102961443872,0.02660224829711566,0.025641643901409217,0.00043564847623876757,0.5,0.8333333333333333,0.0,0.3600411499115478,0.8333333333333333,0.8888888888888888,0.7777777777777777,0.05555555555555558,2,1.0,1.0,1.0,0.0,2,0.39036289824610465,0.64256181382838,0.0,0.27992664006456236,0.7198714839599735,0.7710301788817474,0.6687127890381995,0.05115869492177394,0.08165901959463279,0.09633477464790985,0.06698326454135572,0.014675755053277062,0.20577680071194968,0.326850026845932,0.14471416175365448,0.08561277657026876,0.6737494866053263,0.7121368050575256,0.6493593454360962,0.027473539852595163,0.46797268589337665,0.5150381475687027,0.38528677821159363,0.058654164914837464,0.12318416602081722,0.27237502237161,0.0,0.11270699226881235,0.5690338810284932,0.6330104933844672,0.5050572686725192,0.06397661235597402,0.44443995505571365,0.5035931318998337,0.38528677821159363,0.059153176844120026,0.0,0.0,0.6666666666666666,1.0,1.0,1.0,0.0,2,-2.3964128834887863,-1.792391689498254,-3.000434077479319,0.6040211939905324,2,0.0,0.0,0.0,0.0,1
seed7_i26,7,26,26,26,append_notes.predict,2,0.5666666666666667,0,,,,,0,,,,,0,,,,,0,27.0,27.0,27.0,0.0,3,0.0,0.0,0.0,0.0,3,,,,,0,0.5555555555555556,0.6666666666666667,0.33333333333333337,0.15713484026367724,25.0,28.0,21.0,2.943920288775949,3.0,3.0,3.0,0.0,-2.5576553376314517,-1.6720978579357175,-3.000434077479319,0.626183699023322,-1.3383162513317677,-0.8754467891250141,-1.9803168541372953,0.46850858354941866,0.03036253447815086,0.03554344524633478,0.023705878989574086,0.004944044267643334,0.0,0.0,0.0,0.0,0.0,0.0,0.0,0.0,1.0,2,0.7678438015572814,0.7719516373502264,0.7607320966486473,0.0050488906792641374,0.9721862871927555,0.9734799482535575,0.9699223803363519,0.0016062596405509975,0.8024550172516774,0.8151080659730404,0.7836134048578011,0.013581903645108246,0.9965465638310119,0.9967863857871916,0.9962299988488547,0.00023353618608276455,0.034611215694396104,0.04791148427554359,0.012765734184830735,0.015568588789690408,0.02436027663825639,0.026864005450839668,0.023073465860497633,0.001770633544638468,0.5,0.8333333333333333,0.0,0.3600411499115478,0.75,0.7777777777777777,0.7222222222222222,0.027777777777777735,2,0.75,1.0,0.5,0.25,2,0.3831759299977467,0.6423730588941419,0.0,0.2765126206163117,0.5974440110025023,0.6289450073854818,0.565943014619523,0.031500996382979374,0.02714717568397948,0.04791148427554359,0.006382867092415367,0.020764308591564112,0.13521995147069296,0.18976141512393951,0.1042485460639,0.038684824139239044,0.6627579728762308,0.7350115776062012,0.5960062146186829,0.05688189794523099,0.527538021405538,0.5456062331795692,0.49175766855478287,0.02530094773164004,0.07318306258983082,0.12650761008262634,0.0,0.05352142448651655,0.523180325826009,0.5716756714714897,0.4746849801805284,0.048495345645480636,0.40902663953602314,0.5452501624822617,0.2728031165897846,0.13622352294623852,0.0,0.3333333333333333,0.3333333333333333,1.0,1.0,1.0,0.0,2,-2.3063071714341423,-1.6720978579357175,-2.940516484932567,0.6342093134984248,2,0.0,0.0,0.0,0.0,1
