cell,outcome,read,n,beta,se,lo,hi,mde,p,loro,ho_spear
diffbase_mean,spec_i,4.1,243,-0.005936759826150492,0.00902293761017699,-0.01997936734817543,0.017263153384984284,0.025282271183715926,0.6084,8,-0.03766171831422609
diffbase_mean,spec_i,4.2,243,-0.010551461515846423,0.00992591764386885,-0.02920124417899193,0.00969829829733785,0.027812421238120517,0.3745,8,-0.03766171831422609
diffbase_mean,sign_i,4.1,243,-0.025252910394093855,0.03598928006398574,-0.08916988947203344,0.05020893951292933,0.10084196273928804,0.6762,8,-0.0339830216857458
diffbase_mean,sign_i,4.2,243,-0.07357104576598197,0.04572975392336282,-0.14713656549474466,0.036022907930144225,0.12813477049326263,0.2274,8,-0.0339830216857458
diffbase_mean,trans_i,4.1,243,0.02710999576904679,0.01973158370961857,-0.00176245809070331,0.08295993251136564,0.055287897554351234,0.1052,8,0.10174235056871886
diffbase_mean,trans_i,4.2,243,0.02360805942383815,0.01874987239019103,-0.006014650043724699,0.06780390810134619,0.05253714243731526,0.1629,8,0.10174235056871886
diffbase_max,spec_i,4.1,243,-0.008496439829396244,0.009909235831732085,-0.02402819911891848,0.0163935627605954,0.027765678800513303,0.4581,8,-0.06597569667368645
diffbase_max,spec_i,4.2,243,-0.011947871609615072,0.015424971090264344,-0.0400799566641156,0.019790368149554555,0.043220768994920694,0.3107,8,-0.06597569667368645
diffbase_max,sign_i,4.1,243,-0.07463020880885785,0.051349576967276524,-0.17182638944077178,0.026609056123253247,0.14388151466230883,0.2239,8,-0.06763909087593002
diffbase_max,sign_i,4.2,243,-0.16345725846841722,0.07878368661499253,-0.32655931491808093,-0.020071542342724402,0.22075188989520908,0.0092,8,-0.06763909087593002
diffbase_max,trans_i,4.1,243,0.02600948523721906,0.01750957974275853,0.003378873012588365,0.08069036058473829,0.0490618424392094,0.1158,8,0.10618344945396184
diffbase_max,trans_i,4.2,243,0.014126698423184838,0.022299486145118015,-0.023628680435469247,0.0625043824130292,0.06248316017862068,0.4056,8,0.10618344945396184
diffbase_min,spec_i,4.1,243,-0.0018029569388063728,0.016828657785366956,-0.03285154063887629,0.03293802499998129,0.04715389911459821,0.8803,5,0.0044805607717383995
diffbase_min,spec_i,4.2,243,0.002147669828566256,0.020982558921512576,-0.04339281407819105,0.03910439805042257,0.05879313009807824,0.8593,4,0.0044805607717383995
diffbase_min,sign_i,4.1,243,-0.012218733395588226,0.06860366624544138,-0.14454556847557412,0.12222455401295264,0.19222747281972677,0.8512,6,0.008512879681818268
diffbase_min,sign_i,4.2,243,0.012102109606616495,0.08119141638679205,-0.14154475722954388,0.17437651893883913,0.2274983487157913,0.8493,5,0.008512879681818268
diffbase_min,trans_i,4.1,243,0.011388207265820596,0.02146005966524225,-0.02469476389610568,0.06091171959628101,0.06013108718200878,0.5216,7,0.04925323622324244
diffbase_min,trans_i,4.2,243,-0.00257245465205678,0.022825699496143166,-0.03653859000915472,0.059199157621341515,0.06395760998819315,0.8878,5,0.04925323622324244
diffbase_std,spec_i,4.1,243,-0.00848608160067729,0.012757655370595283,-0.02754400553797391,0.026298243308437927,0.03574695034840798,0.4688,8,-0.06774019894514624
diffbase_std,spec_i,4.2,243,-0.008935399451781118,0.01659058510560736,-0.03654809360081033,0.029984537915921938,0.04648681946591183,0.453,8,-0.06774019894514624
diffbase_std,sign_i,4.1,243,-0.07775217868619916,0.06130408421067375,-0.18789031067580833,0.048464384812876515,0.17177404395830786,0.2039,8,-0.07078181897504338
diffbase_std,sign_i,4.2,243,-0.11015661070117388,0.07020308670628232,-0.251431224302802,0.017909454623601457,0.19670904895100308,0.0723,8,-0.07078181897504338
diffbase_std,trans_i,4.1,243,0.020967617876218744,0.017202849604272458,-0.0012633628748785894,0.07426428256631583,0.048202384591171425,0.2115,8,0.0987593602976397
diffbase_std,trans_i,4.2,243,0.008252019754543614,0.021047784545001558,-0.037576076434311836,0.045827580812687604,0.05897589229509437,0.6267,6,0.0987593602976397
ctok_mean,spec_i,4.1,243,0.008628269763087601,0.016247827453086727,-0.027508858804486266,0.03640902661412474,0.04552641252354901,0.4543,8,0.01711495024117225
ctok_mean,spec_i,4.2,243,0.005961916456218263,0.01666501109029882,-0.03261976521180089,0.03358006635999993,0.046695361075017296,0.6084,6,0.01711495024117225
ctok_mean,sign_i,4.1,243,-0.010315287654494274,0.0770200513561346,-0.17705550401322384,0.12769532715568307,0.21581018389988915,0.8633,5,-0.029520336592963197
ctok_mean,sign_i,4.2,243,-0.02182585562301587,0.07502890163468694,-0.18256830533082422,0.1100264048469663,0.2102309823803928,0.72,5,-0.029520336592963197
ctok_mean,trans_i,4.1,243,-0.045538832716583495,0.020426460762988357,-0.08693686956993552,-0.006837112980973027,0.057234943057893374,0.0049,8,-0.1093790331437972
ctok_mean,trans_i,4.2,243,-0.048411274994022896,0.020185604884270292,-0.08751574389990932,-0.008009909950718654,0.05656006488572536,0.0034,8,-0.1093790331437972
ctok_max,spec_i,4.1,243,0.007453500886061771,0.016312906034766844,-0.029965797417563153,0.0345427014956957,0.0457087627094167,0.5178,7,0.01426252474751102
ctok_max,spec_i,4.2,243,0.005270691414192005,0.016763511648176466,-0.032812294389409837,0.03359217224498751,0.046971359638190456,0.6631,6,0.01426252474751102
ctok_max,sign_i,4.1,243,0.0216343838212317,0.07743499657231465,-0.15205774038179465,0.15709424377459738,0.21697286039562563,0.7241,6,0.007507053462983443
ctok_max,sign_i,4.2,243,0.014606035990063923,0.07400948969132207,-0.14937314667069929,0.14509940399010215,0.20737459011508444,0.8088,4,0.007507053462983443
ctok_max,trans_i,4.1,243,-0.0395871480464174,0.015129515294049753,-0.07474032244432938,-0.014307963677676082,0.04239290185392741,0.0184,8,-0.11732441722500243
ctok_max,trans_i,4.2,243,-0.04130214103193604,0.015470324493789447,-0.07436461039200033,-0.012978411668668182,0.04334784923159803,0.0134,8,-0.11732441722500243
ctok_min,spec_i,4.1,243,0.009429275422666101,0.009580799470827206,-0.008466998345294779,0.02847648938972461,0.026845400117257834,0.4175,8,0.06997316590031669
ctok_min,spec_i,4.2,243,0.007673991580015878,0.008580144135750698,-0.009527424947335474,0.022733213395598712,0.02404156386837346,0.5127,8,0.06997316590031669
ctok_min,sign_i,4.1,243,-0.012845032379056012,0.045163013348141066,-0.10681953236726571,0.07038506536981172,0.12654676340149126,0.8273,6,0.007446773982530498
ctok_min,sign_i,4.2,243,-0.03652330543438916,0.0459430287277782,-0.13111695712771557,0.04448098759762607,0.12873236649523453,0.5498,8,0.007446773982530498
ctok_min,trans_i,4.1,243,-0.0229015474082127,0.024462167253973058,-0.07809782246719321,0.01966392396348159,0.0685429926456325,0.1715,8,-0.04798483431491889
ctok_min,trans_i,4.2,243,-0.02687151685870781,0.023631466622260885,-0.0812558201858133,0.012463318556042623,0.066215369475575,0.1045,8,-0.04798483431491889
ctok_std,spec_i,4.1,243,0.00362706996625105,0.013076962859823165,-0.023374561629476535,0.027415899023348626,0.03664164993322451,0.7549,7,0.001544409578658923
ctok_std,spec_i,4.2,243,0.002487040557356713,0.013431002261804655,-0.02491492895607127,0.027735847333463206,0.03763366833757664,0.835,6,0.001544409578658923
ctok_std,sign_i,4.1,243,0.035538710136735395,0.06080350631398605,-0.08460214922982703,0.15698215052928416,0.17037142469178893,0.5573,7,0.0383499168636271
ctok_std,sign_i,4.2,243,0.04257835866297728,0.05597459411738157,-0.06491966030013252,0.15939661208058978,0.15684081271690317,0.4863,8,0.0383499168636271
ctok_std,trans_i,4.1,243,-0.021014653247388958,0.012796266324461764,-0.060258246052751895,-0.0034054039076186716,0.035855138241141865,0.2149,8,-0.04258463360018718
ctok_std,trans_i,4.2,243,-0.020727576812921235,0.014114391166792332,-0.06406058447285812,-0.0006759600295741483,0.039548524049352114,0.2142,8,-0.04258463360018718
hardworst_mean,spec_i,4.1,243,0.00017901285848045088,0.009973502975862015,-0.020482714734956785,0.018738525041778812,0.027945755338365366,0.9867,3,-0.01853517090996675
hardworst_mean,spec_i,4.2,243,0.014356256015914837,0.018624603163363257,-0.0240528963658727,0.048808999915181936,0.052186138063743844,0.2165,8,-0.01853517090996675
hardworst_mean,sign_i,4.1,243,-0.05120831028775909,0.04970801040547346,-0.14071891975877465,0.055645171370610244,0.13928184515613662,0.4023,8,-0.04967505112236767
hardworst_mean,sign_i,4.2,243,0.055442164873163884,0.08852544005253254,-0.118685372520804,0.2288463816553866,0.2480482830271962,0.3577,7,-0.04967505112236767
hardworst_mean,trans_i,4.1,243,0.0019732667452599002,0.014951345313122637,-0.028726141758795325,0.030598448651137932,0.04189366956736963,0.9051,5,0.025277922791577975
hardworst_mean,trans_i,4.2,243,0.016686030650709213,0.0302365167901511,-0.038674877507518565,0.07902914181920397,0.08472272004600338,0.3185,7,0.025277922791577975
hardworst_max,spec_i,4.1,243,0.004165476306174794,0.009081894725199791,-0.009113939397527774,0.029924762787635204,0.025447469020009814,0.7122,7,0.0002614266057199832
hardworst_max,spec_i,4.2,243,0.01887425045496583,0.027514175868424133,-0.029800584951086145,0.07736926336584228,0.07709472078332442,0.1085,8,0.0002614266057199832
hardworst_max,sign_i,4.1,243,-0.02709337921596289,0.04658248898021227,-0.129388953375124,0.05626588850528489,0.13052413412255479,0.6602,7,-0.030147043306906388
hardworst_max,sign_i,4.2,243,0.1189198514389559,0.20177686035580522,-0.20422639168268128,0.6038590289985377,0.5653787627169662,0.0521,7,-0.030147043306906388
hardworst_max,trans_i,4.1,243,-0.002587721569274515,0.015874881377490938,-0.03677316352768327,0.026574785663612835,0.04448141761972961,0.8766,6,0.013771215904712256
hardworst_max,trans_i,4.2,243,-0.024087815271882577,0.021935003693042156,-0.0683207744091839,0.017059854093966053,0.061461880347904126,0.1535,8,0.013771215904712256
hardworst_min,spec_i,4.1,243,-0.006133671510964702,0.008903131369223412,-0.02212358835520955,0.012527833589976193,0.024946574096564002,0.6116,8,0.008801521528478925
hardworst_min,spec_i,4.2,243,-0.004336849198944966,0.011409563437497952,-0.022437630618855522,0.022740295003872854,0.031969596751869264,0.727,7,0.008801521528478925
hardworst_min,sign_i,4.1,243,-0.01656117077736751,0.060956568017196615,-0.13625814990590915,0.10231981374565934,0.1708003035841849,0.777,5,-0.013143801170271276
hardworst_min,sign_i,4.2,243,0.019934977311262102,0.0837657638265069,-0.13218207012496802,0.1946236917398831,0.23471167024187234,0.7451,5,-0.013143801170271276
hardworst_min,trans_i,4.1,243,-0.016895313498656347,0.010676579790080834,-0.03675453210823362,0.004534178187620378,0.0299157765718065,0.3065,8,-0.06450303121459582
hardworst_min,trans_i,4.2,243,-0.01963477231973148,0.013695672678745984,-0.04219509061789182,0.01201806472891334,0.03837527484584625,0.2349,8,-0.06450303121459582
hardworst_std,spec_i,4.1,243,0.002439308614396096,0.010108496071312985,-0.012276735033670272,0.03161077684021348,0.028324005991818984,0.83,7,0.006872043512598007
hardworst_std,spec_i,4.2,243,0.003764150142480836,0.02060043413489421,-0.02747073799688806,0.05712125065714299,0.05772241644597358,0.7527,6,0.006872043512598007
hardworst_std,sign_i,4.1,243,-0.02937702911723569,0.06274361251385949,-0.16634574457489096,0.08040641630083906,0.1758076022638343,0.6354,7,-0.021884067209337305
hardworst_std,sign_i,4.2,243,0.030354738994491533,0.16181564766458664,-0.227178366742773,0.41981768893481985,0.4534074447561718,0.6182,6,-0.021884067209337305
hardworst_std,trans_i,4.1,243,0.003699817265571099,0.014916365013451664,-0.030226079002617704,0.029851889455656314,0.041795654767691565,0.8247,6,0.03693877156178327
hardworst_std,trans_i,4.2,243,0.0033715198191563204,0.014224084065670505,-0.026183630589046717,0.03029728744041528,0.03985588355200875,0.847,6,0.03693877156178327
hardmean_mean,spec_i,4.1,243,-0.003550242564768117,0.013287460034075493,-0.025900615413782385,0.02619024658547496,0.037231463015479534,0.7602,6,-0.04812630964216564
hardmean_mean,spec_i,4.2,243,0.00016248086511288785,0.013566442924295678,-0.024906134256728666,0.028596084536292934,0.03801317307387649,0.99,4,-0.04812630964216564
hardmean_mean,sign_i,4.1,243,-0.0754242924293724,0.05382969869125992,-0.18955794257134356,0.02146802114469011,0.1508308157329103,0.2152,8,-0.06541666697220702
hardmean_mean,sign_i,4.2,243,-0.05160419162524034,0.052294649811974556,-0.17831984403938983,0.03254685368100148,0.14652960877315271,0.4077,8,-0.06541666697220702
hardmean_mean,trans_i,4.1,243,-0.01349408089677427,0.01236933482763446,-0.04091861440758976,0.008358140586663036,0.034658876187031756,0.4063,8,-0.05091090577315796
hardmean_mean,trans_i,4.2,243,-0.021511681441049826,0.02469626299386322,-0.06442573027294374,0.03418012328239249,0.06919892890880475,0.2002,8,-0.05091090577315796
hardmean_max,spec_i,4.1,243,-0.001065845984644701,0.006438360489829627,-0.01128861132228275,0.015098155596865918,0.018040286092502616,0.9292,6,-0.023334054274250005
hardmean_max,spec_i,4.2,243,-0.014637037790836253,0.02355903412928941,-0.07161985122047713,0.024816920108673878,0.06601241363026893,0.2198,7,-0.023334054274250005
hardmean_max,sign_i,4.1,243,-0.060228984063934704,0.041606287576014644,-0.1495125569766932,0.014814095810725032,0.11658081778799304,0.3258,8,-0.0596334983002921
hardmean_max,sign_i,4.2,243,-0.07630571862165005,0.08765194271214653,-0.2596898141995098,0.08942242201158847,0.24560074347943459,0.2082,8,-0.0596334983002921
hardmean_max,trans_i,4.1,243,-0.0027020655220859934,0.015284036942032736,-0.023668980021100152,0.04258721210554846,0.04282587151157573,0.8675,5,-0.001056204742433963
hardmean_max,trans_i,4.2,243,0.012739549555352964,0.03103779550240518,-0.045029771136076965,0.07543369190155293,0.08696790299773932,0.4568,7,-0.001056204742433963
hardmean_min,spec_i,4.1,243,-0.0014094448152294258,0.01475212485449274,-0.024135010039183027,0.03712122571483833,0.04133545384228866,0.9066,3,-0.02486076420059774
hardmean_min,spec_i,4.2,243,0.01725340485189296,0.02289298283252299,-0.025628547553957808,0.0641372807947037,0.06414613789672942,0.1343,8,-0.02486076420059774
hardmean_min,sign_i,4.1,243,-0.04887646199824575,0.04498594853383504,-0.11912198842468294,0.06880258755507475,0.12605062779180579,0.4353,8,-0.03899610022024908
hardmean_min,sign_i,4.2,243,0.09057380546964891,0.11065547768891514,-0.12916727422616245,0.29834940612513305,0.3100566484843402,0.1399,8,-0.03899610022024908
hardmean_min,trans_i,4.1,243,-0.02542167062874208,0.009340563176812344,-0.05300463633567977,-0.011438649803391788,0.02617225802142819,0.1279,8,-0.07418330651666191
hardmean_min,trans_i,4.2,243,-0.04537672475264978,0.02809921757107894,-0.08886352854191129,0.028796895653715324,0.07873400763416319,0.0094,8,-0.07418330651666191
hardmean_std,spec_i,4.1,243,-0.00100344040044106,0.012740062856525477,-0.034867767543232446,0.018172791175005268,0.035697656123984386,0.9314,5,-0.0020827137089518347
hardmean_std,spec_i,4.2,243,-0.015106524621875134,0.014440112632821016,-0.049212325628636144,0.010358596841996739,0.04046119559716449,0.1932,8,-0.0020827137089518347
hardmean_std,sign_i,4.1,243,-0.00835750298754476,0.05032306477596914,-0.11682737109974149,0.08375920820305971,0.14100522750226552,0.8944,6,0.003513962426391116
hardmean_std,sign_i,4.2,243,-0.08028744188506466,0.0632177547728899,-0.21390294562775972,0.037153569071906395,0.17713614887363752,0.1852,8,0.003513962426391116
hardmean_std,trans_i,4.1,243,0.02345973418201508,0.01033018355233294,0.008253468365850298,0.05200321269878048,0.0289451743136369,0.1638,8,0.08950134113150195
hardmean_std,trans_i,4.2,243,0.02559553751913444,0.023976262081484172,-0.024863115502642877,0.06833989528975076,0.06718148635231865,0.1263,8,0.08950134113150195
repr_mean,spec_i,4.1,243,0.015382584508612174,0.01014817090605161,-0.004300945286737663,0.03575822543527693,0.028435174878756613,0.188,8,0.07960951943903061
repr_mean,spec_i,4.2,243,0.013123739984876186,0.010556292959626531,-0.0067682593031705976,0.033787356025818276,0.02957873287287354,0.2581,8,0.07960951943903061
repr_mean,sign_i,4.1,243,0.09173358720915212,0.06209211537425976,-0.02916145522525662,0.21608374619515508,0.17398210727867586,0.1314,8,0.08478203036184032
repr_mean,sign_i,4.2,243,0.083226969332028,0.06186429394017251,-0.032731771467098464,0.2107598933252709,0.17334375162036336,0.1762,8,0.08478203036184032
repr_mean,trans_i,4.1,243,-0.04618104517142976,0.02278490738248451,-0.08801858832969,0.0012500432102370285,0.0638433104857216,0.0058,8,-0.14372903146218807
repr_mean,trans_i,4.2,243,-0.04939220680978436,0.02122744917941912,-0.09155915877772013,-0.00845961069427207,0.05947931260073238,0.0032,8,-0.14372903146218807
repr_max,spec_i,4.1,243,-0.00539778727232378,0.015719207122615413,-0.034950943800939105,0.02630373636827272,0.04404521835756839,0.6413,6,-0.015147226510695957
repr_max,spec_i,4.2,243,-0.009575746440528596,0.014965782090693389,-0.03837632757324775,0.019768602985952205,0.041934121418122874,0.413,8,-0.015147226510695957
repr_max,sign_i,4.1,243,-0.02892952457064582,0.09702269920247375,-0.19818231915623338,0.18051526739110083,0.2718576031653315,0.6375,5,-0.012164812614378788
repr_max,sign_i,4.2,243,-0.05035934174222554,0.09349733248231942,-0.21199011103224644,0.15328873928995815,0.261979525615459,0.4098,8,-0.012164812614378788
repr_max,trans_i,4.1,243,-0.021499924812337142,0.02118211137360824,-0.07311124864347103,0.012178813071611689,0.059352276068850296,0.1896,8,-0.03893085165449764
repr_max,trans_i,4.2,243,-0.024053809623521404,0.022131232615902236,-0.08238485611363142,0.008534387767567268,0.06201171378975807,0.1502,8,-0.03893085165449764
repr_min,spec_i,4.1,243,0.01915151289483354,0.004112587890614795,0.012362157850854259,0.02878196546562955,0.011523471269502655,0.0994,8,0.12025495148187379
repr_min,spec_i,4.2,243,0.017709625227444743,0.005392405683140461,0.008782544096270195,0.030255127166673123,0.015109520724159572,0.1304,8,0.12025495148187379
repr_min,sign_i,4.1,243,0.1225076575155433,0.02239611709114001,0.08437266394941063,0.1744888448399958,0.0627539200893743,0.0466,8,0.11841969024021959
repr_min,sign_i,4.2,243,0.11668456009827428,0.02526494968197989,0.07983430223945073,0.18688770238646044,0.07079238900890765,0.0602,8,0.11841969024021959
repr_min,trans_i,4.1,243,-0.03854126419855529,0.019997066102755517,-0.0738869935735605,0.005530117075394472,0.05603177921992096,0.0193,8,-0.16636052522651928
repr_min,trans_i,4.2,243,-0.03958713457361404,0.01837798415769697,-0.07139942696577417,0.0025332246782457635,0.05149511160986691,0.0182,8,-0.16636052522651928
repr_std,spec_i,4.1,243,-0.019829982979690967,0.011907696170259883,-0.04531061356411999,0.0017023586201684383,0.03336536466906819,0.0881,8,-0.10952665930248204
repr_std,spec_i,4.2,243,-0.021129272280776004,0.01077912308462561,-0.046956805600052116,-0.0035493235082505333,0.03020310288312096,0.0704,8,-0.10952665930248204
repr_std,sign_i,4.1,243,-0.12223353108235403,0.07440804148748847,-0.25435143375661207,0.03904743972362213,0.2084913322479427,0.0409,8,-0.11410538819684171
repr_std,sign_i,4.2,243,-0.13026222011478913,0.06835661258137693,-0.25699582992545494,0.00993205881145374,0.19153522845301815,0.0305,8,-0.11410538819684171
repr_std,trans_i,4.1,243,0.013350148469598977,0.015431801712418099,-0.023664096713197864,0.038362509031667436,0.04323990839819551,0.4216,8,0.0759558087382824
repr_std,trans_i,4.2,243,0.01245156018701946,0.016593397573030744,-0.025438028215107062,0.04020930533446969,0.04649469999963214,0.4608,8,0.0759558087382824
hard_censored_n,spec_i,4.1,243,0.013754874959212102,0.014436386814749593,-0.021073171832574112,0.03711945600765546,0.04045075585492836,0.2283,8,0.10956036078653328
hard_censored_n,spec_i,4.2,243,0.03432773180570313,0.016982712961811343,-0.003113814883373436,0.06388361705605222,0.04758556171899538,0.0033,8,0.10956036078653328
hard_censored_n,sign_i,4.1,243,0.10397371399242716,0.05935831232466071,-0.011834921322411434,0.22030107891530562,0.1663219911336993,0.0824,8,0.09630959149819962
hard_censored_n,sign_i,4.2,243,0.13182025928695812,0.08004697029184649,-0.025265335095325147,0.2885831020136289,0.22429161075775386,0.032,8,0.09630959149819962
hard_censored_n,trans_i,4.1,243,0.0026962005894408565,0.01369701908846883,-0.022697315809633897,0.030987440885763554,0.03837904748588966,0.867,5,-0.014022137956918056
hard_censored_n,trans_i,4.2,243,-0.013601437683826816,0.018751888362975287,-0.048960585719605085,0.024742844673789687,0.052542791193056756,0.4099,8,-0.014022137956918056
knn_fb_mean,spec_i,4.1,235,0.014787203596009817,0.019542452497536552,-0.024419489232251283,0.05195202242483439,0.05475795189809742,0.2081,8,0.1116355192925236
knn_fb_mean,spec_i,4.2,235,0.01779386665808351,0.018214545583593443,-0.019160333256969846,0.05191010533386835,0.05103715672522883,0.1344,8,0.1116355192925236
knn_fb_mean,sign_i,4.1,235,-0.007346670488261452,0.07280924648125532,-0.1464167700832812,0.13675702440531115,0.2040115086404774,0.9064,5,0.1471867771051183
knn_fb_mean,sign_i,4.2,235,0.017207686175388624,0.06852955055667233,-0.10925239427518973,0.15951180955694633,0.19201980065979588,0.7735,6,0.1471867771051183
knn_fb_mean,trans_i,4.1,235,-0.014639751357212008,0.020104902068823084,-0.054177670649667616,0.02296203607504773,0.05633393559684228,0.3889,8,-0.09012081185140594
knn_fb_mean,trans_i,4.2,235,-0.01732762800834546,0.023247312579365454,-0.062068414149422005,0.02729632206574324,0.065138969847382,0.3158,8,-0.09012081185140594
knn_fb_max,spec_i,4.1,235,0.008921692930192574,0.017606173490189076,-0.023763424139588284,0.04442173034136219,0.04933249811950979,0.4556,7,0.06213245802715046
knn_fb_max,spec_i,4.2,235,0.011935418066664599,0.016254446587187513,-0.01871140347188251,0.04438522549665012,0.045544959337299414,0.3247,7,0.06213245802715046
knn_fb_max,sign_i,4.1,235,-0.022646381489275412,0.06460661286740718,-0.14421166591534437,0.10910212110549324,0.18102772925447494,0.7069,6,0.10122320764581104
knn_fb_max,sign_i,4.2,235,0.0019793061394010394,0.06108325712342441,-0.10191145801552548,0.14035991396499825,0.17115528645983522,0.9737,5,0.10122320764581104
knn_fb_max,trans_i,4.1,235,-0.013371258662973898,0.02075338519601984,-0.05229550488439257,0.028496001907734634,0.05815098531924759,0.4346,8,-0.08665321947288346
knn_fb_max,trans_i,4.2,235,-0.016931215006927614,0.023944907603237857,-0.06269645011414816,0.03087518009245886,0.06709363110427248,0.3233,8,-0.08665321947288346
knn_fb_min,spec_i,4.1,235,0.020644725515794965,0.01928767973731334,-0.0174437713146577,0.05714308187662287,0.05404407862395198,0.0851,8,0.12425596272753255
knn_fb_min,spec_i,4.2,235,0.02307853178871799,0.018096574709781297,-0.014071173048962321,0.057138019526639945,0.0507066023368072,0.0515,8,0.12425596272753255
knn_fb_min,sign_i,4.1,235,0.027153728345261807,0.07835647039572913,-0.12364444805820152,0.17607331650895483,0.21955483004883303,0.6644,6,0.13629582313107844
knn_fb_min,sign_i,4.2,235,0.04700170933869038,0.07090367289286309,-0.09255461116634583,0.18315004362654544,0.1986720914458024,0.4559,7,0.13629582313107844
knn_fb_min,trans_i,4.1,235,-0.01962513204933343,0.02424705917256105,-0.07742762327949591,0.019261838606259053,0.06794025980151606,0.2522,7,-0.08839510705947386
knn_fb_min,trans_i,4.2,235,-0.020965047081519538,0.025301214719569174,-0.07530937736423092,0.023128337689227074,0.07089400364423283,0.2246,8,-0.08839510705947386
knn_fb_std,spec_i,4.1,235,-0.014779544037415724,0.005855152302382907,-0.024916441016149645,-0.0019334673558829606,0.016406136751276904,0.212,8,-0.0013135105405836858
knn_fb_std,spec_i,4.2,235,-0.013945892900682481,0.006685781835606551,-0.026479279614325345,-0.0001980717041911541,0.018733560703369557,0.235,8,-0.0013135105405836858
knn_fb_std,sign_i,4.1,235,-0.059102452034294574,0.03098797713885622,-0.11257221182569425,0.011771425553238877,0.08682831194307514,0.3416,8,0.03563176352295938
knn_fb_std,sign_i,4.2,235,-0.05310896539512704,0.0356733212168494,-0.119273456876028,0.0200813077197841,0.09995664604961202,0.3918,8,0.03563176352295938
knn_fb_std,trans_i,4.1,235,0.0010887954351421433,0.019940699700007582,-0.031540902571613114,0.04753882476403532,0.055873840559421246,0.9497,5,-0.06601741635623697
knn_fb_std,trans_i,4.2,235,-0.0005913302896257773,0.01832242525652489,-0.03292112338292977,0.03954712478477515,0.051339435568782746,0.9715,4,-0.06601741635623697
ncd_fb_mean,spec_i,4.1,235,0.010906893437222759,0.017424788362009516,-0.023718974411540635,0.04454024810638117,0.048824256990350666,0.3508,7,0.07919615035461965
ncd_fb_mean,spec_i,4.2,235,0.013492653392658207,0.016319942061205215,-0.018971828105130956,0.04477394789242458,0.045728477655497014,0.2619,8,0.07919615035461965
ncd_fb_mean,sign_i,4.1,235,-0.03365298778284879,0.06834495377811965,-0.1567944720680759,0.11024278696527486,0.19150256048629127,0.5859,7,0.11988701544868194
ncd_fb_mean,sign_i,4.2,235,-0.011998546369566545,0.06593669726456679,-0.11878906823638195,0.1445612027597554,0.18475462573531615,0.8431,6,0.11988701544868194
ncd_fb_mean,trans_i,4.1,235,-0.0017811203671803575,0.02054079342157715,-0.03925985667047553,0.041153764396472926,0.057555303167259174,0.9205,5,-0.0717287950685146
ncd_fb_mean,trans_i,4.2,235,-0.002831694339967945,0.02348589438485715,-0.04756567228374452,0.043595022572063866,0.06580747606636973,0.8737,4,-0.0717287950685146
ncd_fb_max,spec_i,4.1,235,0.010511865512059668,0.01727459919622672,-0.024043306506623327,0.043113891955739315,0.048403426947827274,0.3773,7,0.07988120563180323
ncd_fb_max,spec_i,4.2,235,0.01305842312146734,0.016095776472424963,-0.019239183745125035,0.043806825946874274,0.04510036567573475,0.2716,8,0.07988120563180323
ncd_fb_max,sign_i,4.1,235,-0.03415605691207008,0.06849728510344046,-0.15945190208786741,0.10688282689187542,0.19192939285984015,0.5849,7,0.11963436114065826
ncd_fb_max,sign_i,4.2,235,-0.012718186225703436,0.06583500620797479,-0.12198057054931896,0.14061478379273692,0.18446968739474537,0.8429,6,0.11963436114065826
ncd_fb_max,trans_i,4.1,235,-0.0005563317098256676,0.020672145391653116,-0.037570594446380036,0.04337723513563089,0.05792335138741203,0.9758,3,-0.07186477312024026
ncd_fb_max,trans_i,4.2,235,-0.0016665814646824888,0.023633654628972923,-0.04581435808080445,0.04643549027867973,0.06622150027038214,0.922,4,-0.07186477312024026
ncd_fb_min,spec_i,4.1,235,0.011650484603374218,0.017691698708501333,-0.023255414380696893,0.04612119788557876,0.049572139781220735,0.3189,7,0.08813223426932572
ncd_fb_min,spec_i,4.2,235,0.014265792314153166,0.016677798983324825,-0.018596502126169253,0.04648954499528968,0.04673119275127616,0.2251,8,0.08813223426932572
ncd_fb_min,sign_i,4.1,235,-0.032335777738055294,0.06795370895334463,-0.15269916018457463,0.11199284156670639,0.19040629248727164,0.6076,7,0.12754611895581525
ncd_fb_min,sign_i,4.2,235,-0.010707163170044208,0.0658908320934272,-0.11715295198974776,0.14515679443740134,0.18462611152578304,0.8717,5,0.12754611895581525
ncd_fb_min,trans_i,4.1,235,-0.002327772223533137,0.020354656421801214,-0.03955840289657541,0.040283735589922494,0.057033747293887,0.8994,5,-0.07844622852045643
ncd_fb_min,trans_i,4.2,235,-0.003299200478352746,0.023295155888316144,-0.04748648183358075,0.04277835360417151,0.06527302679906184,0.8513,4,-0.07844622852045643
ncd_fb_std,spec_i,4.1,235,-0.018036541863926454,0.02107070816445859,-0.06636815105406468,0.016773388052772256,0.05904012427681297,0.1272,8,-0.0711110325033604
ncd_fb_std,spec_i,4.2,235,-0.020580122157271813,0.021383318147904996,-0.07004634134489318,0.014991165737584489,0.0599160574504298,0.0848,8,-0.0711110325033604
ncd_fb_std,sign_i,4.1,235,0.008331379239584005,0.06795037590946242,-0.16577183802757017,0.1085518217172708,0.1903969532983137,0.8886,5,-0.06124140175561241
ncd_fb_std,sign_i,4.2,235,-0.00841539027165756,0.06956311611340042,-0.19356089850807429,0.09419285726220723,0.19491585134974798,0.8938,6,-0.06124140175561241
ncd_fb_std,trans_i,4.1,235,0.018589369740587256,0.019608985726661088,-0.008836648305947624,0.07759018533458495,0.05494437800610437,0.2847,8,0.0754726361745807
ncd_fb_std,trans_i,4.2,235,0.018033422626530807,0.021829202767690747,-0.011668011729711915,0.0851036991578515,0.06116542615506947,0.2971,7,0.0754726361745807
knn_full_mean,spec_i,4.1,235,-0.0029689527101224213,0.015401646446700046,-0.031563679555330765,0.028536525070407034,0.04315541334365353,0.8015,5,0.00936735995116644
knn_full_mean,spec_i,4.2,235,-0.0011720376984510647,0.015412461927493099,-0.030395598378223115,0.029488971498073703,0.04318571832083566,0.9191,4,0.00936735995116644
knn_full_mean,sign_i,4.1,235,-0.06171650426177907,0.07172249611631312,-0.18272507905976734,0.09907948276380919,0.20096643411790938,0.3161,8,-0.016283058194163147
knn_full_mean,sign_i,4.2,235,-0.047688365568478094,0.07157553886943573,-0.1752751691038555,0.10636691998064544,0.2005546599121589,0.4363,8,-0.016283058194163147
knn_full_mean,trans_i,4.1,235,-0.014193049322992743,0.022845088010914432,-0.05777223750161872,0.030326701372087338,0.06401193660658223,0.405,7,-0.05345444363045769
knn_full_mean,trans_i,4.2,235,-0.011791342847243126,0.02489312986632614,-0.06046189850984473,0.03704914676415993,0.06975054988544584,0.4902,7,-0.05345444363045769
knn_full_max,spec_i,4.1,235,-0.008075825023024513,0.016746822130349847,-0.03983647564074488,0.025110564241629614,0.04692459560924027,0.4892,7,-0.0012667563880729704
knn_full_max,spec_i,4.2,235,-0.006690131002412729,0.01623048538664239,-0.03728517633342766,0.02569171277608858,0.04547782005337198,0.5745,7,-0.0012667563880729704
knn_full_max,sign_i,4.1,235,-0.08078299885942049,0.08022666557077088,-0.21671420978793957,0.09901348737010396,0.22479511692930002,0.1829,8,-0.02965725019961139
knn_full_max,sign_i,4.2,235,-0.06917623209226798,0.07878240162864257,-0.20810960499089506,0.10140606952099496,0.22074828936345647,0.2634,8,-0.02965725019961139
knn_full_max,trans_i,4.1,235,-0.015460556695991546,0.022269364089172922,-0.06251326248484884,0.024714140072211115,0.06239875817786253,0.3576,7,-0.07765536872477297
knn_full_max,trans_i,4.2,235,-0.015106861490909236,0.024061274898709937,-0.06615109400095832,0.028234630569954136,0.06741969226618524,0.3826,7,-0.07765536872477297
knn_full_min,spec_i,4.1,235,-0.0013355702330770831,0.013074952141977458,-0.025408932152545277,0.025258525821142266,0.03663601590182084,0.9095,4,0.006906208721935937
knn_full_min,spec_i,4.2,235,-0.00016860876160132215,0.013418173644219681,-0.025473766817799025,0.026936511526765954,0.037597722551103545,0.9876,3,0.006906208721935937
knn_full_min,sign_i,4.1,235,-0.03976263979916473,0.06228526643093594,-0.14655316225191223,0.10005744625699112,0.1745233165394825,0.5103,8,-0.008610632795242348
knn_full_min,sign_i,4.2,235,-0.029212945550646734,0.061418436539496656,-0.1429048051451877,0.09980723100002467,0.17209445918366964,0.6375,8,-0.008610632795242348
knn_full_min,trans_i,4.1,235,-0.010442356739162965,0.02257185579154281,-0.05706074124988399,0.03127417339427756,0.06324633992790295,0.5392,7,-0.04570465413127171
knn_full_min,trans_i,4.2,235,-0.006445707092048902,0.024832484745515627,-0.056520712102353786,0.04049650287536143,0.06958062225693479,0.7089,6,-0.04570465413127171
knn_full_std,spec_i,4.1,235,-0.012824484099062367,0.007409187858512514,-0.02506045864684688,0.005258466671944635,0.020760544379552066,0.2706,8,-0.034279234045723556
knn_full_std,spec_i,4.2,235,-0.013579910824390745,0.008074945732823064,-0.025602416923968266,0.008191284510808123,0.022625997943370228,0.2514,8,-0.034279234045723556
knn_full_std,sign_i,4.1,235,-0.05856628711283344,0.04482084827788933,-0.15177084512209268,0.02433444906564726,0.1255880168746459,0.3368,8,-0.03911677561433163
knn_full_std,sign_i,4.2,235,-0.06449473676714021,0.0390245273186327,-0.14176750155725001,0.011532230612496593,0.10934672554680883,0.2938,8,-0.03911677561433163
knn_full_std,trans_i,4.1,235,0.006812506078599859,0.01358807574568973,-0.01968380307598347,0.033102130267326876,0.038073788239422625,0.6961,7,-0.03212498430135569
knn_full_std,trans_i,4.2,235,-7.968901959111516e-05,0.01624978387581139,-0.031704133167007056,0.03208730715483577,0.04553189442002351,0.9975,4,-0.03212498430135569
ncd_full_mean,spec_i,4.1,235,0.0003812961977466869,0.01550207441518406,-0.028278317636784824,0.03169936224883499,0.043436812511345735,0.9745,5,0.07464092602556745
ncd_full_mean,spec_i,4.2,235,0.0027465217491500875,0.014121820137256092,-0.023736643603641333,0.031527866491657126,0.03956934002459157,0.8205,6,0.07464092602556745
ncd_full_mean,sign_i,4.1,235,-0.04500868884533564,0.06994744327401686,-0.16827281668356772,0.10694422758880696,0.19599273605379525,0.4766,8,0.09140928000738674
ncd_full_mean,sign_i,4.2,235,-0.023600372834606868,0.06849513664412743,-0.1490928056514233,0.1181104642836409,0.19192337287684505,0.7121,6,0.09140928000738674
ncd_full_mean,trans_i,4.1,235,-0.006419520688386533,0.023529779010773196,-0.051369809553622664,0.04027639417175715,0.0659304407881865,0.7005,6,-0.07922059491037771
ncd_full_mean,trans_i,4.2,235,-0.007211701160603295,0.026013026182620257,-0.05662883325859113,0.0454309992895616,0.07288849936370197,0.6808,5,-0.07922059491037771
ncd_full_max,spec_i,4.1,235,-0.0007475396813449764,0.015360622779541902,-0.028645455290172074,0.0311142061609661,0.04304046502827641,0.9501,3,0.07434948224006044
ncd_full_max,spec_i,4.2,235,0.0016507947123605856,0.014044633479662784,-0.0241264704436597,0.03079391610321828,0.03935306301001512,0.8889,6,0.07434948224006044
ncd_full_max,sign_i,4.1,235,-0.046125026433763164,0.0732801637407772,-0.17320849701270652,0.11581549356710169,0.20533101880165772,0.4596,8,0.08874820443441159
ncd_full_max,sign_i,4.2,235,-0.02467120764818563,0.07230214255807967,-0.15349996933460955,0.12731311436023557,0.20259060344773921,0.687,6,0.08874820443441159
ncd_full_max,trans_i,4.1,235,-0.007580947623662047,0.023528601063415533,-0.05081084027635809,0.039956654639822745,0.06592714017969033,0.6558,6,-0.0884614847333634
ncd_full_max,trans_i,4.2,235,-0.008440917836482983,0.026003729113897492,-0.05677095374697887,0.04541998618059215,0.07286244897714077,0.6244,6,-0.0884614847333634
ncd_full_min,spec_i,4.1,235,0.0010084198185129729,0.01539283272919295,-0.02783446454251686,0.03205096362981637,0.04313071730719865,0.9349,5,0.06187216759854889
ncd_full_min,spec_i,4.2,235,0.0032296027666727676,0.014052573703009203,-0.023115380797349552,0.03152022602781983,0.03937531151583179,0.7878,6,0.06187216759854889
ncd_full_min,sign_i,4.1,235,-0.04266738520403239,0.06891009583046234,-0.16484590654732917,0.10589532485598765,0.1930860885169555,0.501,8,0.07566833319860072
ncd_full_min,sign_i,4.2,235,-0.02224420095440736,0.0670704470924772,-0.14514504014080185,0.11721088098054282,0.18793139275312112,0.7155,6,0.07566833319860072
ncd_full_min,trans_i,4.1,235,-0.007079974233065584,0.02396141437765302,-0.0522902820831807,0.04148587680711251,0.06713988308618377,0.6747,5,-0.06635113017360764
ncd_full_min,trans_i,4.2,235,-0.007842869106169097,0.02663608332104348,-0.05852043461109846,0.04567820057229448,0.07463430546556384,0.6482,5,-0.06635113017360764
ncd_full_std,spec_i,4.1,235,-0.002493043829040531,0.014214337770215203,-0.02846144435848967,0.026344639298411004,0.039828574432143,0.8317,5,-0.010339269612306946
ncd_full_std,spec_i,4.2,235,-0.004404486390829204,0.013039281533660926,-0.028093515308950996,0.023019094664731565,0.03653606685731792,0.7055,6,-0.010339269612306946
ncd_full_std,sign_i,4.1,235,0.04683737213982777,0.057375287182927684,-0.08083434459786792,0.14766037086972467,0.16076555468656337,0.4437,8,-0.02300268992174271
ncd_full_std,sign_i,4.2,235,0.02881984082899516,0.05362504758322017,-0.08193140118715997,0.12686473160844947,0.15025738332818292,0.6415,8,-0.02300268992174271
ncd_full_std,trans_i,4.1,235,0.009052624510943673,0.02420097961743763,-0.039091144956912655,0.05559940722183107,0.06781114488806024,0.5823,6,0.039435610358842375
ncd_full_std,trans_i,4.2,235,0.009447425932074392,0.026940530886646937,-0.04508874943270728,0.06104362311102003,0.07548736754438472,0.578,6,0.039435610358842375
knn_delta_mean,spec_i,4.1,235,-0.017805339160867444,0.012395044453044969,-0.045695428012419076,0.003331845679468437,0.034730914557432005,0.133,8,-0.06838823428073121
knn_delta_mean,spec_i,4.2,235,-0.018715870762860385,0.013578442269862864,-0.052077818758165494,0.0034054023574593677,0.038046795240155744,0.112,8,-0.06838823428073121
knn_delta_mean,sign_i,4.1,235,-0.06692088708560213,0.03674986653480143,-0.1514594092879687,-0.005448286347404771,0.10297312603051362,0.2681,8,-0.126130368793795
knn_delta_mean,sign_i,4.2,235,-0.07464235605875245,0.04196265780212834,-0.1803494794920044,-0.008575049650669447,0.11757936716156361,0.2235,8,-0.126130368793795
knn_delta_mean,trans_i,4.1,235,-0.0014634710674163807,0.01459915680822516,-0.02364298660152281,0.037097330982613204,0.0409068373766469,0.9253,3,0.06269825330084824
knn_delta_mean,trans_i,4.2,235,0.003530064246041604,0.014996411886202729,-0.019147197796662425,0.04270086372749719,0.042019946105140045,0.8397,6,0.06269825330084824
knn_delta_max,spec_i,4.1,235,-0.020374952918725254,0.013546433613032297,-0.04928729622702514,0.0036670049138257544,0.037957106983716495,0.0819,8,-0.07713804590482154
knn_delta_max,spec_i,4.2,235,-0.021377119970375585,0.014312334144323735,-0.05244733539946493,0.003581517413984284,0.040103160272395105,0.0688,8,-0.07713804590482154
knn_delta_max,sign_i,4.1,235,-0.07360639478925818,0.0466964867794251,-0.16061589092616207,0.020215814613175412,0.13084355595594915,0.2335,8,-0.12927119521320599
knn_delta_max,sign_i,4.2,235,-0.08202084170487076,0.05039251532954217,-0.18683097972099766,0.010195009089218927,0.14119982795337715,0.1849,8,-0.12927119521320599
knn_delta_max,trans_i,4.1,235,0.0005826039913940581,0.013579748133602191,-0.020929423874027867,0.03445674144400607,0.03805045427035334,0.9736,5,0.05330238529180884
knn_delta_max,trans_i,4.2,235,0.004658461867772761,0.01438059931615784,-0.018633670964979546,0.04000996068021914,0.04029443928387427,0.7877,6,0.05330238529180884
knn_delta_min,spec_i,4.1,235,-0.011523419879284867,0.011195330910167016,-0.040880060590397824,0.005252201355508331,0.03136931721028798,0.3318,8,-0.07299172338208233
knn_delta_min,spec_i,4.2,235,-0.011817079982452645,0.012058455198354022,-0.04651755005861914,0.005300426949676434,0.03378779146578797,0.32,8,-0.07299172338208233
knn_delta_min,sign_i,4.1,235,-0.05306559832997214,0.035977783764665774,-0.12340180179680513,0.016183759618348028,0.1008097501085935,0.3875,8,-0.13441140835991253
knn_delta_min,sign_i,4.2,235,-0.05576512842184481,0.03704749423254828,-0.13042851188415336,0.014162370537513897,0.10380707883960028,0.3658,8,-0.13441140835991253
knn_delta_min,trans_i,4.1,235,-0.0058200851124253486,0.016004924449966807,-0.0307741667091203,0.03391535808417191,0.04484579830880699,0.7333,6,0.06393581298106002
knn_delta_min,trans_i,4.2,235,-0.0012076651042181048,0.01599532550367447,-0.024544662167858854,0.042483127801709715,0.04481890206129587,0.9417,3,0.06393581298106002
knn_delta_std,spec_i,4.1,235,-0.012318714596084714,0.008202074898375855,-0.028852816899377052,0.0032308918649224584,0.022982213865249145,0.302,8,-0.02627383965594954
knn_delta_std,spec_i,4.2,235,-0.013495346081746613,0.007488258601864138,-0.030470123294296114,-0.0007095819625338006,0.020982100602423313,0.2489,8,-0.02627383965594954
knn_delta_std,sign_i,4.1,235,-0.03117367467143209,0.05262087234130287,-0.13951593061512688,0.0650710109202841,0.14744368430033064,0.6095,7,-0.004851847007918759
knn_delta_std,sign_i,4.2,235,-0.03984916466568872,0.053018149572565634,-0.16559259864583492,0.04726331093322254,0.1485568551023289,0.5173,8,-0.004851847007918759
knn_delta_std,trans_i,4.1,235,0.012159695603862453,0.014781872754757256,-0.01100175358589699,0.04908325848070797,0.04141880745882983,0.4756,7,0.00635275467197087
knn_delta_std,trans_i,4.2,235,0.010906769234793792,0.014412045670086549,-0.010960941198237921,0.046675942612273494,0.04038255196758251,0.5299,7,0.00635275467197087
ncd_delta_mean,spec_i,4.1,235,-0.01367765963860972,0.017621305662318062,-0.04735687606497238,0.021439126895634618,0.04937489846581521,0.2465,8,-0.07960213257128912
ncd_delta_mean,spec_i,4.2,235,-0.016172787295913104,0.016666940346386883,-0.04804488395102621,0.01704339804251925,0.046700766850576045,0.1736,8,-0.07960213257128912
ncd_delta_mean,sign_i,4.1,235,0.028567473806241625,0.06739063349521265,-0.11148875094949691,0.15004664107109006,0.18882855505358587,0.6432,7,-0.11873751967877431
ncd_delta_mean,sign_i,4.2,235,0.007948300828587175,0.06485651924460621,-0.14255013063097435,0.11238258227458392,0.1817279669233866,0.901,6,-0.11873751967877431
ncd_delta_mean,trans_i,4.1,235,0.0005324439378535011,0.018849831678560365,-0.039299685125207255,0.03422952854580546,0.05281722836332614,0.9775,3,0.0629063818759967
ncd_delta_mean,trans_i,4.2,235,0.0016213496322523373,0.02179539550660456,-0.042512417835587735,0.04220898183367014,0.061070698209505975,0.9249,4,0.0629063818759967
ncd_delta_max,spec_i,4.1,235,-0.015364202502749905,0.017965422838233748,-0.049515018995585636,0.02061493877265562,0.05033911479273096,0.1949,8,-0.07702892685771379
ncd_delta_max,spec_i,4.2,235,-0.0179435529375907,0.01701193622067146,-0.05051811788940532,0.015997214783948884,0.04766744529032143,0.1324,8,-0.07702892685771379
ncd_delta_max,sign_i,4.1,235,0.023844902665160442,0.06789837506091345,-0.11611275634217731,0.14837267435502186,0.1902512469206795,0.6985,7,-0.11974412660521833
ncd_delta_max,sign_i,4.2,235,0.00291308481411128,0.06534947981782588,-0.14649006178794888,0.1112338018595297,0.18310924244954813,0.9641,2,-0.11974412660521833
ncd_delta_max,trans_i,4.1,235,0.000787520070145415,0.018642355783208334,-0.03989980810242719,0.03331224609657873,0.05223588090454975,0.9641,4,0.06640124953056047
ncd_delta_max,trans_i,4.2,235,0.0020101499965597203,0.021610475765841474,-0.041630505625749915,0.042146680416589206,0.060552553095887814,0.9051,4,0.06640124953056047
ncd_delta_min,spec_i,4.1,235,-0.013173828059243248,0.017393609731405617,-0.04686259181556925,0.02104776494278768,0.04873689446739854,0.2626,8,-0.08266263904423451
ncd_delta_min,spec_i,4.2,235,-0.0156541417492362,0.01635433540310592,-0.047285764376272334,0.016369943198502095,0.04582484779950279,0.1903,8,-0.08266263904423451
ncd_delta_min,sign_i,4.1,235,0.028506900962077492,0.0673553183031558,-0.11305262730191605,0.14910970131624177,0.18872960188544258,0.6578,7,-0.12343808599624088
ncd_delta_min,sign_i,4.2,235,0.007981801654401086,0.06448514938590516,-0.143629299114092,0.1118058680272678,0.18068738857930627,0.8966,5,-0.12343808599624088
ncd_delta_min,trans_i,4.1,235,0.00017436441784314093,0.01862494949246795,-0.03914688317210551,0.033376395361465805,0.0521871084778952,0.9916,3,0.06356966847054212
ncd_delta_min,trans_i,4.2,235,0.0013208600720456202,0.02146261064432108,-0.041995796061689655,0.04164083559113527,0.06013823502538766,0.9383,4,0.06356966847054212
ncd_delta_std,spec_i,4.1,235,-0.0246188631750347,0.01954835271990313,-0.06524944198973577,0.010990574514753356,0.054774484321168576,0.0347,8,-0.009818811212386843
ncd_delta_std,spec_i,4.2,235,-0.02756360098102211,0.01945087676025658,-0.06845680745096788,0.007055429240494791,0.05450135668223893,0.0209,8,-0.009818811212386843
ncd_delta_std,sign_i,4.1,235,-0.028760036970090618,0.06395879523287454,-0.1525924282440412,0.09968333568469878,0.17921254424251445,0.643,7,-0.011030484343192377
ncd_delta_std,sign_i,4.2,235,-0.047954288352983356,0.06434093616441396,-0.17656758761767766,0.0747204408819732,0.1802833031326879,0.4334,7,-0.011030484343192377
ncd_delta_std,trans_i,4.1,235,-5.6088480198873865e-05,0.022070494737519798,-0.03510706506326225,0.053726012327875966,0.061841526254530474,0.9971,3,0.03584670200797385
ncd_delta_std,trans_i,4.2,235,0.0007742963929187575,0.0249901856776415,-0.03754465774413761,0.06326098244020834,0.07002250026875148,0.9617,5,0.03584670200797385
act_fb_mean,spec_i,4.1,243,-0.0007080600553196429,0.008610915098395141,-0.015013686369132586,0.01860301832335029,0.024127784105703185,0.9494,6,0.028765417149744073
act_fb_mean,spec_i,4.2,243,-0.0009777626224805503,0.009528637564128374,-0.01763303293360598,0.019293163081788318,0.026699242454687702,0.9356,6,0.028765417149744073
act_fb_mean,sign_i,4.1,243,0.031924772675450894,0.02718919876175444,-0.024744358829381603,0.08014921035698425,0.07618413493043594,0.5954,8,0.0789215820512108
act_fb_mean,sign_i,4.2,243,0.009803858452480217,0.038776571541848506,-0.049622142121912204,0.10680396023136329,0.10865195346025952,0.8705,6,0.0789215820512108
act_fb_mean,trans_i,4.1,243,0.010005732920610662,0.0221213858829689,-0.045564657751167505,0.04449301012267938,0.061984123244078856,0.5427,6,0.03488516847838349
act_fb_mean,trans_i,4.2,243,0.005293068395433019,0.024456827651633345,-0.055684052374369984,0.04379374335762477,0.06852803107987664,0.7546,5,0.03488516847838349
act_fb_max,spec_i,4.1,243,-0.0053844199082278155,0.013846353199549211,-0.03891276164005293,0.016756767253096543,0.03879748166513689,0.6357,6,-0.031707964260677214
act_fb_max,spec_i,4.2,243,-0.008100419055917202,0.0154249814143032,-0.038535502303109447,0.02115728634743669,0.043220797922877564,0.4839,6,-0.031707964260677214
act_fb_max,sign_i,4.1,243,-0.009133445789413615,0.050869222752788976,-0.12392808918106084,0.07729025915135421,0.1425355621533147,0.8805,5,-0.01775855610724858
act_fb_max,sign_i,4.2,243,-0.03504047523159132,0.05238963094917228,-0.14350357976176745,0.05889043444117281,0.14679574591958075,0.5638,7,-0.01775855610724858
act_fb_max,trans_i,4.1,243,0.01972793042898083,0.013507119443716164,-0.004033681873952539,0.0493007030291038,0.037846948681292694,0.2432,8,0.06753185084740841
act_fb_max,trans_i,4.2,243,0.008658100189546535,0.02334716365437939,-0.03590255145772373,0.0538739431206001,0.06541875255957105,0.6103,6,0.06753185084740841
act_fb_min,spec_i,4.1,243,0.014434334657025231,0.008263894085141645,-0.00534659412618431,0.028177558707484104,0.023155431226566887,0.2113,8,0.08154559023093126
act_fb_min,spec_i,4.2,243,0.015755790613182837,0.009824729486021845,-0.004428730750032818,0.034433701042789394,0.02752889201983321,0.1762,8,0.08154559023093126
act_fb_min,sign_i,4.1,243,0.12301568815640615,0.02959396965589915,0.07293240810726012,0.18863350817816926,0.08292230297582942,0.0403,8,0.1378849745781952
act_fb_min,sign_i,4.2,243,0.11352130725395945,0.046487129668496927,0.03218464341545988,0.21358515125959054,0.1302569373311284,0.0632,8,0.1378849745781952
act_fb_min,trans_i,4.1,243,0.004129158951294788,0.021405074440714624,-0.05020792205178451,0.03725044569131603,0.05997701858288238,0.8125,5,0.005718440600305148
act_fb_min,trans_i,4.2,243,0.001958728478453545,0.023066307410138612,-0.059220155262066684,0.03620325619804801,0.06463179336320839,0.9055,4,0.005718440600305148
act_fb_std,spec_i,4.1,243,-0.01494203737081037,0.00855358699327385,-0.029456326705985268,0.004585184107390346,0.02396715075515333,0.1951,8,-0.09457792247450139
act_fb_std,spec_i,4.2,243,-0.016327138062578687,0.010132796994565067,-0.036573409685124965,0.0031812342010853947,0.02839209717877132,0.161,8,-0.09457792247450139
act_fb_std,sign_i,4.1,243,-0.11948845084178215,0.03597106564082267,-0.19546568237903744,-0.05404090996568524,0.10079092592558513,0.0472,8,-0.13038671677497016
act_fb_std,sign_i,4.2,243,-0.11234545065315886,0.04838866891064302,-0.210448644842573,-0.02334131151343007,0.13558505028762174,0.0669,8,-0.13038671677497016
act_fb_std,trans_i,4.1,243,0.00023334034688900912,0.019680465061719856,-0.028463369362896843,0.053217904934332205,0.055144663102939036,0.9905,5,0.021447276355802708
act_fb_std,trans_i,4.2,243,-0.0009886175815212617,0.021220530463879447,-0.029604309625354316,0.06015308355210567,0.05945992635979021,0.9554,4,0.021447276355802708
act_full_mean,spec_i,4.1,242,0.0005584901101383334,0.011728786985890813,-0.023368026324971633,0.023239079731612024,0.032864061134466056,0.9614,4,-0.0027510031878215206
act_full_mean,spec_i,4.2,242,0.00010676804291622399,0.011814661699833393,-0.023550977848053458,0.023058139312057038,0.03310468208293317,0.9939,4,-0.0027510031878215206
act_full_mean,sign_i,4.1,242,-0.00968285906661364,0.05496673572455606,-0.153858325709599,0.07462882782051079,0.15401679350020608,0.8715,6,-0.0003307849248079843
act_full_mean,sign_i,4.2,242,-0.006781995975995363,0.056574697169356564,-0.14700214607306822,0.08175411464759473,0.1585223014685371,0.9048,6,-0.0003307849248079843
act_full_mean,trans_i,4.1,242,-0.011087812012216227,0.01516198293574133,-0.048425645597360546,0.01304943084160469,0.04248387618594721,0.5114,7,-0.049208844466081585
act_full_mean,trans_i,4.2,242,-0.011081432627890147,0.014276968437030746,-0.043057032948115956,0.013611196366749108,0.04000406556056015,0.5215,7,-0.049208844466081585
act_full_max,spec_i,4.1,242,0.007309735478596603,0.012485228767382974,-0.010337476764103216,0.04433673967755602,0.034983611006207095,0.5328,7,0.08940334893805149
act_full_max,spec_i,4.2,242,0.008230917332721648,0.012273598129517546,-0.010433512440717576,0.0412797488253806,0.034390621958908164,0.4767,7,0.08940334893805149
act_full_max,sign_i,4.1,242,0.027813386028776116,0.05710067368170336,-0.05477840062205992,0.18824282833160202,0.15999608765613282,0.6479,7,0.0872007954627135
act_full_max,sign_i,4.2,242,0.02651412828713838,0.05476590180862369,-0.05878619862795849,0.1680024230066722,0.1534540568677636,0.6669,7,0.0872007954627135
act_full_max,trans_i,4.1,242,-0.020757555032758234,0.01701630023255213,-0.05358763092927503,0.013284915258071189,0.047679673251611064,0.2185,8,-0.04112459951777955
act_full_max,trans_i,4.2,242,-0.02254630746041072,0.017684178977887897,-0.055603824203334304,0.012904222605233637,0.04955106949604189,0.1796,8,-0.04112459951777955
act_full_min,spec_i,4.1,242,-0.004312921778204246,0.01302892796874781,-0.03426697509817431,0.01818247085267213,0.03650705616843136,0.7099,7,-0.013848275355397087
act_full_min,spec_i,4.2,242,-0.0051191796232144746,0.01436128681601894,-0.03745174828103299,0.01965770617592861,0.04024032565848507,0.6525,7,-0.013848275355397087
act_full_min,sign_i,4.1,242,-0.013053006892207432,0.0730143644355782,-0.21693879125062968,0.09641330447481763,0.2045862491484901,0.8283,6,-0.005173283604240547
act_full_min,sign_i,4.2,242,-0.006099457781892487,0.07947055625636953,-0.21128748366223854,0.11739816694381082,0.22267649863034744,0.9223,6,-0.005173283604240547
act_full_min,trans_i,4.1,242,0.0002449601836393028,0.019286386878328447,-0.035616073747988954,0.0406079471923928,0.05404045603307631,0.989,4,-0.037544073154367336
act_full_min,trans_i,4.2,242,0.0007445201948301844,0.01945536097162124,-0.03208685329555486,0.04465080017246258,0.05451392144248272,0.9669,4,-0.037544073154367336
act_full_std,spec_i,4.1,242,0.006517259377811065,0.013220320981105675,-0.01852110493893213,0.033631383131234927,0.0370433393890581,0.5729,7,0.026385985632033294
act_full_std,spec_i,4.2,242,0.007921632177435967,0.014277382203263538,-0.018769408886008417,0.03713589418489498,0.040005224933544435,0.5008,7,0.026385985632033294
act_full_std,sign_i,4.1,242,0.012255257759295094,0.07127643503943386,-0.12120729181181247,0.16044002772130728,0.19971657098049367,0.8359,5,0.009960898958427847
act_full_std,sign_i,4.2,242,0.006108982553128459,0.07649304796048369,-0.1368705375229444,0.16256881883632365,0.21433352038527528,0.9201,6,0.009960898958427847
act_full_std,trans_i,4.1,242,-0.010760785553857819,0.023435881967493865,-0.07046181233845673,0.025005455988156046,0.06566734127291782,0.5206,7,-0.005975315369272989
act_full_std,trans_i,4.2,242,-0.01208040375751573,0.024410689776523872,-0.0755537723656814,0.023766594651213068,0.06839875275381989,0.4787,7,-0.005975315369272989
act_full_n,spec_i,4.1,243,0.005173023997042414,0.008162878056745064,-0.007984936637491606,0.024117875796698555,0.022872384314999668,0.6555,7,0.058506241220317556
act_full_n,spec_i,4.2,243,0.005633820789314457,0.009401066769176496,-0.010357571854811363,0.026642027258571666,0.026341789087232545,0.6288,7,0.058506241220317556
act_full_n,sign_i,4.1,243,0.06287053933573376,0.021213373955660562,0.027981412444568223,0.10978385242036384,0.0594398738237609,0.2967,8,0.10335107509946753
act_full_n,sign_i,4.2,243,0.04572153401051763,0.030050762458716563,-0.001296937251185471,0.11966911368175227,0.08420223640932381,0.4624,8,0.10335107509946753
act_full_n,trans_i,4.1,243,0.008145586010369537,0.021992855009445277,-0.04549422087760059,0.04317497089463281,0.06162397973646567,0.6249,7,0.03375082269295231
act_full_n,trans_i,4.2,243,0.006246816496993104,0.023502722889446374,-0.05250516545664899,0.04230179159833403,0.06585462953622874,0.708,6,0.03375082269295231
act_delta_mean,spec_i,4.1,242,0.011416866921899424,0.009068690009616902,-0.006575037060891078,0.02929677667304856,0.025410469406946558,0.3213,8,0.05118058395765199
act_delta_mean,spec_i,4.2,242,0.011380773671755882,0.010407293477942402,-0.00876499140210486,0.03203577284675375,0.02916123632519461,0.328,8,0.05118058395765199
act_delta_mean,sign_i,4.1,242,0.039617915465817485,0.0610827133874625,-0.10553033621934699,0.13993293464770165,0.17115376291166995,0.5155,8,0.037874158731684614
act_delta_mean,sign_i,4.2,242,0.04637116274843434,0.06714688855232803,-0.11144932257958068,0.15666950355258072,0.18814558172362314,0.4442,8,0.037874158731684614
act_delta_mean,trans_i,4.1,242,-0.02232468147866664,0.015549853998265648,-0.05389944589982275,0.006365929681460872,0.04357069090314035,0.183,8,-0.07715224017282145
act_delta_mean,trans_i,4.2,242,-0.017584311261502287,0.013514002236984101,-0.045322730619788185,0.00698989627723563,0.03786623426802945,0.2979,8,-0.07715224017282145
act_delta_max,spec_i,4.1,242,0.014044859648588714,0.008468771205571655,0.0032206974432849676,0.04199578686746067,0.023729496918011777,0.2204,8,0.1282501786040213
act_delta_max,spec_i,4.2,242,0.014540015700122531,0.00775048976003534,0.0038437743384625626,0.03656443887496572,0.021716872307619026,0.2162,8,0.1282501786040213
act_delta_max,sign_i,4.1,242,0.0621134721369528,0.0518132444970291,-0.015129975137883252,0.20213806391294967,0.14518071108067554,0.3131,8,0.10293302755420165
act_delta_max,sign_i,4.2,242,0.06301430987129514,0.04805550653789995,-0.01318919791246189,0.18276448908245513,0.13465152931919566,0.3059,8,0.10293302755420165
act_delta_max,trans_i,4.1,242,-0.02780094384795834,0.015418944695618577,-0.05374766654685294,0.007075583225290863,0.043203883037123254,0.0955,8,-0.08167827615863876
act_delta_max,trans_i,4.2,242,-0.02547407195508475,0.01619324735819331,-0.053978654247655286,0.009179593051071884,0.045373479097657654,0.135,8,-0.08167827615863876
act_delta_min,spec_i,4.1,242,0.0054982440943687014,0.014147319395641829,-0.02655331628343793,0.02941358146595947,0.0396407889465884,0.65,7,-0.001363251977561028
act_delta_min,spec_i,4.2,242,0.004514152215929858,0.016220412478587687,-0.03111856823352843,0.03254916684004879,0.0454495957650027,0.703,7,-0.001363251977561028
act_delta_min,sign_i,4.1,242,0.027480972296670566,0.09208687102412229,-0.19402621320197366,0.17443764428772365,0.25802741260959067,0.6525,7,0.0030349760930562936
act_delta_min,sign_i,4.2,242,0.032570255681175594,0.1026709110588771,-0.20001185024854373,0.20526872626611078,0.28768389278697365,0.6072,7,0.0030349760930562936
act_delta_min,trans_i,4.1,242,-0.010002384639609195,0.01775947941426085,-0.04664591978395944,0.022857110494258644,0.049762061318758904,0.553,8,-0.06518937510138004
act_delta_min,trans_i,4.2,242,-0.00582343485778803,0.016815615642000115,-0.03820397113067075,0.027288876695237923,0.047117355028884325,0.736,5,-0.06518937510138004
act_delta_std,spec_i,4.1,242,0.0023392255264606723,0.015421343957000405,-0.026796953777342456,0.03374892923631625,0.043210605767515134,0.846,6,0.02979843950058962
act_delta_std,spec_i,4.2,242,0.003931850847077429,0.01638171380877116,-0.02622607180136489,0.03729047108912467,0.045901562092176794,0.7453,7,0.02979843950058962
act_delta_std,sign_i,4.1,242,8.85137124331109e-06,0.09091159404706807,-0.18304518747011506,0.17379081176482405,0.2547342865198847,0.9998,4,0.0069678089715647235
act_delta_std,sign_i,4.2,242,8.115337598087712e-05,0.09693890834407541,-0.19277551113654054,0.1826421608499258,0.2716228211800993,0.9988,4,0.0069678089715647235
act_delta_std,trans_i,4.1,242,-0.004990948270099796,0.02046991812863929,-0.049589985290780875,0.031953271739786425,0.05735671059644729,0.7639,5,0.015401682155091707
act_delta_std,trans_i,4.2,242,-0.007960856477035913,0.019772065732071714,-0.05337435951343733,0.024161158870163634,0.05540132818126495,0.6389,7,0.015401682155091707
nxa_fb_mean,spec_i,4.1,235,0.003589975632571055,0.01280160031311068,-0.01965796689696574,0.029760147003567293,0.03587008407733613,0.7612,5,0.06348586543736016
nxa_fb_mean,spec_i,4.2,235,0.003935374892873678,0.014304542509266239,-0.02215598005130449,0.03382785221660697,0.040081328110964,0.7449,6,0.06348586543736016
nxa_fb_mean,sign_i,4.1,235,0.03940923415429381,0.04894459940149988,-0.04797671331137913,0.1408429851526265,0.13714276752300267,0.5199,8,0.102602282647558
nxa_fb_mean,sign_i,4.2,235,0.015959975296640255,0.06015732913029716,-0.0729484520282967,0.17427894819351702,0.16856083622309265,0.8005,6,0.102602282647558
nxa_fb_mean,trans_i,4.1,235,0.0020951028595566257,0.02373743974513873,-0.05548221191140877,0.0393153337645974,0.06651230616587872,0.8987,4,-0.0064042856504377965
nxa_fb_mean,trans_i,4.2,235,-0.003188327803486141,0.027017583504239745,-0.07424879841958182,0.03751892661614179,0.07570326897887977,0.8557,5,-0.0064042856504377965
nxa_fb_max,spec_i,4.1,235,0.0010186589381394016,0.01400609488124551,-0.028073686483187244,0.02710024986646879,0.03924507785724992,0.9251,4,0.03867427333109764
nxa_fb_max,spec_i,4.2,235,0.0020247286983000145,0.014605952932098066,-0.031093319935892618,0.026432846757317267,0.04092588011573878,0.8673,4,0.03867427333109764
nxa_fb_max,sign_i,4.1,235,-0.007542208349205937,0.05415372436838067,-0.12450908207301215,0.087825904291185,0.15173873568020263,0.9029,5,0.060257857877750114
nxa_fb_max,sign_i,4.2,235,-0.0187636665372661,0.051877362931168826,-0.1253525391486072,0.0811349894951655,0.14536037093313506,0.7578,7,0.060257857877750114
nxa_fb_max,trans_i,4.1,235,0.0007977221331606135,0.016561023683682674,-0.02584894643894046,0.04028878224121647,0.046403988361678854,0.9613,5,-0.04022090941131708
nxa_fb_max,trans_i,4.2,235,-0.013169657779877492,0.023923754851116592,-0.04992827206427506,0.04539738078615118,0.06703436109282869,0.4438,8,-0.04022090941131708
nxa_fb_min,spec_i,4.1,235,0.01541697619642025,0.011056391930927927,-0.007619803074666788,0.03607099979123952,0.030980010190460053,0.1851,8,0.10744580988891302
nxa_fb_min,spec_i,4.2,235,0.016193267734487423,0.01290523225580004,-0.0070682091210690825,0.04352287747899092,0.03616046078075171,0.1729,8,0.10744580988891302
nxa_fb_min,sign_i,4.1,235,0.12394918027083357,0.04298757332050513,0.05578976663531973,0.22695954785636238,0.12045118044405538,0.0458,8,0.1574949549410952
nxa_fb_min,sign_i,4.2,235,0.10837967128246886,0.059224264594109496,0.014388096631316004,0.25416398817478697,0.16594638939269482,0.0751,8,0.1574949549410952
nxa_fb_min,trans_i,4.1,235,0.00017437925541980565,0.024196390688757292,-0.06042882690001391,0.037705596878296464,0.06779828670989793,0.9923,3,-0.01619378630061602
nxa_fb_min,trans_i,4.2,235,-0.001917823381256979,0.027367483797765012,-0.0764132637369896,0.03784989393841807,0.07668368960133756,0.914,5,-0.01619378630061602
nxa_fb_std,spec_i,4.1,235,-0.015395795189898162,0.009526503318416715,-0.03325097008257156,0.0041712733241517225,0.026693262298203638,0.1904,8,-0.07569226510966662
nxa_fb_std,spec_i,4.2,235,-0.015696091108471123,0.011576124351648669,-0.0428064597363047,0.0027711902286644834,0.03243630043331957,0.187,8,-0.07569226510966662
nxa_fb_std,sign_i,4.1,235,-0.12523098235479707,0.0408187114680706,-0.22715520959074245,-0.061926189539950285,0.11437402953353382,0.0413,8,-0.11892444799640545
nxa_fb_std,sign_i,4.2,235,-0.10934573305446454,0.05644910084582225,-0.24521760251560426,-0.018245974588689193,0.15817038056999394,0.0765,8,-0.11892444799640545
nxa_fb_std,trans_i,4.1,235,0.0010791601107319275,0.022280212270913844,-0.030055593479128333,0.0638683142075702,0.06242915478310059,0.9485,6,-0.008781696849946678
nxa_fb_std,trans_i,4.2,235,-0.0003260439074767843,0.024772234176236935,-0.03211622391259518,0.07708548307971677,0.06941180016181589,0.9851,3,-0.008781696849946678
nxa_full_mean,spec_i,4.1,234,-0.001499764230964819,0.012439317932900991,-0.023940837635398927,0.024254505543404442,0.034854968847988575,0.8989,4,0.0020238006199835776
nxa_full_mean,spec_i,4.2,234,-0.0016974852548308345,0.012628421510728426,-0.02476293964200581,0.02531421655779565,0.03538483707306105,0.8913,4,0.0020238006199835776
nxa_full_mean,sign_i,4.1,234,-0.043172373706645326,0.057818651965498465,-0.15947914359874765,0.06720000419885275,0.1620078628073267,0.4852,8,-0.008372003423696706
nxa_full_mean,sign_i,4.2,234,-0.03635943748811603,0.06119285400405665,-0.15625808515007183,0.0814246944952265,0.17146237691936672,0.5574,7,-0.008372003423696706
nxa_full_mean,trans_i,4.1,234,-0.020995610416007844,0.01364757458995346,-0.054067874814301795,0.0013350490473936565,0.0382405040010496,0.2209,8,-0.08319231955066687
nxa_full_mean,trans_i,4.2,234,-0.019202623812868802,0.012240608594850681,-0.04290731716004549,0.004132502549104643,0.03429818528277161,0.2657,8,-0.08319231955066687
nxa_full_max,spec_i,4.1,234,0.006620915402201439,0.012385927141522576,-0.01629038816126469,0.03141652550383817,0.03470536785054626,0.5795,7,0.03511417196536863
nxa_full_max,spec_i,4.2,234,0.007204125857744967,0.01136352370972978,-0.013650603713146765,0.030581476865981477,0.03184059343466285,0.5464,7,0.03511417196536863
nxa_full_max,sign_i,4.1,234,-0.0004448650340803627,0.05009173862273013,-0.08782246138832416,0.11037716007782933,0.14035705162088982,0.9945,3,0.025419845074220807
nxa_full_max,sign_i,4.2,234,-0.0019995468665686047,0.04406912106228739,-0.08527106953154709,0.08717645603940151,0.12348167721652928,0.975,4,0.025419845074220807
nxa_full_max,trans_i,4.1,234,-0.03308476289887816,0.0247348124541401,-0.09502520941389282,0.006010301054869261,0.06930694449650056,0.0537,8,-0.06941223007437688
nxa_full_max,trans_i,4.2,234,-0.0318426355256994,0.024790423524163663,-0.0955270079121729,0.005640782414306221,0.06946276671470658,0.0632,8,-0.06941223007437688
nxa_full_min,spec_i,4.1,234,-0.005837529147345384,0.012451156424402067,-0.031689654450649384,0.017611414919859604,0.03488814030117459,0.6203,7,-0.004857599135476731
nxa_full_min,spec_i,4.2,234,-0.006136056636927168,0.014280157470274269,-0.03679743948702246,0.01926191903863889,0.040013001231708506,0.61,7,-0.004857599135476731
nxa_full_min,sign_i,4.1,234,-0.03162864041419576,0.07020362293474185,-0.20715251753683483,0.07787110874693719,0.19671055146314667,0.6061,7,-0.009665951250959967
nxa_full_min,sign_i,4.2,234,-0.018953972124073244,0.07975926987780681,-0.20907967860257495,0.1088587773270837,0.22348547419761466,0.7543,7,-0.009665951250959967
nxa_full_min,trans_i,4.1,234,-0.004264130693725033,0.01638915901296713,-0.038285329869493685,0.026273077286096472,0.0459224235543339,0.8077,6,-0.0746025118366193
nxa_full_min,trans_i,4.2,234,-0.0029990965399011517,0.016639919805566034,-0.033610238422427954,0.031107585896645282,0.046625055295196026,0.8602,5,-0.0746025118366193
nxa_full_std,spec_i,4.1,234,0.007620085119490378,0.013003735066970173,-0.013618776766827706,0.038525710890332084,0.03643646565765043,0.5258,7,0.020716053549055452
nxa_full_std,spec_i,4.2,234,0.008590873144250983,0.014049929377219703,-0.0141818647867843,0.04144300523833904,0.039367902114969607,0.4694,7,0.020716053549055452
nxa_full_std,sign_i,4.1,234,0.01583894963906109,0.06675142841449686,-0.08995966380863402,0.17981338750306614,0.1870375024174202,0.7894,7,0.013436483690698095
nxa_full_std,sign_i,4.2,234,0.006409295950709319,0.07291278901404516,-0.11522671700022243,0.17387003518498043,0.20430163481735453,0.9194,6,0.013436483690698095
nxa_full_std,trans_i,4.1,234,-0.012929322883828849,0.02300911534348081,-0.06720712248285532,0.02423538422218066,0.06447154119243323,0.4585,7,0.00032103473473874336
nxa_full_std,trans_i,4.2,234,-0.013711062144490086,0.02444980976699553,-0.07480222069259401,0.023847782694956982,0.06850836696712147,0.4303,7,0.00032103473473874336
nxa_delta_mean,spec_i,4.1,234,0.0033657392622562336,0.01006700945011334,-0.014999184843871811,0.024399290515950536,0.02820776047921758,0.7818,6,-0.04541321221856411
nxa_delta_mean,spec_i,4.2,234,0.0009490918986405243,0.010204244792117886,-0.019323593239568428,0.0204826972191995,0.02859229390751432,0.9421,5,-0.04541321221856411
nxa_delta_mean,sign_i,4.1,234,0.011299264289928047,0.05727010800963092,-0.15260579203999675,0.09048596452892803,0.16047084264298583,0.8538,6,-0.09439555050977914
nxa_delta_mean,sign_i,4.2,234,0.007664188328523933,0.05983453779782238,-0.1436197544393839,0.09517342351578607,0.1676563749094983,0.8946,5,-0.09439555050977914
nxa_delta_mean,trans_i,4.1,234,-0.014478774932700833,0.012202471945975409,-0.039098036250516166,0.008187222907917673,0.034191326392623095,0.3997,8,-0.02269649215909824
nxa_delta_mean,trans_i,4.2,234,-0.007512741763151664,0.011436565132021558,-0.0290895087195464,0.015288343957252004,0.03204525549992441,0.6605,8,-0.02269649215909824
nxa_delta_max,spec_i,4.1,234,0.00018083787516943572,0.009433281484258304,-0.0242029626151958,0.014750898618123261,0.026432054718891766,0.9874,4,-0.01708891736543638
nxa_delta_max,spec_i,4.2,234,-0.001757199426851516,0.009023115706779565,-0.019437576176377043,0.01581155742004422,0.025282770210396342,0.8892,6,-0.01708891736543638
nxa_delta_max,sign_i,4.1,234,0.00787960918259924,0.042010393264371663,-0.08739745022146285,0.07784451032854992,0.1177131219267694,0.8953,4,-0.06861776615602992
nxa_delta_max,sign_i,4.2,234,-0.0018199002758811644,0.03756511005765505,-0.07188418341429527,0.07422884371536764,0.10525743838154947,0.9772,5,-0.06861776615602992
nxa_delta_max,trans_i,4.1,234,-0.0180263478556718,0.02120268119836733,-0.0697546624930516,0.01628068151623055,0.05940991271782526,0.2977,7,0.015240350887743018
nxa_delta_max,trans_i,4.2,234,-0.013398013747653509,0.022714071971442904,-0.07153414336030209,0.02118396506661454,0.06364482966398302,0.4426,7,0.015240350887743018
nxa_delta_min,spec_i,4.1,234,0.006525683221851813,0.014078771765201913,-0.02673231658684478,0.02938985485497107,0.03944871848609576,0.5752,7,-0.02947898678571932
nxa_delta_min,spec_i,4.2,234,0.004297177903864448,0.014315669074975267,-0.030581331811273278,0.026697804151968534,0.0401125047480807,0.7111,6,-0.02947898678571932
nxa_delta_min,sign_i,4.1,234,0.03759173857690219,0.08916000073657235,-0.2033535910865158,0.16454964435366573,0.24982632206387573,0.5383,7,-0.05023605710995567
nxa_delta_min,sign_i,4.2,234,0.03619411097823834,0.09392795063520427,-0.18274573911936734,0.18519598876642657,0.2631861176798424,0.5612,7,-0.05023605710995567
nxa_delta_min,trans_i,4.1,234,-0.0014358254818105146,0.014846405197904792,-0.028451794640490247,0.029634226529009582,0.041599627364529226,0.9318,5,-0.04655551945664457
nxa_delta_min,trans_i,4.2,234,0.0033420079632745007,0.0143899111504196,-0.020353422344264294,0.03613432221971224,0.04032053104347572,0.854,5,-0.04655551945664457
nxa_delta_std,spec_i,4.1,234,-0.004207327076718755,0.012532251693541436,-0.028046018749192325,0.020206603516012802,0.035115369245303105,0.7158,6,0.004363388060504916
nxa_delta_std,spec_i,4.2,234,-0.0033732557806361854,0.011743005427611891,-0.023864558390945388,0.022011000913726788,0.032903901208168516,0.7698,6,0.004363388060504916
nxa_delta_std,sign_i,4.1,234,-0.025696147843103916,0.06508023362107514,-0.15297830123425413,0.102404923097756,0.18235481460625252,0.67,6,-0.02915826184896541
nxa_delta_std,sign_i,4.2,234,-0.026227592736011975,0.06318263557195021,-0.14458425643733086,0.10614119453337227,0.17703774487260449,0.6671,6,-0.02915826184896541
nxa_delta_std,trans_i,4.1,234,-0.011675284897097604,0.02712391242425609,-0.06983176964899569,0.0349692229753673,0.07600120261276556,0.497,7,0.0349048246617525
nxa_delta_std,trans_i,4.2,234,-0.012480738576262772,0.028309582281590324,-0.08300229395059104,0.03161476795772301,0.0793234495530161,0.4677,7,0.0349048246617525
knn_emb_fb_mean,spec_i,4.1,235,0.02356113461208731,0.01657438210118905,-0.0010903282600405607,0.06868352977240302,0.046441418647531714,0.0452,8,0.030022334331845
knn_emb_fb_mean,spec_i,4.2,235,0.026263836509371984,0.017486392307681755,-0.00030120464185605025,0.07407435586543573,0.04899687124612428,0.0268,8,0.030022334331845
knn_emb_fb_mean,sign_i,4.1,235,0.07476334160943351,0.02991512286101867,0.022297800865877935,0.14160764118500999,0.08382217425657432,0.2194,8,0.009247943708106244
knn_emb_fb_mean,sign_i,4.2,235,0.0925847368778782,0.0328195047095576,0.027034055984009542,0.15008010817465645,0.0919602521961804,0.1346,8,0.009247943708106244
knn_emb_fb_mean,trans_i,4.1,235,-0.005063513485290661,0.01814468365452937,-0.04794141731428951,0.02385221358001563,0.05084140359999129,0.7619,7,0.03078138531350709
knn_emb_fb_mean,trans_i,4.2,235,-0.003469661606229936,0.018778694082385913,-0.056234527933131384,0.022773526850008982,0.05261790081884533,0.8416,6,0.03078138531350709
knn_emb_fb_max,spec_i,4.1,235,0.006649393133162037,0.012136558768811836,-0.009897733126289202,0.04405915787018526,0.03400663767021076,0.5654,7,-0.022282608537526824
knn_emb_fb_max,spec_i,4.2,235,0.008895255550830223,0.013950961252471455,-0.00965115104698475,0.052958834490649594,0.039090593429425016,0.4601,7,-0.022282608537526824
knn_emb_fb_max,sign_i,4.1,235,-0.024068642202651105,0.027578114767991508,-0.07614010778201276,0.030407531781481322,0.0772738775799122,0.6949,8,-0.04950941674558461
knn_emb_fb_max,sign_i,4.2,235,-0.009908168982591831,0.03180689015572916,-0.06525049182406344,0.06076718591756096,0.08912290621635312,0.8759,6,-0.04950941674558461
knn_emb_fb_max,trans_i,4.1,235,0.0006129263480962191,0.01536902700035026,-0.02773322121441272,0.032957485792799016,0.04306401365498143,0.9712,4,0.042101880689681244
knn_emb_fb_max,trans_i,4.2,235,0.0043263406258690585,0.01498820174076053,-0.030073043010466073,0.029222654604999235,0.04199694127761101,0.8065,7,0.042101880689681244
knn_emb_fb_min,spec_i,4.1,235,0.0379395028680125,0.015312911922593488,0.010446765552355967,0.07030523060335035,0.042906779207106956,0.0013,8,0.11516564862492412
knn_emb_fb_min,spec_i,4.2,235,0.03877149887525166,0.015198097731008447,0.010675608497385696,0.07010614440849827,0.04258506984228567,0.0013,8,0.11516564862492412
knn_emb_fb_min,sign_i,4.1,235,0.19559780311360997,0.05068923313718552,0.09344144581996602,0.29185479478051185,0.14203123125039382,0.0009,8,0.09845094632707768
knn_emb_fb_min,sign_i,4.2,235,0.2045315206842221,0.04893997669722289,0.09227901998622283,0.28574244925708453,0.13712981470561852,0.0008,8,0.09845094632707768
knn_emb_fb_min,trans_i,4.1,235,-0.013773577520334805,0.017805264682244637,-0.05618845076499299,0.014939805205532378,0.04989035163964947,0.421,7,0.006552318156663441
knn_emb_fb_min,trans_i,4.2,235,-0.014541076619419276,0.019393866625272045,-0.06042564994443691,0.017375316038696346,0.05434161428401227,0.3994,7,0.006552318156663441
knn_emb_fb_std,spec_i,4.1,235,-0.009061071465171777,0.008661262859421533,-0.023782076818955028,0.00983352338508887,0.024268858532099136,0.442,8,-0.11505781541972332
knn_emb_fb_std,spec_i,4.2,235,-0.0075127905846208995,0.009254469857559197,-0.02030333345995913,0.01939588608955145,0.02593102454088087,0.5212,8,-0.11505781541972332
knn_emb_fb_std,sign_i,4.1,235,-0.10550270060146129,0.027827940295611645,-0.15430843245459736,-0.04559954136023907,0.07797388870830384,0.085,8,-0.13166562606843113
knn_emb_fb_std,sign_i,4.2,235,-0.09637183191120648,0.025721530897325772,-0.14335792635869302,-0.04245209819275555,0.07207172957430681,0.1187,8,-0.13166562606843113
knn_emb_fb_std,trans_i,4.1,235,0.006045367454254679,0.01207936063385192,-0.011870066743362395,0.03963139328741125,0.03384636849605308,0.7296,7,0.02239879462646569
knn_emb_fb_std,trans_i,4.2,235,0.010345752255561344,0.011182607976899366,-0.00532185697309323,0.043643716049590824,0.031333667551272024,0.5495,8,0.02239879462646569
knn_emb_full_mean,spec_i,4.1,235,0.026742141367428477,0.01199904754874165,0.011542173645310749,0.06393540889218641,0.033621331231574104,0.023,8,0.00405703871246239
knn_emb_full_mean,spec_i,4.2,235,0.026565620693303788,0.014769970832888153,0.00783143054129185,0.07621502691032195,0.041385458273752604,0.0239,8,0.00405703871246239
knn_emb_full_mean,sign_i,4.1,235,0.1405604623801065,0.05082923292879314,-0.0122793259267848,0.21530271149474664,0.14242351066647838,0.0208,8,-0.03252283364443507
knn_emb_full_mean,sign_i,4.2,235,0.13181484654613046,0.049584696665080065,-0.0020640618551590836,0.2055032983617895,0.13893632005555434,0.0289,8,-0.03252283364443507
knn_emb_full_mean,trans_i,4.1,235,-0.023205403585569193,0.02570114495819143,-0.07637736664900861,0.021357985020874038,0.07201460817285239,0.1798,8,0.043099185445865607
knn_emb_full_mean,trans_i,4.2,235,-0.019056790882126386,0.027501689729892143,-0.07767200919692817,0.027955553387586523,0.07705973462315778,0.2702,8,0.043099185445865607
knn_emb_full_max,spec_i,4.1,235,0.024071646318450126,0.014056409907701847,0.0022366232538157172,0.05758209197629827,0.039386060561380574,0.0405,8,0.03232848502126397
knn_emb_full_max,spec_i,4.2,235,0.024406422529533452,0.016311144600096097,-0.00149258705870977,0.0639942728097448,0.04570382716946927,0.0419,8,0.03232848502126397
knn_emb_full_max,sign_i,4.1,235,0.10975828513176844,0.07110445437953047,-0.07752003225283978,0.22420048444237994,0.19923468117144438,0.0777,8,-0.01641734999149124
knn_emb_full_max,sign_i,4.2,235,0.10800708797679034,0.07391065073750808,-0.0473098077485168,0.24494106086361797,0.20709764336649764,0.0794,8,-0.01641734999149124
knn_emb_full_max,trans_i,4.1,235,-0.011946468681492933,0.02095909762615586,-0.0750604487816628,0.017125426936243995,0.05872739154848872,0.4851,7,0.036839349873038635
knn_emb_full_max,trans_i,4.2,235,-0.009270462026115409,0.023012880846815426,-0.06768648266898862,0.02624231206976595,0.06448209213277682,0.5908,7,0.036839349873038635
knn_emb_full_min,spec_i,4.1,235,0.013241668469478253,0.016660580487748825,-0.015689892529768056,0.04968043619078123,0.04668294652667221,0.2571,8,-0.04963171793302319
knn_emb_full_min,spec_i,4.2,235,0.012167382169985277,0.019515229910157427,-0.018965527763572933,0.05962263110686053,0.05468167420826111,0.3042,7,-0.04963171793302319
knn_emb_full_min,sign_i,4.1,235,0.12002940179987334,0.0662904237293435,-0.012068812451978404,0.247444040696284,0.1857457672896205,0.0518,8,-0.056899498242520136
knn_emb_full_min,sign_i,4.2,235,0.10360586218368206,0.07221591561263876,-0.01749946819018153,0.268965024029675,0.2023489955466138,0.0961,8,-0.056899498242520136
knn_emb_full_min,trans_i,4.1,235,-0.028847346278074098,0.028848533778295857,-0.08147933441339508,0.030706082977728314,0.080833591646785,0.0958,8,0.022818887483856642
knn_emb_full_min,trans_i,4.2,235,-0.024311467520717223,0.028927877490121153,-0.08023476079554408,0.03201785896685598,0.08105591272731948,0.1573,8,0.022818887483856642
knn_emb_full_std,spec_i,4.1,235,0.010001265948449784,0.010461826880593347,-0.008650392859353404,0.032439166482552156,0.02931403891942256,0.3994,8,0.04207566665282122
knn_emb_full_std,spec_i,4.2,235,0.011038497117863246,0.011966202417055675,-0.010439075444551167,0.03737193532584825,0.03352929917259,0.361,8,0.04207566665282122
knn_emb_full_std,sign_i,4.1,235,0.0028126414456268803,0.06116388018742894,-0.10725482899947057,0.12964773998027218,0.1713811922851759,0.9625,5,0.006925346145814217
knn_emb_full_std,sign_i,4.2,235,0.014532083962825753,0.06547817781393246,-0.10106914794308394,0.15414780416700424,0.18346985423463877,0.8127,5,0.006925346145814217
knn_emb_full_std,trans_i,4.1,235,0.007562903728645617,0.019818124560340704,-0.03525716100952926,0.04243073635576316,0.055530385018074654,0.6593,6,0.03221993822000455
knn_emb_full_std,trans_i,4.2,235,0.005858963315477069,0.0190830266689124,-0.03257702163155748,0.042047721531795354,0.05347064072629255,0.7329,6,0.03221993822000455
knn_emb_delta_mean,spec_i,4.1,235,0.010298099991693437,0.010652809767122804,-0.018595579803140493,0.02608817149818415,0.029849172967478098,0.3814,8,-0.005867877006392311
knn_emb_delta_mean,spec_i,4.2,235,0.00769213232150406,0.011687694326547166,-0.01637558022238114,0.02912729345326278,0.03274891950298516,0.5126,8,-0.005867877006392311
knn_emb_delta_mean,sign_i,4.1,235,0.07970159736055192,0.05628362748152553,-0.06720060940388764,0.16647841575445566,0.15770672420323453,0.1963,8,-0.03743745874333386
knn_emb_delta_mean,sign_i,4.2,235,0.05417830704326236,0.05102413510915263,-0.07967947000728788,0.13060616518741153,0.14296962657584567,0.3747,8,-0.03743745874333386
knn_emb_delta_mean,trans_i,4.1,235,-0.017019292800760814,0.022556582000081614,-0.057003523637306194,0.03256885048980537,0.06320354276422868,0.312,8,0.003174945035210784
knn_emb_delta_mean,trans_i,4.2,235,-0.01428057012755772,0.02295162017717003,-0.051187984923940465,0.042417546468780945,0.06431043973643043,0.416,8,0.003174945035210784
knn_emb_delta_max,spec_i,4.1,235,0.013424356239084816,0.011310475849427919,-0.01706740713949828,0.030388175882191826,0.03169195333009703,0.2522,8,0.022199692750921922
knn_emb_delta_max,spec_i,4.2,235,0.012093674174504925,0.011064950376639113,-0.015058246845278254,0.029653129610331026,0.031003990955342793,0.3063,8,0.022199692750921922
knn_emb_delta_max,sign_i,4.1,235,0.030407168696228382,0.07377258805008105,-0.15269609687319163,0.1493878755540781,0.2067107917163271,0.6194,6,-0.045473140414341556
knn_emb_delta_max,sign_i,4.2,235,0.015403930389155407,0.06695997635408783,-0.15841070392056572,0.11787977142469072,0.1876218537441541,0.807,5,-0.045473140414341556
knn_emb_delta_max,trans_i,4.1,235,-0.005616816149764983,0.01881912063381861,-0.04191816221387452,0.03099210301579604,0.052731176015959745,0.7386,5,0.03203808574860878
knn_emb_delta_max,trans_i,4.2,235,-0.0034342819674235536,0.018332812880852416,-0.03679694204425797,0.03450349596427834,0.05136854169214847,0.8475,5,0.03203808574860878
knn_emb_delta_min,spec_i,4.1,235,0.00967499961371239,0.012123197326545349,-0.01268140268461611,0.03318918004088196,0.033969198908980064,0.4133,8,0.02449956944706723
knn_emb_delta_min,spec_i,4.2,235,0.006751633109499506,0.01363150559993724,-0.01667415225989476,0.03609458255476209,0.038195478691024146,0.578,7,0.02449956944706723
knn_emb_delta_min,sign_i,4.1,235,0.11625191009977662,0.0504877791881218,-0.008129812896130113,0.19461919212321488,0.1414667572851173,0.0565,8,0.034341826974712886
knn_emb_delta_min,sign_i,4.2,235,0.09160897989754457,0.053127822126535273,-0.027247557887201526,0.18244366718379,0.14886415759855184,0.1363,8,0.034341826974712886
knn_emb_delta_min,trans_i,4.1,235,-0.01739569859060973,0.02103224135619116,-0.06350505404484548,0.01900730376608622,0.05893234028004763,0.3063,8,0.002240868785315063
knn_emb_delta_min,trans_i,4.2,235,-0.015865564283751233,0.021650899532434483,-0.05715060807140125,0.02648129952784695,0.06066582048988142,0.3571,8,0.002240868785315063
knn_emb_delta_std,spec_i,4.1,235,0.0026430334033745225,0.007077997882834303,-0.01750169696495809,0.013032787542527654,0.019832550067701717,0.8244,6,0.0054590882875732855
knn_emb_delta_std,spec_i,4.2,235,0.004237845337014231,0.008138724681783656,-0.016990631478690916,0.016475316269135048,0.022804706558357802,0.7162,8,0.0054590882875732855
knn_emb_delta_std,sign_i,4.1,235,-0.07920746201427806,0.04129649861860857,-0.14846073199352247,0.017833828468958594,0.11571278912934121,0.1967,8,-0.05280664485800543
knn_emb_delta_std,sign_i,4.2,235,-0.06679999327771777,0.04400740560395532,-0.1365796257350158,0.04352214213370049,0.12330875050228282,0.2771,8,-0.05280664485800543
knn_emb_delta_std,trans_i,4.1,235,0.012995034571461275,0.015692715435951486,-0.020782055554326967,0.04053566840350487,0.043970988651536064,0.4411,8,0.04541936273001199
knn_emb_delta_std,trans_i,4.2,235,0.013834967486288688,0.017343754049795164,-0.02181864832792103,0.045631659052740955,0.04859719884752605,0.4141,8,0.04541936273001199
nxa_emb_fb_mean,spec_i,4.1,235,0.012677580565310636,0.011992432724757307,-0.006187649290187867,0.04231378996147808,0.03360279649476997,0.286,8,0.04260184548170004
nxa_emb_fb_mean,spec_i,4.2,235,0.013719801502198347,0.01205939420653151,-0.005121790304663039,0.04423900805089254,0.03379042256670129,0.2448,8,0.04260184548170004
nxa_emb_fb_mean,sign_i,4.1,235,0.07076384695163224,0.03555141566032793,-0.004731946101120882,0.13207002994913306,0.09961506668023885,0.2502,8,0.055204306719056975
nxa_emb_fb_mean,sign_i,4.2,235,0.05924958177417807,0.04011633256173744,-0.007563054558217891,0.1495422033180987,0.1124059638379883,0.3373,8,0.055204306719056975
nxa_emb_fb_mean,trans_i,4.1,235,0.00812682089371651,0.017622033902539785,-0.03715682297434789,0.03446879470637911,0.04937693899491648,0.6341,7,0.059232452898774955
nxa_emb_fb_mean,trans_i,4.2,235,0.005660400661654087,0.01756960794363487,-0.042611590507412686,0.030878143382183226,0.0492300414580649,0.744,7,0.059232452898774955
nxa_emb_fb_max,spec_i,4.1,235,0.007596099986238589,0.013623625510979993,-0.012766941942150865,0.043047872673101825,0.03817339868176594,0.5189,7,-0.003407909507060626
nxa_emb_fb_max,spec_i,4.2,235,0.008857895580971614,0.012714676269658647,-0.010237663035726919,0.04247186064725236,0.03562652290758353,0.4564,7,-0.003407909507060626
nxa_emb_fb_max,sign_i,4.1,235,-0.003233453922423024,0.037686903499692406,-0.07355057767323489,0.0717199857177505,0.10559870360613813,0.9591,4,-0.03504264095918255
nxa_emb_fb_max,sign_i,4.2,235,0.0005861319350363523,0.03447694983450545,-0.06515124933534377,0.06764309119742894,0.09660441343628427,0.9922,4,-0.03504264095918255
nxa_emb_fb_max,trans_i,4.1,235,0.0068158090534567945,0.014427664821804133,-0.016210190645365847,0.04354491863972995,0.04042631683069518,0.6866,7,0.06366171812043715
nxa_emb_fb_max,trans_i,4.2,235,0.005216380451480729,0.013743858723455585,-0.01615566775591765,0.04133356696166835,0.03851029214312255,0.7576,6,0.06366171812043715
nxa_emb_fb_min,spec_i,4.1,235,0.022706189261479538,0.009685256153020457,0.00198467428087864,0.03978599052272915,0.02713808774076332,0.0532,8,0.12246089361524168
nxa_emb_fb_min,spec_i,4.2,235,0.022880717441974244,0.011135848958232218,0.0019162199320814726,0.04540431542248629,0.031202648780966676,0.0509,8,0.12246089361524168
nxa_emb_fb_min,sign_i,4.1,235,0.16235264036794814,0.03885156540702051,0.0996878510893483,0.2515661898930082,0.10886208627047148,0.0072,8,0.18059613362779536
nxa_emb_fb_min,sign_i,4.2,235,0.14716225999921617,0.05211812050643285,0.06291278626958946,0.26934413783551286,0.14603497365902485,0.0155,8,0.18059613362779536
nxa_emb_fb_min,trans_i,4.1,235,0.006376566822799346,0.022795540745622726,-0.05207208905364484,0.04144069557183592,0.06387310516923488,0.7057,6,0.032750299853831405
nxa_emb_fb_min,trans_i,4.2,235,0.004910072767046969,0.02473409181937808,-0.05743875643497622,0.04354439933856702,0.06930492527789738,0.7768,4,0.032750299853831405
nxa_emb_fb_std,spec_i,4.1,235,-0.013162747797384092,0.01045511309743951,-0.033576309390077615,0.006979666285268444,0.029295226899025507,0.2611,8,-0.11936855202020072
nxa_emb_fb_std,spec_i,4.2,235,-0.011534663118394942,0.01178207906792787,-0.0379800253928534,0.008171934651329349,0.03301338554833389,0.323,8,-0.11936855202020072
nxa_emb_fb_std,sign_i,4.1,235,-0.13429380542231334,0.038195468092166555,-0.22038014641821496,-0.06951562937318143,0.10702370159425069,0.0267,8,-0.18057616971197984
nxa_emb_fb_std,sign_i,4.2,235,-0.11325114440703425,0.0475395666362785,-0.2226892280332584,-0.0326186554399538,0.13320586571485235,0.0669,8,-0.18057616971197984
nxa_emb_fb_std,trans_i,4.1,235,-0.0008600218386316397,0.022539705183443736,-0.04469795011749634,0.04404336267899352,0.06315625392400935,0.9622,5,-0.013756381334923566
nxa_emb_fb_std,trans_i,4.2,235,-0.0007825826063711928,0.024549189808711035,-0.044730967637185697,0.050895549263159756,0.06878682984400832,0.9632,5,-0.013756381334923566
nxa_emb_full_mean,spec_i,4.1,234,0.01088467057079149,0.012520178798525754,-0.011487865593252914,0.03852618793184353,0.03508154099346916,0.36,8,-0.004168359847919509
nxa_emb_full_mean,spec_i,4.2,234,0.009709733992246726,0.012189363590304307,-0.011176273708643873,0.03898617599292623,0.034154596780032666,0.4152,7,-0.004168359847919509
nxa_emb_full_mean,sign_i,4.1,234,0.03794129254681721,0.057814708665731566,-0.081559921978654,0.1473673959283091,0.16199681368137986,0.5322,8,-0.029002762293629872
nxa_emb_full_mean,sign_i,4.2,234,0.03757419203718674,0.05625461208680241,-0.07159701230939781,0.1475120757358426,0.15762542306722035,0.5394,7,-0.029002762293629872
nxa_emb_full_mean,trans_i,4.1,234,-0.022934206317752517,0.014443121260588524,-0.05255989618662078,0.0035775713268439598,0.040469625772169046,0.1746,8,-0.029304514379212353
nxa_emb_full_mean,trans_i,4.2,234,-0.020309663973991032,0.0145361183053875,-0.05002408992180495,0.006374377879697106,0.04073020349169578,0.249,8,-0.029304514379212353
nxa_emb_full_max,spec_i,4.1,234,0.013317867583846399,0.010267110594857088,-0.0032059993645043405,0.03861870595687126,0.028768443886789563,0.2637,8,-0.02405911432690965
nxa_emb_full_max,spec_i,4.2,234,0.012495818887286701,0.009237008710346672,-0.0035227448295283956,0.032973597878760426,0.025882098406391375,0.2967,8,-0.02405911432690965
nxa_emb_full_max,sign_i,4.1,234,0.03398426913331626,0.04973676244579152,-0.041420488266367066,0.1671217887351298,0.13936240837310784,0.5738,7,-0.04970499541775801
nxa_emb_full_max,sign_i,4.2,234,0.02584965970297953,0.041034029193480266,-0.04434318990889805,0.11721097863937432,0.1149773498001317,0.6729,7,-0.04970499541775801
nxa_emb_full_max,trans_i,4.1,234,-0.01987813718400651,0.013053297951669799,-0.047016152512456534,0.004275128800532627,0.03657534086057878,0.2477,8,0.045056176708213144
nxa_emb_full_max,trans_i,4.2,234,-0.01751702615983127,0.012835937121924856,-0.042997825032992425,0.006181297119102911,0.035966295815633445,0.31,8,0.045056176708213144
nxa_emb_full_min,spec_i,4.1,234,0.005669362221244039,0.014434172238978223,-0.02412487464526357,0.03301186150420474,0.04044455061361698,0.6354,7,-0.00034493978022816923
nxa_emb_full_min,spec_i,4.2,234,0.005097922699510726,0.015378399582358857,-0.026949007066119985,0.03384051648554275,0.04309027562976952,0.6686,7,-0.00034493978022816923
nxa_emb_full_min,sign_i,4.1,234,0.04136700688044821,0.07290258590682344,-0.1399724506519688,0.158915695018904,0.20427304571091928,0.5013,8,-0.005346670483370675
nxa_emb_full_min,sign_i,4.2,234,0.050934514659564986,0.0781958094878218,-0.1358856772772306,0.17842539290327966,0.2191046581848767,0.4132,8,-0.005346670483370675
nxa_emb_full_min,trans_i,4.1,234,-0.013931497897715119,0.017866113951395708,-0.04610589474917923,0.02389637596227012,0.05006085129181077,0.4083,8,-0.06570166909576937
nxa_emb_full_min,trans_i,4.2,234,-0.012187028574028282,0.018903862864469666,-0.04512489650061485,0.02908981635977909,0.052968623746244003,0.479,8,-0.06570166909576937
nxa_emb_full_std,spec_i,4.1,234,0.001962228532773588,0.013040846633177833,-0.020618117686005914,0.03105102242464434,0.036540452266164286,0.8646,5,-0.004564819253385866
nxa_emb_full_std,spec_i,4.2,234,0.0019487580472081132,0.014032149323740044,-0.021684340530888014,0.03354484452522017,0.0393180824051196,0.8627,5,-0.004564819253385866
nxa_emb_full_std,sign_i,4.1,234,-0.029692441208625603,0.06377852786310806,-0.13249710898726105,0.12501117944879792,0.17870743507242878,0.6251,7,-0.03534272699236826
nxa_emb_full_std,sign_i,4.2,234,-0.04287415097540854,0.07034003226889697,-0.15517865624840246,0.12864453961292155,0.19709277041744933,0.4882,8,-0.03534272699236826
nxa_emb_full_std,trans_i,4.1,234,0.00019196588682588757,0.01971210261136108,-0.046806668627814886,0.03193716661810668,0.05523331151703374,0.9897,4,0.03586362734287438
nxa_emb_full_std,trans_i,4.2,234,-7.243401102549163e-05,0.02064822247472232,-0.04943387092614543,0.032480833462925,0.05785631937417195,0.9972,4,0.03586362734287438
nxa_emb_delta_mean,spec_i,4.1,234,0.013756844473341426,0.006986223611641154,0.0008025003300963021,0.02842241292369706,0.019575398559818515,0.2384,8,0.046780562831103906
nxa_emb_delta_mean,spec_i,4.2,234,0.01302526307297083,0.007529158596594808,0.001530769835446184,0.033178721577920664,0.02109670238765865,0.2727,8,0.046780562831103906
nxa_emb_delta_mean,sign_i,4.1,234,0.06469469912724507,0.05175898981854866,-0.04298619891352968,0.1600483072549292,0.14502868947157335,0.2898,8,0.028656514876330207
nxa_emb_delta_mean,sign_i,4.2,234,0.06963062091342319,0.05590308903899241,-0.036534826999134455,0.1810465883927074,0.15664045548725675,0.2523,8,0.028656514876330207
nxa_emb_delta_mean,trans_i,4.1,234,-0.02568861076112359,0.01354395596289912,-0.05084686949433567,0.0019649082985365527,0.03795016460804333,0.1323,8,-0.07531109957568337
nxa_emb_delta_mean,trans_i,4.2,234,-0.020937317823666632,0.012709183035820984,-0.04303422798412255,0.007692665974988437,0.0356111308663704,0.221,8,-0.07531109957568337
nxa_emb_delta_max,spec_i,4.1,234,0.012335661188695533,0.009786954382056718,-0.00413947290479766,0.034319904892177816,0.027423046178522925,0.2926,8,0.0259321926348925
nxa_emb_delta_max,spec_i,4.2,234,0.011676842753053416,0.00989798029888372,-0.0047891756104560075,0.03497819048683193,0.027734140797472186,0.3313,8,0.0259321926348925
nxa_emb_delta_max,sign_i,4.1,234,0.07597481231875583,0.0452521063352422,0.007025184113651807,0.19460913338795044,0.12679640195134864,0.2155,8,0.025647839557907386
nxa_emb_delta_max,sign_i,4.2,234,0.07066280562490401,0.04372772943604794,-0.0019039710893960326,0.17522543592183268,0.12252509787980634,0.2609,8,0.025647839557907386
nxa_emb_delta_max,trans_i,4.1,234,-0.02489851318229882,0.015083533573617702,-0.05381310254601619,0.005235198546537574,0.0422640610732768,0.1418,8,0.044974577986556616
nxa_emb_delta_max,trans_i,4.2,234,-0.021886545026163655,0.015342337942024265,-0.05109712974320115,0.009022009520609837,0.042989230913551994,0.205,8,0.044974577986556616
nxa_emb_delta_min,spec_i,4.1,234,0.007756694316271352,0.013306639788215129,-0.025189187522127825,0.028646858311758235,0.03728520468657879,0.5066,7,0.006465037148562586
nxa_emb_delta_min,spec_i,4.2,234,0.006528385298384275,0.015050772076332689,-0.028717582449728513,0.031056265966762215,0.042172263357884196,0.5912,7,0.006465037148562586
nxa_emb_delta_min,sign_i,4.1,234,0.048503695380940105,0.08955979555638811,-0.17237159995790782,0.18764686075572684,0.2509465471489995,0.425,7,0.006593927011838668
nxa_emb_delta_min,sign_i,4.2,234,0.05509362521296296,0.10007787426576062,-0.1732077866994943,0.2187990260497609,0.28041820369266124,0.3691,7,0.006593927011838668
nxa_emb_delta_min,trans_i,4.1,234,-0.015366433320297076,0.016996949136216823,-0.04764190507993223,0.018874718067581724,0.04762545147967954,0.3716,8,-0.08166175805275898
nxa_emb_delta_min,trans_i,4.2,234,-0.011729939039345378,0.017423633261560722,-0.042391359712966176,0.026066593858619425,0.04882102039889314,0.4982,8,-0.08166175805275898
nxa_emb_delta_std,spec_i,4.1,234,0.001034539779074248,0.01642827351751162,-0.023600155349689417,0.04400419210070453,0.04603202239606756,0.9272,5,0.014730506862619334
nxa_emb_delta_std,spec_i,4.2,234,0.0021425013517050633,0.017325406014181408,-0.023329160254512676,0.04813600520930499,0.048545787651736304,0.8538,5,0.014730506862619334
nxa_emb_delta_std,sign_i,4.1,234,-0.001102454637097506,0.09131856962752176,-0.15486976194599558,0.20629371619183973,0.25587463209631595,0.9858,3,-0.011211245330650599
nxa_emb_delta_std,sign_i,4.2,234,-0.005407196666088408,0.09783003075027838,-0.1671986777002825,0.2167758328749213,0.27411974616228,0.927,5,-0.011211245330650599
nxa_emb_delta_std,trans_i,4.1,234,-0.0025185342564107475,0.020128683200162104,-0.05025115336779967,0.030312299790585116,0.056400570326854214,0.8862,5,0.03639659014253334
nxa_emb_delta_std,trans_i,4.2,234,-0.0044661419363414365,0.020493604696490985,-0.05551252546078038,0.026924570546836692,0.05742308035956774,0.7974,6,0.03639659014253334
fm_f1_share,spec_i,4.1,243,0.013292644450608463,0.026854077290852464,-0.044356309331108575,0.050967394011505594,0.0752451245689686,0.5017,6,0.0982651870995771
fm_f1_share,spec_i,4.2,243,0.014028376402456846,0.02746573453406401,-0.04789588814580991,0.04943200880588799,0.07695898816444736,0.4737,6,0.0982651870995771
fm_f1_share,sign_i,4.1,243,0.0392693676924199,0.11411329954191211,-0.21259651614059927,0.19173517735330556,0.31974546531643777,0.6889,6,0.054722399434113056
fm_f1_share,sign_i,4.2,243,0.043604249521704684,0.12317294281666186,-0.23623305157552305,0.21404621451289282,0.3451305857722865,0.6614,6,0.054722399434113056
fm_f1_share,trans_i,4.1,243,-0.02092108830959178,0.013504357334046,-0.050042673203014996,0.0029309791128202755,0.0378392092499969,0.4368,8,-0.09529486631509382
fm_f1_share,trans_i,4.2,243,-0.016608321932518717,0.01718892397139883,-0.05252223108762861,0.01357443641788664,0.04816336496785953,0.5335,7,-0.09529486631509382
fm_f2_share,spec_i,4.1,243,-0.007357690510259423,0.005608358794578529,-0.018583555510341368,0.003467042434773541,0.015714621342409037,0.5322,8,-0.029653359928000424
fm_f2_share,spec_i,4.2,243,-0.009317660905461753,0.01143024633454713,-0.03175226379358572,0.012483307965170705,0.032027550229401056,0.4241,8,-0.029653359928000424
fm_f2_share,sign_i,4.1,243,-0.025931892487475277,0.0518295646278715,-0.12224252237033262,0.08295579913961756,0.14522644008729593,0.6669,8,-0.02020892489207636
fm_f2_share,sign_i,4.2,243,-0.056950661697727445,0.0727129871252566,-0.19791938894159541,0.08480673999466495,0.203741789924969,0.3514,8,-0.02020892489207636
fm_f2_share,trans_i,4.1,243,0.01600065789067677,0.01654047119714902,-0.011883043258669882,0.05313481889252553,0.046346400294411554,0.34,8,0.04940420484712527
fm_f2_share,trans_i,4.2,243,0.007158825162902812,0.015388266050830034,-0.018681749586645178,0.04250581696872668,0.04311792147442576,0.6706,7,0.04940420484712527
fm_f3_share,spec_i,4.1,243,0.011029082263135702,0.01202482732939668,-0.013532176854187547,0.03371106373783193,0.033693566176969496,0.3448,8,0.04685706312489549
fm_f3_share,spec_i,4.2,243,0.011779090225236625,0.013387818231732972,-0.01106353448459889,0.041006262045237614,0.03751266668531579,0.315,7,0.04685706312489549
fm_f3_share,sign_i,4.1,243,0.07268178833137819,0.05769143618255645,-0.06998008129712051,0.1664649546636878,0.16165140418352317,0.2316,8,0.06562776229031575
fm_f3_share,sign_i,4.2,243,0.07813343248427872,0.05798258275695046,-0.04517887778057845,0.18100356759212768,0.16246719688497518,0.2084,8,0.06562776229031575
fm_f3_share,trans_i,4.1,243,-0.004929006644858213,0.0185202982315107,-0.03903602503841042,0.03345457535759506,0.051893875644692986,0.7706,5,-0.024834751741903714
fm_f3_share,trans_i,4.2,243,0.002946121119156749,0.018318577593082204,-0.03243564595903914,0.03930401395955945,0.051328654415816334,0.8611,4,-0.024834751741903714
signov_mean,spec_i,4.1,242,0.032260711801372736,0.021734057737639305,-3.498007079947214e-15,0.06304257051255377,0.06089882978086533,0.1869,8,0.16679815464042916
signov_mean,spec_i,4.2,242,0.032280550452206645,0.024450510052803298,-2.1938614119809685e-14,0.0794854662605892,0.06851032916795484,0.1867,8,0.16679815464042916
signov_mean,sign_i,4.1,242,0.152601966867447,0.07167366939027753,-2.3662395769063584e-14,0.24361751160191616,0.20082962163155763,0.2304,8,0.13540982633320997
signov_mean,sign_i,4.2,242,0.1444244274625038,0.06389031839978206,-3.7941871866564725e-14,0.2604478711930112,0.17902067215618933,0.2889,8,0.13540982633320997
signov_mean,trans_i,4.1,242,-0.053558241936884424,0.046497050632750614,-0.12360876739362892,0.008616697642300357,0.1302847358729672,0.0738,7,-0.12491144336341659
signov_mean,trans_i,4.2,242,-0.046982916667972094,0.049028906252925726,-0.13883230031356777,0.009728987502765588,0.1373789953206979,0.0969,7,-0.12491144336341659
signov_max,spec_i,4.1,242,0.05922896582666075,0.028238787374777658,-1.0040200623637153e-15,0.06523985183599768,0.079125082224127,0.1501,8,0.28000389179831003
signov_max,spec_i,4.2,242,0.061599481720271985,0.031271149577993575,-1.1726730697603216e-14,0.09188023621639713,0.087621761117538,0.126,8,0.28000389179831003
signov_max,sign_i,4.1,242,0.23753984967226696,0.11255854889604225,2.477011651347283e-14,0.2674872671393852,0.3153890540067104,0.0286,8,0.20204037344055767
signov_max,sign_i,4.2,242,0.209494894728729,0.10147982729467213,9.186388543878202e-14,0.3248379002400678,0.2843464760796713,0.1841,8,0.20204037344055767
signov_max,trans_i,4.1,242,-0.11662353562451813,0.055304057457096004,-0.12945118437789982,-1.3038483801678256e-14,0.154961968994783,0.093,8,-0.30334489410925325
signov_max,trans_i,4.2,242,-0.10815148591294103,0.05370694094796313,-0.15729716533224977,3.819861094100929e-15,0.1504868485361927,0.0875,7,-0.30334489410925325
signov_min,spec_i,4.1,242,0.032260711801372674,0.021734057737639298,-3.4980070799472228e-15,0.06304257051255377,0.06089882978086531,0.1892,8,0.16679815464042916
signov_min,spec_i,4.2,242,0.032280550452206604,0.024450510052803295,-2.1938614119809685e-14,0.0794854662605892,0.06851032916795484,0.1846,8,0.16679815464042916
signov_min,sign_i,4.1,242,0.15260196686744654,0.07167366939027753,-2.3662395769063694e-14,0.24361751160191616,0.20082962163155763,0.2301,8,0.13540982633320997
signov_min,sign_i,4.2,242,0.14442442746250364,0.06389031839978207,-4.1723604536296635e-14,0.26014062968466983,0.17902067215618936,0.2933,8,0.13540982633320997
signov_min,trans_i,4.1,242,-0.0535582419368842,0.0464970506327506,-0.12360876739362892,0.008616697642300197,0.13028473587296718,0.0729,7,-0.12491144336341659
signov_min,trans_i,4.2,242,-0.046982916667972004,0.049028906252925705,-0.13883230031356777,0.009728987502765468,0.13737899532069783,0.096,7,-0.12491144336341659
signov_std,spec_i,4.1,242,-0.005387011708389622,0.0032128329795121213,-0.012025958745461234,-8.727515293981089e-16,0.009002358008592963,0.8258,7,-0.053592417482548296
signov_std,spec_i,4.2,242,-0.005948814724105989,0.0030882691450891254,-0.015924738857324844,-1.9510123283902004e-13,0.00865333014453973,0.8544,8,-0.053592417482548296
signov_std,sign_i,4.1,242,-0.06682666999705235,0.03755129500352939,-0.12357548779996169,2.902365847656796e-14,0.10521872859988936,0.8876,8,-0.06877927922586229
signov_std,sign_i,4.2,242,-0.08694097836153217,0.04508507516053367,-0.13980697782176046,4.7552239923476236e-14,0.12632838059981535,0.8843,8,-0.06877927922586229
signov_std,trans_i,4.1,242,-0.008798784237772242,0.004617492714707262,-0.019080843589515745,-6.380139472295099e-14,0.012938214586609749,0.8539,8,-0.05352200738242007
signov_std,trans_i,4.2,242,-0.008221256699476142,0.005078553942640312,-0.0189300016337485,-2.08305594995295e-14,0.014230108147278153,0.8534,7,-0.05352200738242007
fix_mean,spec_i,4.1,242,0.007415082407135885,0.005350319217564501,-0.0029975677725657935,0.017696449518918123,0.014991594447615733,0.5197,8,0.04907271503869645
fix_mean,spec_i,4.2,242,0.011736825808638598,0.00625505279053872,0.0009357768446691787,0.025789459432306025,0.017526657919089493,0.3241,8,0.04907271503869645
fix_mean,sign_i,4.1,242,0.029554662593714927,0.038831186730899026,-0.03637453865970933,0.1210341851037429,0.10880498521997907,0.6227,7,0.04844469217323083
fix_mean,sign_i,4.2,242,0.07333145292320101,0.04886807163476992,-0.020464608541468275,0.16939058314459665,0.13692833672062532,0.2331,8,0.04844469217323083
fix_mean,trans_i,4.1,242,-0.009311135573305795,0.02137331404405836,-0.05849570000505637,0.02712599519204283,0.05988802595145152,0.5799,6,-0.03663656743209658
fix_mean,trans_i,4.2,242,-0.01534729874592052,0.020924785672947376,-0.061823969640425455,0.019516703220748336,0.05863124945559855,0.3633,7,-0.03663656743209658
fix_max,spec_i,4.1,242,0.002328308064304188,0.0049534207787565185,-0.00934451194170588,0.010690549329102015,0.013879485022075765,0.8471,8,0.026221157163459966
fix_max,spec_i,4.2,242,0.004580662563637142,0.00513237869997688,-0.006122704074997762,0.01433175287193569,0.014380925117335219,0.6923,8,0.026221157163459966
fix_max,sign_i,4.1,242,-2.0160110813863263e-06,0.03948296375460233,-0.07332660790625332,0.07942034818138734,0.11063126444039573,1.0,4,0.013194867248383035
fix_max,sign_i,4.2,242,0.019263078820445707,0.04007228463144276,-0.05691736360736655,0.09853816921232496,0.11228254153730262,0.7486,6,0.013194867248383035
fix_max,trans_i,4.1,242,-0.01826519808217127,0.02225830822116446,-0.06421429315241164,0.02260760505295737,0.062367779635702815,0.275,8,-0.058741508554140176
fix_max,trans_i,4.2,242,-0.022517065157721422,0.02132658534508491,-0.06817386663627971,0.015296988483422943,0.05975709213692792,0.1824,8,-0.058741508554140176
fix_min,spec_i,4.1,242,0.010217516180527287,0.007493677353295293,-0.011812006173527312,0.020460856811391287,0.020997283943933413,0.3811,8,0.011577271582920616
fix_min,spec_i,4.2,242,0.01582219804198078,0.008076246819649469,-0.0061478343180066146,0.027820680381390326,0.02262964358865781,0.1812,8,0.011577271582920616
fix_min,sign_i,4.1,242,0.03494414952888153,0.04548020458245411,-0.06285138409470911,0.11350669313333651,0.12743553324003642,0.5646,8,0.02074439490837697
fix_min,sign_i,4.2,242,0.0919932676641878,0.05963728403592636,-0.033169888224953495,0.19925998546551824,0.16710366986866565,0.137,8,0.02074439490837697
fix_min,trans_i,4.1,242,-0.0012254888723700766,0.018459454452009135,-0.0492820049953637,0.028521223505528107,0.051723391374529595,0.9428,6,0.0009653939268739614
fix_min,trans_i,4.2,242,-0.005892124498459453,0.020332517951591664,-0.04631381672667055,0.033576940361337466,0.05697171530035985,0.7341,6,0.0009653939268739614
fix_std,spec_i,4.1,242,-0.007421976203202875,0.006574198398656662,-0.02070318711023889,0.005140460882710096,0.01842090391303597,0.5239,8,-0.015489625507900322
fix_std,spec_i,4.2,242,-0.006857729655687463,0.0060077941354942915,-0.0193180187665785,0.004301771261908649,0.016833839167655004,0.5652,8,-0.015489625507900322
fix_std,sign_i,4.1,242,-0.04679259343992345,0.04143622594385481,-0.15625423340259428,0.016622996150887148,0.11610430509468117,0.4436,8,-0.040890520478307046
fix_std,sign_i,4.2,242,-0.05263535960845534,0.043294186112110715,-0.17912014977649449,0.008632029794372442,0.12131030948613422,0.3896,8,-0.040890520478307046
fix_std,trans_i,4.1,242,-0.02301067089942603,0.017106482364341695,-0.05840530170718746,0.008999070295330786,0.04793236358488543,0.169,8,-0.060524083487041636
fix_std,trans_i,4.2,242,-0.024763469436620868,0.018651349486423382,-0.062160470298356474,0.01152248083134046,0.05226108126095832,0.1501,8,-0.060524083487041636
cofail_mean,spec_i,4.1,165,-0.034547289233985284,0.023685786757249187,-0.07146674983015064,2.7895260762285034e-15,0.06636757449381223,0.2116,8,-0.2105172777429758
cofail_mean,spec_i,4.2,165,-0.032195875488339576,0.022509072263457285,-0.07360386002495656,4.977355333446454e-15,0.06307042048220732,0.2475,8,-0.2105172777429758
cofail_mean,sign_i,4.1,165,-0.16252952529702003,0.07501732539476032,-0.2661259536312945,5.954958748333183e-14,0.2101985457561184,0.4442,8,-0.1672596819798488
cofail_mean,sign_i,4.2,165,-0.14639750141612518,0.06144077476301307,-0.2576634683972886,-1.4377388168895777e-13,0.17215705088596264,0.4636,8,-0.1672596819798488
cofail_mean,trans_i,4.1,165,0.06484391830047245,0.0578929190970633,-0.00919381713656325,0.15194699759567742,0.16221595930997137,0.0615,7,0.15263509173933354
cofail_mean,trans_i,4.2,165,0.05363114043417473,0.05307142980414761,-0.005283483765718424,0.15396722372038768,0.14870614631122162,0.0866,7,0.15263509173933354
cofail_max,spec_i,4.1,165,-0.034547289233985284,0.023685786757249187,-0.07146674983015064,2.7895260762285034e-15,0.06636757449381223,0.2163,8,-0.2105172777429758
cofail_max,spec_i,4.2,165,-0.032195875488339576,0.022509072263457285,-0.07360386002495656,4.977355333446454e-15,0.06307042048220732,0.2461,8,-0.2105172777429758
cofail_max,sign_i,4.1,165,-0.16252952529702003,0.07501732539476032,-0.2661259536312945,5.954958748333183e-14,0.2101985457561184,0.4439,8,-0.1672596819798488
cofail_max,sign_i,4.2,165,-0.14639750141612518,0.06144077476301307,-0.2576634683972886,-1.4377388168895777e-13,0.17215705088596264,0.4613,8,-0.1672596819798488
cofail_max,trans_i,4.1,165,0.06484391830047245,0.0578929190970633,-0.00919381713656325,0.15194699759567742,0.16221595930997137,0.0651,7,0.15263509173933354
cofail_max,trans_i,4.2,165,0.05363114043417473,0.05307142980414761,-0.005283483765718424,0.15396722372038768,0.14870614631122162,0.0835,7,0.15263509173933354
cofail_min,spec_i,4.1,165,-0.034547289233985284,0.023685786757249187,-0.07146674983015064,2.7895260762285034e-15,0.06636757449381223,0.2116,8,-0.2105172777429758
cofail_min,spec_i,4.2,165,-0.032195875488339576,0.022509072263457285,-0.07360386002495656,4.977355333446454e-15,0.06307042048220732,0.2378,8,-0.2105172777429758
cofail_min,sign_i,4.1,165,-0.16252952529702003,0.07501732539476032,-0.2661259536312945,5.954958748333183e-14,0.2101985457561184,0.4554,8,-0.1672596819798488
cofail_min,sign_i,4.2,165,-0.14639750141612518,0.06144077476301307,-0.2576634683972886,-1.4377388168895777e-13,0.17215705088596264,0.4672,8,-0.1672596819798488
cofail_min,trans_i,4.1,165,0.06484391830047245,0.0578929190970633,-0.00919381713656325,0.15194699759567742,0.16221595930997137,0.0637,7,0.15263509173933354
cofail_min,trans_i,4.2,165,0.05363114043417473,0.05307142980414761,-0.005283483765718424,0.15396722372038768,0.14870614631122162,0.0879,7,0.15263509173933354
